ID,TransmissionRatio,Transmission,INEvTransmission,FilterUsed,Nodes,EventSkew,EventNodeRatio,WorkloadSize,NumberProjections,MinimalSelectivity,MedianSelectivity,CombigenComputationTime,Efficiency,PlacementComputationTime,centralHopLatency,Depth,CentralTransmission,LowerBound,EventTypes,MaximumParents,exact_costs,TransmissionRatioOperatorPlacement,TransmissionRatioCentral,PushPullTime,MaxPushPullLatency
1758289,1.0,227663.0,227663.0,[],50,1.3,0.5,10,10,0.1,0.09383499383321861,0.04,5.38,0.95,5,0.5,227663.0,0.0,5,1,82631.99726774581,0.3629575173293237,0.3629575173293237,0.05267834663391113,15
8156231,1.0,264008.0,264008.0,[],50,1.3,0.5,10,8,0.1,0.0809972231417571,0.07,5.46,0.75,5,0.5,264008.0,0.0,5,1,24319.604358882498,0.09211692205873495,0.09211692205873495,0.0572202205657959,15
6932978,1.0,257512.0,257512.0,[],50,1.3,0.5,10,9,0.1,0.062348970338065926,0.07,5.68,0.86,5,0.5,257512.0,0.0,5,1,35401.57737424894,0.13747544725779356,0.13747544725779356,0.05906248092651367,15
7471104,1.0,253695.0,253695.0,[],50,1.3,0.5,10,9,0.1,0.037937339292754835,0.05,5.42,0.82,5,0.5,253695.0,0.0,5,1,77294.51251676478,0.3046749542433425,0.3046749542433425,0.05772137641906738,15
4520332,1.0,198788.0,198788.0,[],50,1.3,0.5,10,8,0.1,0.08004038145752314,0.04,5.82,0.74,5,0.5,198788.0,0.0,5,1,15359.973331950932,0.07726811141492913,0.07726811141492913,0.02655649185180664,15
4496730,1.0,217024.0,217024.0,[],50,1.3,0.5,10,9,0.1,0.09052476095217685,0.05,5.5,1.0,5,0.5,217024.0,0.0,5,1,15601.097135238339,0.07188650626307845,0.07188650626307845,0.022813796997070312,15
9051306,1.0,272212.0,272212.0,[],50,1.3,0.5,10,9,0.1,1.0,0.07,5.06,0.87,5,0.5,272212.0,0.0,5,1,13568.378216868352,0.049844893747771415,0.049844893747771415,0.0556035041809082,15
261562,1.0,209430.0,209430.0,[],50,1.3,0.5,10,10,0.1,1.0,0.08,5.68,0.92,5,0.5,209430.0,0.0,5,1,26995.67174088211,0.12890069111818797,0.12890069111818797,0.05760693550109863,15
8738813,1.0,244790.0,244790.0,[],50,1.3,0.5,10,10,0.1,0.5480454083263036,0.06,5.800000000000001,0.94,5,0.5,244790.0,0.0,5,1,5492.0,0.022435557008047714,0.022435557008047714,0.015153646469116211,15
2402574,1.0,235862.0,235862.0,[],50,1.3,0.5,10,10,0.1,0.07437594612884559,0.09,5.78,1.41,5,0.5,235862.0,0.0,5,1,20957.263259954147,0.08885391991908043,0.08885391991908043,0.058233022689819336,15
2461300,1.0,252480.0,252480.0,[],50,1.3,0.5,10,10,0.1,0.5483562116757199,0.06,5.119999999999999,0.97,5,0.5,252480.0,0.0,5,1,5540.0,0.02194233206590621,0.02194233206590621,0.02156376838684082,15
2477222,1.0,186882.0,186882.0,[],50,1.3,0.5,10,10,0.1,0.0938447002256179,0.05,5.92,0.89,5,0.5,186882.0,0.0,5,1,21262.979716865477,0.113777569358555,0.113777569358555,0.022341012954711914,15
723366,1.0,265640.0,265640.0,[],50,1.3,0.5,10,10,0.1,0.07347696144549842,0.08,5.22,0.92,5,0.5,265640.0,0.0,5,1,4446.0,0.01673693720825177,0.01673693720825177,0.042986154556274414,15
6690005,1.0,251354.0,251354.0,[],50,1.3,0.5,10,9,0.1,0.08476532872293631,0.07,5.78,0.86,5,0.5,251354.0,0.0,5,1,114293.8049031654,0.4547124967303699,0.4547124967303699,0.019400835037231445,15
5252573,1.0,224576.0,224576.0,[],50,1.3,0.5,10,10,0.1,1.0,0.07,5.58,0.9,5,0.5,224576.0,0.0,5,1,10503.0,0.046768131946423486,0.046768131946423486,0.018689632415771484,15
5054418,1.0,268074.0,268074.0,[],50,1.3,0.5,10,9,0.1,0.5408426095538952,0.08,5.119999999999999,1.16,5,0.5,268074.0,0.0,5,1,92550.89340280028,0.3452438259689499,0.3452438259689499,0.06022930145263672,15
5695522,1.0,233986.0,233986.0,[],50,1.3,0.5,10,10,0.1,0.06261689421905413,0.06,5.58,0.91,5,0.5,233986.0,0.0,5,1,29110.95907312189,0.12441325153266387,0.12441325153266387,0.020383358001708984,15
9634817,1.0,249542.0,249542.0,[],50,1.3,0.5,10,9,0.1,0.07191553413253571,0.05,5.6,0.81,5,0.5,249542.0,0.0,5,1,34923.22819969058,0.1399492999162088,0.1399492999162088,0.014281749725341797,15
5056966,1.0,254720.0,254720.0,[],50,1.3,0.5,10,10,0.1,0.08347923126605594,0.06,5.78,0.95,5,0.5,254720.0,0.0,5,1,82441.72932903955,0.32365628662468415,0.32365628662468415,0.04894423484802246,15
5235333,1.0,238794.0,238794.0,[],50,1.3,0.5,10,9,0.1,0.08388410688928993,0.08,5.62,0.93,5,0.5,238794.0,0.0,5,1,52182.92509441524,0.21852695249635767,0.21852695249635767,0.02333688735961914,15
7285474,1.0,192501.0,192501.0,[],50,1.3,0.5,10,10,0.1,0.08661921815680523,0.03,5.74,1.07,5,0.5,192501.0,0.0,5,1,21277.88253140584,0.11053388050662512,0.11053388050662512,0.05571436882019043,15
4605284,1.0,245724.0,245724.0,[],50,1.3,0.5,10,10,0.1,1.0,0.04,5.68,0.93,5,0.5,245724.0,0.0,5,1,41289.10742935392,0.16803042205626606,0.16803042205626606,0.0335688591003418,15
908368,1.0,211986.0,211986.0,[],50,1.3,0.5,10,9,0.1,1.0,0.08,5.960000000000001,0.86,5,0.5,211986.0,0.0,5,1,8039.950396104936,0.03792679892117846,0.03792679892117846,0.026883840560913086,15
571360,1.0,224922.0,224922.0,[],50,1.3,0.5,10,10,0.1,0.089846802257743,0.07,5.14,0.92,5,0.5,224922.0,0.0,5,1,15656.831935032222,0.06961005119566882,0.06961005119566882,0.029212236404418945,15
3518503,1.0,255407.0,255407.0,[],50,1.3,0.5,10,9,0.1,0.06975413923304769,0.05,5.26,0.88,5,0.5,255407.0,0.0,5,1,39666.540545606884,0.15530717852528272,0.15530717852528272,0.034339189529418945,15
5130744,1.0,228008.0,228008.0,[],50,1.3,0.5,10,8,0.1,0.05718592456244817,0.07,6.06,0.76,5,0.5,228008.0,0.0,5,1,69810.57657619809,0.306175996351874,0.306175996351874,0.0542452335357666,15
3621556,1.0,244762.0,244762.0,[],50,1.3,0.5,10,10,0.1,0.06781038450216301,0.03,5.54,0.94,5,0.5,244762.0,0.0,5,1,40879.300762900806,0.16701653346067122,0.16701653346067122,0.08867311477661133,15
3236435,1.0,217622.0,217622.0,[],50,1.3,0.5,10,10,0.1,0.05373447879862271,0.09,5.52,0.9,5,0.5,217622.0,0.0,5,1,27976.145941637245,0.12855384998592626,0.12855384998592626,0.06005358695983887,15
6388653,1.0,212578.0,212578.0,[],50,1.3,0.5,10,9,0.1,0.06362710083706835,0.03,5.640000000000001,0.81,5,0.5,212578.0,0.0,5,1,72233.53028661423,0.33979776969683706,0.33979776969683706,0.025979042053222656,15
6945436,1.0,260852.0,260852.0,[],50,1.3,0.5,10,10,0.1,0.041797864548105024,0.06,5.32,0.94,5,0.5,260852.0,0.0,5,1,87211.09009883586,0.33433169037935634,0.33433169037935634,0.0851907730102539,15
1173263,1.0,273746.0,273746.0,[],50,1.3,0.5,10,9,0.1,0.06092287637534302,0.09,5.74,0.86,5,0.5,273746.0,0.0,5,1,16457.887957930066,0.060121017139721004,0.060121017139721004,0.11250782012939453,15
8288062,1.0,234660.0,234660.0,[],50,1.3,0.5,10,10,0.1,0.08121863658340601,0.08,5.92,0.96,5,0.5,234660.0,0.0,5,1,68419.67722052656,0.29156940774110013,0.29156940774110013,0.0785970687866211,15
2336398,1.0,247603.0,247603.0,[],50,1.3,0.5,10,10,0.1,0.055292171342758545,0.07,5.46,0.94,5,0.5,247603.0,0.0,5,1,116124.79046604023,0.468995894500633,0.468995894500633,0.13868451118469238,15
246253,1.0,210588.0,210588.0,[],50,1.3,0.5,10,9,0.1,0.549661474854048,0.06,5.74,0.85,5,0.5,210588.0,0.0,5,1,13696.86626497667,0.06504105772872466,0.06504105772872466,0.021619319915771484,15
6987943,1.0,242944.0,242944.0,[],50,1.3,0.5,10,10,0.1,0.058498151632768385,0.04,5.66,0.93,5,0.5,242944.0,0.0,5,1,48526.15783617703,0.19974215389627664,0.19974215389627664,0.06147575378417969,15
621339,1.0,264766.0,264766.0,[],50,1.3,0.5,10,9,0.1,0.09359356652547149,0.1,5.84,0.85,5,0.5,264766.0,0.0,5,1,6398.982906547943,0.024168446501997773,0.024168446501997773,0.026752710342407227,15
8376376,1.0,216718.0,216718.0,[],50,1.3,0.5,10,10,0.1,0.07467505390815986,0.06,6.18,1.06,5,0.5,216718.0,0.0,5,1,92588.24961763366,0.4272291624029091,0.4272291624029091,0.027750492095947266,15
704004,1.0,236850.0,236850.0,[],50,1.3,0.5,10,8,0.1,0.0709106955098674,0.06,5.62,0.74,5,0.5,236850.0,0.0,5,1,21704.411036162768,0.09163779200406488,0.09163779200406488,0.038619279861450195,15
3371772,1.0,282280.0,282280.0,[],50,1.3,0.5,10,8,0.1,0.08173731275729892,0.1,6.0,0.79,5,0.5,282280.0,0.0,5,1,70711.27416826344,0.2505004753020527,0.2505004753020527,0.058814048767089844,15
302276,1.0,240136.0,240136.0,[],50,1.3,0.5,10,9,0.1,0.0799654470987745,0.05,5.98,0.9,5,0.5,240136.0,0.0,5,1,29851.503469457864,0.12431082165713539,0.12431082165713539,0.05686044692993164,15
3611089,1.0,232429.0,232429.0,[],50,1.3,0.5,10,10,0.1,0.07873203732756223,0.05,5.66,1.0,5,0.5,232429.0,0.0,5,1,72163.10953161842,0.31047377707436863,0.31047377707436863,0.02787494659423828,15
6786397,1.0,238059.0,238059.0,[],50,1.3,0.5,10,10,0.1,0.045983000940107835,0.08,5.66,0.92,5,0.5,238059.0,0.0,5,1,64749.20917945272,0.2719880751387376,0.2719880751387376,0.06707620620727539,15
6532430,1.0,253492.0,253492.0,[],50,1.3,0.5,10,8,0.1,0.07039217545456411,0.05,5.6,0.77,5,0.5,253492.0,0.0,5,1,34986.54601363035,0.13801834382793285,0.13801834382793285,0.0175778865814209,15
3524406,1.0,246867.0,246867.0,[],50,1.3,0.5,10,9,0.1,0.5487146616043606,0.07,5.74,0.89,5,0.5,246867.0,0.0,5,1,30045.856189732614,0.12170867791050491,0.12170867791050491,0.02922224998474121,15
7622685,1.0,224922.0,224922.0,[],50,1.3,0.5,10,9,0.1,0.5182133096806861,0.07,5.54,0.84,5,0.5,224922.0,0.0,5,1,12400.211354101244,0.055131162599039864,0.055131162599039864,0.05975604057312012,15
638046,1.0,234800.0,234800.0,[],50,1.3,0.5,10,8,0.1,0.07276921457334327,0.06,5.84,0.76,5,0.5,234800.0,0.0,5,1,83472.24097861971,0.35550358168066315,0.35550358168066315,0.05124688148498535,15
9559802,1.0,239174.0,239174.0,[],50,1.3,0.5,10,9,0.1,0.08344347375141128,0.05,5.78,0.83,5,0.5,239174.0,0.0,5,1,84928.73487742613,0.35509183639286096,0.35509183639286096,0.05405163764953613,15
9265680,1.0,210991.0,210991.0,[],50,1.3,0.5,10,10,0.1,0.04596034509929969,0.05,5.84,0.93,5,0.5,210991.0,0.0,5,1,21898.274718112545,0.10378771946724052,0.10378771946724052,0.06943488121032715,15
2196423,1.0,227474.0,227474.0,[],50,1.3,0.5,10,10,0.1,0.07653246601885308,0.05,5.96,0.98,5,0.5,227474.0,0.0,5,1,70326.205189194,0.30916150939972925,0.30916150939972925,0.04975461959838867,15
4900135,1.0,252196.0,252196.0,[],50,1.3,0.5,10,8,0.1,0.09709644862362399,0.09,5.68,0.75,5,0.5,252196.0,0.0,5,1,88885.1230396433,0.3524446186285401,0.3524446186285401,0.051819801330566406,15
5637401,1.0,241400.0,241400.0,[],50,1.3,0.5,10,10,0.1,0.036664421544531006,0.04,5.6,1.0,5,0.5,241400.0,0.0,5,1,93443.45042707131,0.3870896869389864,0.3870896869389864,0.017729759216308594,15
5921469,1.0,234577.0,234577.0,[],50,1.3,0.5,10,10,0.1,0.05155850377952988,0.04,5.54,0.96,5,0.5,234577.0,0.0,5,1,39367.714867239905,0.16782427461873886,0.16782427461873886,0.056945085525512695,15
5307363,1.0,280126.0,280126.0,[],50,1.3,0.5,10,9,0.1,0.03387133560460999,0.08,5.38,0.88,5,0.5,280126.0,0.0,5,1,22030.462220310616,0.07864483204097662,0.07864483204097662,0.10095739364624023,15
4969597,1.0,258699.0,258699.0,[],50,1.3,0.5,10,10,0.1,0.542083157648877,0.09,5.6,0.93,5,0.5,258699.0,0.0,5,1,68718.34098590113,0.2656304855677878,0.2656304855677878,0.03233456611633301,15
7719734,1.0,218385.0,218385.0,[],50,1.3,0.5,10,10,0.1,0.08019403487501967,0.03,5.42,0.93,5,0.5,218385.0,0.0,5,1,9345.0,0.042791400508276664,0.042791400508276664,0.05091738700866699,15
804419,1.0,257591.0,257591.0,[],50,1.3,0.5,10,10,0.1,0.09140215910931875,0.06,5.9,0.93,5,0.5,257591.0,0.0,5,1,59778.616565671895,0.2320679548806903,0.2320679548806903,0.05737805366516113,15
3666445,1.0,236670.0,236670.0,[],50,1.3,0.5,10,9,0.1,0.5493865224848368,0.05,5.720000000000001,0.84,5,0.5,236670.0,0.0,5,1,83237.43880027696,0.3517025343316726,0.3517025343316726,0.030230283737182617,15
4273960,1.0,273680.0,273680.0,[],50,1.3,0.5,10,10,0.1,1.0,0.07,5.84,0.95,5,0.5,273680.0,0.0,5,1,63768.97491637175,0.233005608434565,0.233005608434565,0.058892250061035156,15
8817104,1.0,253492.0,253492.0,[],50,1.3,0.5,10,10,0.1,0.09376823381853272,0.08,5.92,0.92,5,0.5,253492.0,0.0,5,1,41293.15032293024,0.16289725246923076,0.16289725246923076,0.05627703666687012,15
7617462,1.0,224888.0,224888.0,[],50,1.3,0.5,10,10,0.1,0.08050664128383957,0.09,5.119999999999999,0.96,5,0.5,224888.0,0.0,5,1,52082.29267011699,0.23159213773130177,0.23159213773130177,0.025019407272338867,15
3335309,1.0,204658.0,204658.0,[],50,1.3,0.5,10,10,0.1,1.0,0.05,5.48,0.92,5,0.5,204658.0,0.0,5,1,5125.0,0.02504177701335887,0.02504177701335887,0.02222418785095215,0
8510327,1.0,247035.0,247035.0,[],50,1.3,0.5,10,10,0.1,0.08076547470924517,0.06,5.82,0.96,5,0.5,247035.0,0.0,5,1,75104.95902377978,0.30402557946760495,0.30402557946760495,0.05875086784362793,15
1623165,1.0,248405.0,248405.0,[],50,1.3,0.5,10,9,0.1,1.0,0.13,6.02,0.85,5,0.5,248405.0,0.0,5,1,34422.97849148982,0.1385760290311782,0.1385760290311782,0.05565476417541504,15
1280256,1.0,262682.0,262682.0,[],50,1.3,0.5,10,10,0.1,0.08937854210235366,0.06,5.7,0.95,5,0.5,262682.0,0.0,5,1,102780.50254814021,0.39127348865982525,0.39127348865982525,0.02881908416748047,15
6209921,1.0,279812.0,279812.0,[],50,1.3,0.5,10,10,0.1,1.0,0.09,5.720000000000001,0.94,5,0.5,279812.0,0.0,5,1,76460.32620731647,0.27325606552727,0.27325606552727,0.019402742385864258,15
9553765,1.0,244602.0,244602.0,[],50,1.3,0.5,10,9,0.1,0.030223292064969855,0.08,5.62,0.82,5,0.5,244602.0,0.0,5,1,38518.01831898377,0.15747221330563024,0.15747221330563024,0.07121729850769043,15
1808573,1.0,193911.0,193911.0,[],50,1.3,0.5,10,9,0.1,1.0,0.04,5.84,0.98,5,0.5,193911.0,0.0,5,1,77478.52222712092,0.39955712789434805,0.39955712789434805,0.022082805633544922,15
577366,1.0,195390.0,195390.0,[],50,1.3,0.5,10,9,0.1,0.08491136692279674,0.07,5.640000000000001,0.83,5,0.5,195390.0,0.0,5,1,61337.40876731054,0.31392296825482646,0.31392296825482646,0.03858828544616699,15
8950276,1.0,270172.0,270172.0,[],50,1.3,0.5,10,10,0.1,0.08567861315540698,0.1,5.640000000000001,0.98,5,0.5,270172.0,0.0,5,1,13915.761735359622,0.05150704638289542,0.05150704638289542,0.09211516380310059,15
5765625,1.0,226396.0,226396.0,[],50,1.3,0.5,10,8,0.1,0.5405476720290477,0.05,5.84,0.72,5,0.5,226396.0,0.0,5,1,79187.55022193381,0.34977451113064634,0.34977451113064634,0.017433881759643555,15
2759062,1.0,224930.0,224930.0,[],50,1.3,0.5,10,10,0.1,0.06612189855060331,0.05,5.94,0.99,5,0.5,224930.0,0.0,5,1,48675.650879810244,0.21640355168190212,0.21640355168190212,0.15330266952514648,15
9207731,1.0,208673.0,208673.0,[],50,1.3,0.5,10,9,0.1,0.04985604860221515,0.06,5.76,0.84,5,0.5,208673.0,0.0,5,1,29812.559745482857,0.14286735584135396,0.14286735584135396,0.09448885917663574,15
2953056,1.0,264320.0,264320.0,[],50,1.3,0.5,10,8,0.1,0.08396013352894839,0.07,5.76,0.78,5,0.5,264320.0,0.0,5,1,39601.848872465474,0.14982539676326223,0.14982539676326223,0.049043893814086914,15
4498838,1.0,254685.0,254685.0,[],50,1.3,0.5,10,8,0.1,0.5439276774388481,0.05,5.46,0.78,5,0.5,254685.0,0.0,5,1,31693.34431751314,0.12444134643780803,0.12444134643780803,0.02561020851135254,15
5109343,1.0,262658.0,262658.0,[],50,1.3,0.5,10,10,0.1,0.0522532565890759,0.09,5.52,0.92,5,0.5,262658.0,0.0,5,1,72116.1146864221,0.2745627952943451,0.2745627952943451,0.05234575271606445,15
3066692,1.0,212579.0,212579.0,[],50,1.3,0.5,10,10,0.1,1.0,0.06,5.42,1.0,5,0.5,212579.0,0.0,5,1,4498.0,0.021159192582522263,0.021159192582522263,0.03140854835510254,15
867784,1.0,225944.0,225944.0,[],50,1.3,0.5,10,10,0.1,0.049031154960055,0.04,5.62,1.05,5,0.5,225944.0,0.0,5,1,100298.63306541112,0.4439092565653929,0.4439092565653929,0.026240110397338867,15
4864801,1.0,258094.0,258094.0,[],50,1.3,0.5,10,9,0.1,0.05285680433147055,0.08,5.5,0.89,5,0.5,258094.0,0.0,5,1,14906.461745257633,0.05775594064665445,0.05775594064665445,0.08128190040588379,15
503413,1.0,261392.0,261392.0,[],50,1.3,0.5,10,10,0.1,1.0,0.05,5.720000000000001,0.94,5,0.5,261392.0,0.0,5,1,70066.57376964751,0.2680517145499767,0.2680517145499767,0.023773193359375,15
8691276,1.0,214586.0,214586.0,[],50,1.3,0.5,10,10,0.1,0.06347679037978926,0.05,5.7,0.94,5,0.5,214586.0,0.0,5,1,18919.51634996372,0.08816752420923882,0.08816752420923882,0.05008268356323242,15
7454994,1.0,224184.0,224184.0,[],50,1.3,0.5,10,10,0.1,0.5254044521598371,0.09,5.96,0.94,5,0.5,224184.0,0.0,5,1,116337.46201413678,0.518937399699072,0.518937399699072,0.08330416679382324,15
486069,1.0,191261.0,191261.0,[],50,1.3,0.5,10,9,0.1,0.0580815480910605,0.06,5.94,0.86,5,0.5,191261.0,0.0,5,1,12330.558181018483,0.06446979876199792,0.06446979876199792,0.05476880073547363,15
1708198,1.0,264672.0,264672.0,[],50,1.3,0.5,10,8,0.1,0.06470521390097905,0.08,5.68,0.75,5,0.5,264672.0,0.0,5,1,28044.072961776816,0.10595783823667337,0.10595783823667337,0.05494332313537598,15
2344070,1.0,228465.0,228465.0,[],50,1.3,0.5,10,8,0.1,0.5350612358236844,0.06,5.42,0.76,5,0.5,228465.0,0.0,5,1,4470.0,0.01956536012080625,0.01956536012080625,0.015180826187133789,15
3075639,1.0,271969.0,271969.0,[],50,1.3,0.5,10,10,0.1,0.07213543252102741,0.1,5.74,0.93,5,0.5,271969.0,0.0,5,1,30072.460621909828,0.11057311907573962,0.11057311907573962,0.02615809440612793,15
5502930,1.0,246869.0,246869.0,[],50,1.3,0.5,10,10,0.1,0.04566218287870126,0.06,5.24,0.95,5,0.5,246869.0,0.0,5,1,66058.85993307726,0.26758669550683667,0.26758669550683667,0.13367748260498047,15
1286305,1.0,268906.0,268906.0,[],50,1.3,0.5,10,10,0.1,0.08323190359827537,0.07,5.880000000000001,0.97,5,0.5,268906.0,0.0,5,1,86788.95507237941,0.3227483026499201,0.3227483026499201,0.03533506393432617,15
9832053,1.0,255333.0,255333.0,[],50,1.3,0.5,10,9,0.1,0.08149021516227595,0.06,4.859999999999999,0.87,5,0.5,255333.0,0.0,5,1,42767.264741542895,0.16749603357788806,0.16749603357788806,0.046450138092041016,15
8208342,1.0,243075.0,243075.0,[],50,1.3,0.5,10,10,0.1,0.05649882911522443,0.05,6.02,0.98,5,0.5,243075.0,0.0,5,1,44214.085716401096,0.18189482964682133,0.18189482964682133,0.1335735321044922,15
2598302,1.0,186691.0,186691.0,[],50,1.3,0.5,10,10,0.1,0.5482500705612027,0.04,5.34,0.9,5,0.5,186691.0,0.0,5,1,27396.339784390962,0.14674697647123303,0.14674697647123303,0.021825790405273438,15
6126825,1.0,229885.0,229885.0,[],50,1.3,0.5,10,9,0.1,0.05819223693768097,0.11,5.66,0.93,5,0.5,229885.0,0.0,5,1,57877.10716623097,0.2517654791144745,0.2517654791144745,0.09050750732421875,15
1987802,1.0,274840.0,274840.0,[],50,1.3,0.5,10,9,0.1,0.05878167817957075,0.07,5.720000000000001,0.85,5,0.5,274840.0,0.0,5,1,33110.23729051383,0.12047095506663452,0.12047095506663452,0.028117656707763672,15
7560187,1.0,273921.0,273921.0,[],50,1.3,0.5,10,9,0.1,0.5468466414524895,0.06,5.66,0.94,5,0.5,273921.0,0.0,5,1,109179.19427544007,0.3985791314847714,0.3985791314847714,0.02722907066345215,15
6100085,1.0,216211.0,216211.0,[],50,1.3,0.5,10,9,0.1,0.08468731479321145,0.07,5.62,0.83,5,0.5,216211.0,0.0,5,1,104196.42944381364,0.48192011250035216,0.48192011250035216,0.05114912986755371,15
4171732,1.0,219930.0,219930.0,[],50,1.3,0.5,10,9,0.1,0.09181409429818846,0.05,5.22,0.86,5,0.5,219930.0,0.0,5,1,23131.90396102181,0.10517848388588101,0.10517848388588101,0.050469398498535156,15
4828229,1.0,209340.0,209340.0,[],50,1.3,0.5,10,10,0.1,0.08551423089188159,0.07,5.86,0.92,5,0.5,209340.0,0.0,5,1,67289.19685767073,0.32143497113628894,0.32143497113628894,0.05463075637817383,15
128244,1.0,232325.0,232325.0,[],50,1.3,0.5,10,9,0.1,0.07684704779675994,0.06,5.640000000000001,0.85,5,0.5,232325.0,0.0,5,1,37658.32061080325,0.1620932771367836,0.1620932771367836,0.015318155288696289,15
4018921,1.0,219885.0,219885.0,[],50,1.3,0.5,10,10,0.1,0.03639237209532785,0.05,5.9,0.92,5,0.5,219885.0,0.0,5,1,121059.05913955101,0.5505562413968712,0.5505562413968712,0.053002119064331055,15
6392076,1.0,231509.0,231509.0,[],50,1.3,0.5,10,8,0.1,1.0,0.08,5.84,0.76,5,0.5,231509.0,0.0,5,1,9466.64820622329,0.040891059121776215,0.040891059121776215,0.05692434310913086,15
7561171,1.0,322307.0,322307.0,[],50,1.3,0.5,10,10,0.1,0.09286486597595389,0.04,5.5600000000000005,0.97,5,0.5,322307.0,0.0,10,1,89239.44159223246,0.2768771438170206,0.2768771438170206,7.563377141952515,15
6084121,1.0,282135.0,282135.0,[],50,1.3,0.5,10,10,0.1,0.0840468876046869,0.07,5.880000000000001,1.02,5,0.5,282135.0,0.0,10,1,48245.08610430527,0.17100000391410236,0.17100000391410236,8.334132432937622,15
7641797,1.0,338083.0,338083.0,[],50,1.3,0.5,10,10,0.1,0.061032443259088714,0.07,5.48,0.99,5,0.5,338083.0,0.0,10,1,65466.861295562645,0.19364138775260112,0.19364138775260112,5.127101421356201,15
6390173,1.0,300711.0,300711.0,[],50,1.3,0.5,10,10,0.1,0.09145539155028179,0.04,5.16,0.95,5,0.5,300711.0,0.0,10,1,54582.55956096806,0.18151168251566474,0.18151168251566474,1.6560370922088623,15
793521,1.0,365628.0,365628.0,[],50,1.3,0.5,10,10,0.1,0.08281226890599062,0.05,5.4,0.99,5,0.5,365628.0,0.0,10,1,77647.03274733068,0.21236621032123,0.21236621032123,7.649736404418945,15
3431797,1.0,334621.0,334621.0,[],50,1.3,0.5,10,10,0.1,0.059796900181655226,0.09,5.6,1.0,5,0.5,334621.0,0.0,10,1,93728.36159546011,0.2801030467169129,0.2801030467169129,13.809151411056519,15
2015546,1.0,324305.0,324305.0,[],50,1.3,0.5,10,10,0.1,0.06787627781810432,0.07,5.7,0.98,5,0.5,324305.0,0.0,10,1,34919.75024658204,0.10767564560084501,0.10767564560084501,12.434629678726196,15
546594,1.0,318814.0,318814.0,[],50,1.3,0.5,10,10,0.1,0.07438062686290003,0.09,5.26,1.09,5,0.5,318814.0,0.0,10,1,35083.271534746,0.11004307067677707,0.11004307067677707,11.879079341888428,15
6176713,1.0,322024.0,322024.0,[],50,1.3,0.5,10,10,0.1,0.08059782483961442,0.05,5.52,1.0,5,0.5,322024.0,0.0,10,1,97861.0535914597,0.3038936650419214,0.3038936650419214,2.4390900135040283,15
4646762,1.0,344728.0,344728.0,[],50,1.3,0.5,10,10,0.1,0.07854420507206544,0.07,5.94,0.99,5,0.5,344728.0,0.0,10,1,113210.83041962303,0.32840625194246775,0.32840625194246775,9.941531658172607,15
4611811,1.0,301374.0,301374.0,[],50,1.3,0.5,10,10,0.1,0.0742467434695261,0.04,5.78,1.08,5,0.5,301374.0,0.0,10,1,26493.619849812465,0.08790944092659773,0.08790944092659773,11.965927362442017,15
4434259,1.0,285226.0,285226.0,[],50,1.3,0.5,10,10,0.1,0.08844135725914493,0.05,5.86,0.93,5,0.5,285226.0,0.0,10,1,80574.38765372463,0.28249313756012645,0.28249313756012645,2.551574468612671,15
3592062,1.0,315494.0,315494.0,[],50,1.3,0.5,10,10,0.1,0.08855832281700428,0.06,5.9,1.08,5,0.5,315494.0,0.0,10,1,71043.10343316523,0.22518052144625644,0.22518052144625644,9.64271855354309,15
8290919,1.0,315748.0,315748.0,[],50,1.3,0.5,10,10,0.1,0.0793915366553297,0.05,5.720000000000001,1.08,5,0.5,315748.0,0.0,10,1,77840.37603154949,0.24652690129961072,0.24652690129961072,0.12799811363220215,15
3309358,1.0,333495.0,333495.0,[],50,1.3,0.5,10,10,0.1,0.09251678935376374,0.08,5.18,1.05,5,0.5,333495.0,0.0,10,1,62910.535356817476,0.18864011561437946,0.18864011561437946,4.958749294281006,15
9936719,1.0,315710.0,315710.0,[],50,1.3,0.5,10,10,0.1,0.08014172971682315,0.04,5.359999999999999,0.99,5,0.5,315710.0,0.0,10,1,86647.41770403521,0.274452559957034,0.274452559957034,0.16688919067382812,15
8071348,1.0,265162.0,265162.0,[],50,1.3,0.5,10,10,0.1,0.09655419803443516,0.05,5.5,0.96,5,0.5,265162.0,0.0,10,1,60229.53012218037,0.22714238888747396,0.22714238888747396,7.620175123214722,15
4905110,1.0,355218.0,355218.0,[],50,1.3,0.5,10,10,0.1,0.06556718554694106,0.1,5.5,0.99,5,0.5,355218.0,0.0,10,1,44557.42603781218,0.12543684733828855,0.12543684733828855,11.328672647476196,15
9344841,1.0,329165.0,329165.0,[],50,1.3,0.5,10,10,0.1,0.06683983861839479,0.08,6.02,1.01,5,0.5,329165.0,0.0,10,1,101068.95926753836,0.3070464942127455,0.3070464942127455,11.858059406280518,15
8422435,1.0,306660.0,306660.0,[],50,1.3,0.5,10,10,0.1,0.07243166833926706,0.04,5.7,0.95,5,0.5,306660.0,0.0,10,1,43632.10671802354,0.14228170194359727,0.14228170194359727,3.41209077835083,15
677238,1.0,315556.0,315556.0,[],50,1.3,0.5,10,10,0.1,0.06145677498449012,0.05,5.68,0.99,5,0.5,315556.0,0.0,10,1,74643.11567817652,0.23654475173400766,0.23654475173400766,6.392453670501709,15
4329557,1.0,313937.0,313937.0,[],50,1.3,0.5,10,10,0.1,0.06289961496534785,0.05,5.46,0.98,5,0.5,313937.0,0.0,10,1,113209.48804369048,0.3606121229536196,0.3606121229536196,13.7969331741333,15
4960187,1.0,314718.0,314718.0,[],50,1.3,0.5,10,10,0.1,0.0709474467081722,0.04,5.720000000000001,0.98,5,0.5,314718.0,0.0,10,1,64948.2751344379,0.20636975048912964,0.20636975048912964,9.07757306098938,15
5119378,1.0,330437.0,330437.0,[],50,1.3,0.5,10,9,0.1,0.0668465098303856,0.05,5.62,0.87,5,0.5,330437.0,0.0,10,1,70873.39442553846,0.21448383330419551,0.21448383330419551,5.921708345413208,15
3148961,1.0,263136.0,263136.0,[],50,1.3,0.5,10,10,0.1,0.08047280232425197,0.1,6.04,0.98,5,0.5,263136.0,0.0,10,1,35958.89874157483,0.13665518492937045,0.13665518492937045,5.630049228668213,15
3555197,1.0,310757.0,310757.0,[],50,1.3,0.5,10,10,0.1,0.08352644682625242,0.09,5.26,1.03,5,0.5,310757.0,0.0,10,1,49323.610158947995,0.15872083383141167,0.15872083383141167,9.297920942306519,15
1738834,1.0,329085.0,329085.0,[],50,1.3,0.5,10,10,0.1,0.095903564942822,0.04,5.38,0.98,5,0.5,329085.0,0.0,10,1,61029.00009952867,0.1854505677850059,0.1854505677850059,6.716927528381348,15
6546628,1.0,300187.0,300187.0,[],50,1.3,0.5,10,10,0.1,0.08035012825749191,0.05,5.58,0.95,5,0.5,300187.0,0.0,10,1,87605.56817464172,0.2918366490708849,0.2918366490708849,9.418945789337158,15
3884563,1.0,290472.0,290472.0,[],50,1.3,0.5,10,10,0.1,0.06256382547435743,0.03,5.5600000000000005,1.04,5,0.5,290472.0,0.0,10,1,65811.80311064271,0.22656849235259408,0.22656849235259408,6.564217567443848,15
7652484,1.0,298888.0,298888.0,[],50,1.3,0.5,10,10,0.1,0.08471466350117933,0.07,5.800000000000001,0.94,5,0.5,298888.0,0.0,10,1,55078.39301983349,0.1842776994052404,0.1842776994052404,11.117369890213013,15
831999,1.0,290779.0,290779.0,[],50,1.3,0.5,10,10,0.1,0.07598405932680999,0.12,5.4399999999999995,0.99,5,0.5,290779.0,0.0,10,1,52165.24392576331,0.17939825065002393,0.17939825065002393,11.519492626190186,15
4976959,1.0,305093.0,305093.0,[],50,1.3,0.5,10,10,0.1,0.08845433318463788,0.06,5.800000000000001,0.97,5,0.5,305093.0,0.0,10,1,104834.60977720631,0.3436152575680409,0.3436152575680409,2.1424341201782227,15
9217503,1.0,320940.0,320940.0,[],50,1.3,0.5,10,10,0.1,0.08351520039919873,0.1,5.68,1.02,5,0.5,320940.0,0.0,10,1,81517.99202630666,0.2539976071113188,0.2539976071113188,7.434476613998413,15
4741389,1.0,287062.0,287062.0,[],50,1.3,0.5,10,10,0.1,0.0841037495185455,0.04,5.94,0.94,5,0.5,287062.0,0.0,10,1,23313.97962539496,0.08121583360178275,0.08121583360178275,3.3663623332977295,15
6288635,1.0,312790.0,312790.0,[],50,1.3,0.5,10,10,0.1,0.058487748965637514,0.06,5.74,0.97,5,0.5,312790.0,0.0,10,1,99192.71869401928,0.31712241022417365,0.31712241022417365,14.273308038711548,15
4597162,1.0,316842.0,316842.0,[],50,1.3,0.5,10,10,0.1,0.09176274167193234,0.04,5.58,1.01,5,0.5,316842.0,0.0,10,1,107529.79200574581,0.33937985496160805,0.33937985496160805,1.3451058864593506,15
212448,1.0,266639.0,266639.0,[],50,1.3,0.5,10,10,0.1,0.07205686770340605,0.04,5.78,0.94,5,0.5,266639.0,0.0,10,1,37869.70813440412,0.14202614071611475,0.14202614071611475,11.775136470794678,15
1636478,1.0,317809.0,317809.0,[],50,1.3,0.5,10,10,0.1,0.07788489370036905,0.06,5.7,1.0,5,0.5,317809.0,0.0,10,1,82008.78851032963,0.25804426089358584,0.25804426089358584,3.004326105117798,15
4640706,1.0,295283.0,295283.0,[],50,1.3,0.5,10,10,0.1,0.08343887736966414,0.07,5.74,0.97,5,0.5,295283.0,0.0,10,1,97524.69230707857,0.33027533690418537,0.33027533690418537,10.606009244918823,15
4320740,1.0,317166.0,317166.0,[],50,1.3,0.5,10,10,0.1,0.07463501894844146,0.05,5.800000000000001,0.99,5,0.5,317166.0,0.0,10,1,79414.26788442997,0.2503870776956861,0.2503870776956861,0.41858506202697754,15
5413582,1.0,302270.0,302270.0,[],50,1.3,0.5,10,10,0.1,0.07602940914438909,0.08,5.5600000000000005,0.96,5,0.5,302270.0,0.0,10,1,25885.448977033935,0.08563684446697964,0.08563684446697964,8.643420219421387,15
6108164,1.0,344765.0,344765.0,[],50,1.3,0.5,10,10,0.1,0.08262442661714471,0.02,5.34,0.97,5,0.5,344765.0,0.0,10,1,59773.35880740537,0.17337420796022035,0.17337420796022035,8.045773029327393,15
318131,1.0,329935.0,329935.0,[],50,1.3,0.5,10,10,0.1,0.06412034133022733,0.1,5.24,1.16,5,0.5,329935.0,0.0,10,1,97284.79396343896,0.2948604845301013,0.2948604845301013,10.755576133728027,15
4780903,1.0,326805.0,326805.0,[],50,1.3,0.5,10,10,0.1,0.07139276033924111,0.07,5.38,0.96,5,0.5,326805.0,0.0,10,1,81657.54307263691,0.24986625991841285,0.24986625991841285,3.4525530338287354,15
1130679,1.0,320006.0,320006.0,[],50,1.3,0.5,10,9,0.1,0.0701371913498687,0.07,5.78,0.98,5,0.5,320006.0,0.0,10,1,37804.37007795768,0.11813644143534084,0.11813644143534084,10.961747884750366,15
3787195,1.0,281575.0,281575.0,[],50,1.3,0.5,10,9,0.1,0.07679167070882789,0.05,5.9,0.82,5,0.5,281575.0,0.0,10,1,63188.806576130984,0.22441199174689153,0.22441199174689153,3.49596905708313,15
7258280,1.0,293290.0,293290.0,[],50,1.3,0.5,10,10,0.1,0.07276416056154308,0.07,5.880000000000001,0.97,5,0.5,293290.0,0.0,10,1,56012.72414811136,0.1909806817420006,0.1909806817420006,13.069990158081055,15
9990257,1.0,318953.0,318953.0,[],50,1.3,0.5,10,10,0.1,0.06048253459753755,0.08,6.0,0.94,5,0.5,318953.0,0.0,10,1,79585.51317085931,0.24952113060814388,0.24952113060814388,6.014122486114502,15
1321435,1.0,314884.0,314884.0,[],50,1.3,0.5,10,10,0.1,0.09196886513238137,0.03,5.4399999999999995,0.92,5,0.5,314884.0,0.0,10,1,31317.072372798473,0.09945590240469021,0.09945590240469021,7.905574798583984,15
7359097,1.0,276615.0,276615.0,[],50,1.3,0.5,10,10,0.1,0.07945200703796065,0.04,5.880000000000001,0.97,5,0.5,276615.0,0.0,10,1,72107.49329140084,0.2606781746882882,0.2606781746882882,11.202268123626709,15
9240425,1.0,324726.0,324726.0,[],50,1.3,0.5,10,10,0.1,0.07634295981980663,0.03,5.4,0.94,5,0.5,324726.0,0.0,10,1,97486.95195937729,0.30021295479689736,0.30021295479689736,4.34870982170105,15
4933012,1.0,306661.0,306661.0,[],50,1.3,0.5,10,10,0.1,0.09286840637883269,0.05,5.22,0.97,5,0.5,306661.0,0.0,10,1,87141.66837077642,0.28416286508808236,0.28416286508808236,6.039798974990845,15
9989550,1.0,289902.0,289902.0,[],50,1.3,0.5,10,10,0.1,0.0721413167676767,0.05,6.06,0.94,5,0.5,289902.0,0.0,10,1,66214.55376729854,0.2284032320139169,0.2284032320139169,13.569782733917236,15
9016839,1.0,287994.0,287994.0,[],50,1.3,0.5,10,10,0.1,0.08577872256620402,0.03,5.279999999999999,0.95,5,0.5,287994.0,0.0,10,1,80828.92124964447,0.28066182368259224,0.28066182368259224,1.9700572490692139,15
9260129,1.0,343145.0,343145.0,[],50,1.3,0.5,10,10,0.1,0.06595044058097504,0.05,5.24,1.06,5,0.5,343145.0,0.0,10,1,60826.35528172629,0.17726137720708823,0.17726137720708823,12.988463163375854,15
242744,1.0,323650.0,323650.0,[],50,1.3,0.5,10,10,0.1,0.08489452163518266,0.11,5.640000000000001,1.0,5,0.5,323650.0,0.0,10,1,94672.62729631,0.29251545588231115,0.29251545588231115,8.742777347564697,15
5637272,1.0,355302.0,355302.0,[],50,1.3,0.5,10,10,0.1,0.07565680388921638,0.05,5.86,0.99,5,0.5,355302.0,0.0,10,1,130113.56477457794,0.36620555126224436,0.36620555126224436,11.373191118240356,15
5439397,1.0,281048.0,281048.0,[],50,1.3,0.5,10,10,0.1,0.07417662881043746,0.06,5.640000000000001,0.94,5,0.5,281048.0,0.0,10,1,49547.683507282956,0.17629616117988015,0.17629616117988015,3.833433151245117,15
230822,1.0,331457.0,331457.0,[],50,1.3,0.5,10,10,0.1,0.09031785869691529,0.04,5.76,0.98,5,0.5,331457.0,0.0,10,1,98538.70670455879,0.29728956306416454,0.29728956306416454,7.141509771347046,15
1075795,1.0,342940.0,342940.0,[],50,1.3,0.5,10,10,0.1,0.043743442645324676,0.08,5.859999999999999,0.96,5,0.5,342940.0,0.0,10,1,105653.35248673387,0.3080811584730095,0.3080811584730095,0.7457389831542969,15
611688,1.0,247891.0,247891.0,[],50,1.3,0.5,10,10,0.1,0.0764723572737947,0.06,5.82,0.96,5,0.5,247891.0,0.0,10,1,80367.59071940745,0.32420535928858835,0.32420535928858835,3.7532920837402344,15
4179948,1.0,313055.0,313055.0,[],50,1.3,0.5,10,10,0.1,0.07405247439169457,0.04,5.46,0.96,5,0.5,313055.0,0.0,10,1,17148.337687808893,0.05477739594578874,0.05477739594578874,12.879146337509155,15
4144102,1.0,310757.0,310757.0,[],50,1.3,0.5,10,10,0.1,0.07236539366296768,0.08,5.66,0.95,5,0.5,310757.0,0.0,10,1,78484.08501371118,0.25255773808381204,0.25255773808381204,9.428477048873901,15
8183921,1.0,313461.0,313461.0,[],50,1.3,0.5,10,10,0.1,0.08158193323988598,0.08,5.58,0.97,5,0.5,313461.0,0.0,10,1,16131.970785626996,0.05146404428502109,0.05146404428502109,10.570637464523315,15
1876940,1.0,303680.0,303680.0,[],50,1.3,0.5,10,10,0.1,0.08686745425182824,0.05,5.22,0.94,5,0.5,303680.0,0.0,10,1,40859.07583538216,0.13454648259807087,0.13454648259807087,10.373512506484985,15
4522645,1.0,324571.0,324571.0,[],50,1.3,0.5,10,10,0.1,0.06843028617599717,0.04,5.82,1.01,5,0.5,324571.0,0.0,10,1,85807.9609191106,0.26437346811363494,0.26437346811363494,13.491198062896729,15
8241580,1.0,305337.0,305337.0,[],50,1.3,0.5,10,10,0.1,0.07188048098773786,0.07,5.62,1.35,5,0.5,305337.0,0.0,10,1,45743.81138186965,0.14981417706294897,0.14981417706294897,11.942413330078125,15
1687647,1.0,301444.0,301444.0,[],50,1.3,0.5,10,10,0.1,0.06918814475706545,0.05,6.02,0.96,5,0.5,301444.0,0.0,10,1,54900.90533326013,0.18212638278837903,0.18212638278837903,3.0895445346832275,15
2980493,1.0,299208.0,299208.0,[],50,1.3,0.5,10,10,0.1,0.07909314366170223,0.07,6.119999999999999,0.99,5,0.5,299208.0,0.0,10,1,91668.2802374526,0.3063697502655431,0.3063697502655431,12.628895998001099,15
4010896,1.0,334647.0,334647.0,[],50,1.3,0.5,10,10,0.1,0.09167088572353607,0.06,5.54,0.96,5,0.5,334647.0,0.0,10,1,71121.12411373801,0.21252580813136832,0.21252580813136832,9.2520911693573,15
9231174,1.0,319524.0,319524.0,[],50,1.3,0.5,10,10,0.1,0.09120846802888657,0.04,5.4399999999999995,1.13,5,0.5,319524.0,0.0,10,1,88269.64528290914,0.2762535686925212,0.2762535686925212,2.346918821334839,15
9551550,1.0,285818.0,285818.0,[],50,1.3,0.5,10,10,0.1,0.07572473628292743,0.03,5.48,0.96,5,0.5,285818.0,0.0,10,1,34977.31760865734,0.12237618907366694,0.12237618907366694,3.5250558853149414,15
7737894,1.0,326184.0,326184.0,[],50,1.3,0.5,10,10,0.1,0.06094915734092515,0.07,5.880000000000001,0.97,5,0.5,326184.0,0.0,10,1,79797.84122838109,0.2446405747319951,0.2446405747319951,14.147003412246704,15
55376,1.0,321734.0,321734.0,[],50,1.3,0.5,10,10,0.1,0.07919187930344299,0.07,5.76,1.09,5,0.5,321734.0,0.0,10,1,41582.79503209585,0.1292458833449242,0.1292458833449242,11.22384524345398,15
2751164,1.0,304790.0,304790.0,[],50,1.3,0.5,10,10,0.1,0.08512547455825596,0.06,5.34,0.98,5,0.5,304790.0,0.0,10,1,86534.78233154357,0.28391608101165905,0.28391608101165905,12.671042919158936,15
2079952,1.0,343703.0,343703.0,[],50,1.3,0.5,10,10,0.1,0.07175789023231859,0.05,5.7,0.94,5,0.5,343703.0,0.0,10,1,145334.85688246816,0.4228501260753271,0.4228501260753271,5.031781911849976,15
5016516,1.0,350136.0,350136.0,[],50,1.3,0.5,10,10,0.1,0.06915502830606986,0.06,5.359999999999999,0.98,5,0.5,350136.0,0.0,10,1,62314.514011415034,0.17797231364788263,0.17797231364788263,5.131040334701538,15
7294826,1.0,300739.0,300739.0,[],50,1.3,0.5,10,10,0.1,0.07761506639771484,0.06,5.7,0.96,5,0.5,300739.0,0.0,10,1,88807.81156163863,0.2952986196058331,0.2952986196058331,11.218261480331421,15
4543411,1.0,270013.0,270013.0,[],50,1.3,0.5,10,10,0.1,0.08060703139313811,0.07,5.84,0.96,5,0.5,270013.0,0.0,10,1,76445.75929610021,0.28311881019099155,0.28311881019099155,10.443723201751709,15
3867304,1.0,305273.0,305273.0,[],50,1.3,0.5,10,10,0.1,0.06856162635117821,0.05,5.800000000000001,0.96,5,0.5,305273.0,0.0,10,1,140003.14329041546,0.45861620022214694,0.45861620022214694,12.851155996322632,15
7798366,1.0,266325.0,266325.0,[],50,1.3,0.5,10,10,0.1,0.07677887778673734,0.04,5.58,0.93,5,0.5,266325.0,0.0,10,1,104811.36192272867,0.3935468390978266,0.3935468390978266,0.14272522926330566,15
1818181,1.0,241111.0,241111.0,[],50,1.3,0.5,10,11,0.1,0.06562191460378108,0.12,5.92,0.94,5,0.5,241111.0,0.0,10,1,5224.94944662849,0.02167030723039799,0.02167030723039799,5.791110277175903,15
4508913,1.0,299978.0,299978.0,[],50,1.3,0.5,10,10,0.1,0.08398803602263054,0.04,5.66,0.99,5,0.5,299978.0,0.0,10,1,40536.43423170832,0.13513135707187968,0.13513135707187968,2.79276704788208,15
2912212,1.0,325416.0,325416.0,[],50,1.3,0.5,10,10,0.1,0.07978844616436377,0.1,5.6,1.02,5,0.5,325416.0,0.0,10,1,55421.926608067886,0.1703110068591215,0.1703110068591215,10.915328741073608,15
6027287,1.0,324482.0,324482.0,[],50,1.3,0.5,10,10,0.1,0.07073276614824063,0.04,5.92,0.98,5,0.5,324482.0,0.0,10,1,78723.543868248,0.2426129765849816,0.2426129765849816,11.40647578239441,15
8047342,1.0,335739.0,335739.0,[],50,1.3,0.5,10,10,0.1,0.07657374512265858,0.09,5.86,0.98,5,0.5,335739.0,0.0,10,1,92255.7438103292,0.27478411447680845,0.27478411447680845,3.0881741046905518,15
3993961,1.0,303511.0,303511.0,[],50,1.3,0.5,10,10,0.1,0.06588798531131951,0.06,5.3,0.95,5,0.5,303511.0,0.0,10,1,54823.90641324308,0.18063235406045605,0.18063235406045605,4.611454010009766,15
6544202,1.0,286272.0,286272.0,[],50,1.3,0.5,10,10,0.1,0.0875173240319641,0.03,5.7,0.99,5,0.5,286272.0,0.0,10,1,101243.77194297576,0.35366285191348,0.35366285191348,7.847917795181274,15
9678134,1.0,284405.0,284405.0,[],50,1.3,0.5,10,10,0.1,0.08219103243699194,0.04,5.94,0.94,5,0.5,284405.0,0.0,10,1,71198.84221077422,0.2503431452005915,0.2503431452005915,9.13190770149231,15
5242029,1.0,339497.0,339497.0,[],50,1.3,0.5,10,10,0.1,0.08611398180497501,0.03,5.4,0.98,5,0.5,339497.0,0.0,10,1,144042.1373258398,0.4242810314254318,0.4242810314254318,1.543818712234497,15
4611540,1.0,363025.0,363025.0,[],50,1.3,0.5,10,10,0.1,0.08776269927500253,0.07,5.58,1.02,5,0.5,363025.0,0.0,10,1,38693.08388965579,0.10658517702542743,0.10658517702542743,8.136690616607666,15
1707872,1.0,290185.0,290185.0,[],50,1.3,0.5,10,10,0.1,0.06336660983095269,0.07,5.78,0.99,5,0.5,290185.0,0.0,10,1,81282.57215357175,0.28010604322612037,0.28010604322612037,5.902791976928711,15
2937786,1.0,284577.0,284577.0,[],50,1.3,0.5,10,10,0.1,0.07378440609789427,0.04,5.3,0.98,5,0.5,284577.0,0.0,10,1,45988.228756810146,0.16160205763926863,0.16160205763926863,11.289944171905518,15
7091924,1.0,300998.0,300998.0,[],50,1.3,0.5,10,10,0.1,0.06127838023174176,0.07,5.42,0.96,5,0.5,300998.0,0.0,10,1,107579.0140783089,0.35740773718864877,0.35740773718864877,13.712254524230957,15
8183309,1.0,304526.0,304526.0,[],50,1.3,0.5,10,10,0.1,0.07725593237645036,0.06,6.08,0.93,5,0.5,304526.0,0.0,10,1,61924.00991682074,0.20334555971188253,0.20334555971188253,0.2269728183746338,15
2030226,1.0,316562.0,316562.0,[],50,1.3,0.5,10,10,0.1,0.08265760166690242,0.06,5.52,1.34,5,0.5,316562.0,0.0,10,1,116972.53113343472,0.3695090728938872,0.3695090728938872,1.5420680046081543,15
9007178,1.0,323403.0,323403.0,[],50,1.3,0.5,10,10,0.1,0.06879594081008607,0.07,6.02,0.97,5,0.5,323403.0,0.0,10,1,56878.53789426992,0.17587510905671844,0.17587510905671844,13.625707149505615,15
1849651,1.0,321034.0,321034.0,[],50,1.3,0.5,10,10,0.1,0.08984368284538835,0.05,5.82,0.97,5,0.5,321034.0,0.0,10,1,47289.87971235369,0.147304895158624,0.147304895158624,8.043545961380005,15
5598550,1.0,331538.0,331538.0,[],50,1.3,0.5,10,10,0.1,0.06036567518017376,0.03,5.48,0.99,5,0.5,331538.0,0.0,10,1,68811.71887823114,0.20755303729355654,0.20755303729355654,16.19532585144043,15
4351369,1.0,319919.0,319919.0,[],50,1.3,0.5,10,10,0.1,0.07577483277165929,0.09,5.800000000000001,1.03,5,0.5,319919.0,0.0,15,1,33276.95100034584,0.10401680112886649,0.10401680112886649,194.7382984161377,15
259610,1.0,294337.0,294337.0,[],50,1.3,0.5,10,10,0.1,0.07970198966750164,0.04,5.74,0.94,5,0.5,294337.0,0.0,15,1,49854.95157420903,0.16938051136693325,0.16938051136693325,80.0900514125824,15
3121465,1.0,353902.0,353902.0,[],50,1.3,0.5,10,10,0.1,0.075494135034278,0.06,5.62,0.99,5,0.5,353902.0,0.0,15,1,41024.37325735881,0.115920150938279,0.115920150938279,230.8993353843689,15
7783982,1.0,330027.0,330027.0,[],50,1.3,0.5,10,10,0.1,0.08122461101826259,0.05,6.02,0.99,5,0.5,330027.0,0.0,15,1,69734.54847528099,0.21129952541846875,0.21129952541846875,178.75411248207092,15
2842857,1.0,281769.0,281769.0,[],50,1.3,0.5,10,10,0.1,0.07551329071138466,0.07,5.74,0.95,5,0.5,281769.0,0.0,15,1,45880.354748296,0.16282967518888167,0.16282967518888167,129.26679587364197,15
936500,1.0,362005.0,362005.0,[],50,1.3,0.5,10,10,0.1,0.08353589510621773,0.06,5.78,0.96,5,0.5,362005.0,0.0,15,1,50109.91941969772,0.13842327984336603,0.13842327984336603,214.3955318927765,15
3016922,1.0,292105.0,292105.0,[],50,1.3,0.5,10,10,0.1,0.08787684481412046,0.05,6.06,1.04,5,0.5,292105.0,0.0,15,1,79412.51447068132,0.27186290707341987,0.27186290707341987,113.12171840667725,15
3963897,1.0,239534.0,239534.0,[],50,1.3,0.5,10,10,0.1,0.08658688490593518,0.07,5.640000000000001,0.97,5,0.5,239534.0,0.0,15,1,52503.58675431462,0.21919053977437283,0.21919053977437283,65.23799633979797,15
7611654,1.0,363201.0,363201.0,[],50,1.3,0.5,10,10,0.1,0.08366222838749424,0.12,5.54,0.99,5,0.5,363201.0,0.0,15,1,76885.65045404565,0.211688983383982,0.211688983383982,185.0349986553192,15
2056940,1.0,298205.0,298205.0,[],50,1.3,0.5,10,10,0.1,0.06797652527494094,0.06,5.5,0.97,5,0.5,298205.0,0.0,15,1,113630.02203884227,0.3810466693678586,0.3810466693678586,32.18846130371094,15
254778,1.0,341427.0,341427.0,[],50,1.3,0.5,10,10,0.1,0.0708764151275259,0.08,5.4399999999999995,1.0,5,0.5,341427.0,0.0,15,1,106555.06593005812,0.3120874035447054,0.3120874035447054,0.491943359375,15
9815278,1.0,281347.0,281347.0,[],50,1.3,0.5,10,10,0.1,0.07921882062500685,0.06,5.74,1.07,5,0.5,281347.0,0.0,15,1,46406.749105312796,0.1649448869378838,0.1649448869378838,124.18121576309204,15
7594853,1.0,260457.0,260457.0,[],50,1.3,0.5,10,10,0.1,0.07807654361012756,0.1,5.58,1.01,5,0.5,260457.0,0.0,15,1,33561.55622156556,0.12885641860869762,0.12885641860869762,76.40756893157959,15
4998921,1.0,289408.0,289408.0,[],50,1.3,0.5,10,10,0.1,0.08506748965403103,0.08,5.76,0.98,5,0.5,289408.0,0.0,15,1,93640.90654329199,0.3235601868064877,0.3235601868064877,15.930495738983154,15
6080787,1.0,349199.0,349199.0,[],50,1.3,0.5,10,10,0.1,0.0834942884446704,0.06,5.22,1.0,5,0.5,349199.0,0.0,15,1,111559.77002764447,0.3194733376316784,0.3194733376316784,116.5971987247467,15
9730912,1.0,336238.0,336238.0,[],50,1.3,0.5,10,10,0.1,0.0755612644286054,0.05,5.74,0.97,5,0.5,336238.0,0.0,15,1,29488.26788305515,0.08770058078817727,0.08770058078817727,228.20434498786926,15
9358485,1.0,303512.0,303512.0,[],50,1.3,0.5,10,10,0.1,0.072060245922062,0.04,5.82,0.94,5,0.5,303512.0,0.0,15,1,54663.85928388905,0.18010444161644037,0.18010444161644037,218.63687896728516,15
3994950,1.0,327825.0,327825.0,[],50,1.3,0.5,10,10,0.1,0.08105270212313562,0.07,5.26,0.99,5,0.5,327825.0,0.0,15,1,71582.05542818405,0.2183544739668544,0.2183544739668544,90.21313381195068,15
6009777,1.0,314736.0,314736.0,[],50,1.3,0.5,10,10,0.1,0.07661355678990538,0.05,5.84,0.95,5,0.5,314736.0,0.0,15,1,45830.13788013847,0.14561454005941002,0.14561454005941002,83.72874593734741,15
959482,1.0,255161.0,255161.0,[],50,1.3,0.5,10,10,0.1,0.07635251765960059,0.1,5.119999999999999,1.0,5,0.5,255161.0,0.0,15,1,39431.2280002998,0.15453469770184236,0.15453469770184236,85.44506072998047,15
3410726,1.0,346712.0,346712.0,[],50,1.3,0.5,10,10,0.1,0.07425953394396542,0.05,5.58,0.96,5,0.5,346712.0,0.0,15,1,86246.69100301503,0.2487560021084215,0.2487560021084215,228.71667098999023,15
6861111,1.0,363429.0,363429.0,[],50,1.3,0.5,10,10,0.1,0.07374490447564927,0.07,6.02,0.99,5,0.5,363429.0,0.0,15,1,28148.98858517578,0.07745388668811728,0.07745388668811728,235.33667707443237,15
3996722,1.0,312289.0,312289.0,[],50,1.3,0.5,10,10,0.1,0.0732793502498386,0.05,5.7,0.97,5,0.5,312289.0,0.0,15,1,169659.3798922576,0.5432768361750097,0.5432768361750097,135.3627848625183,15
9623975,1.0,381179.0,381179.0,[],50,1.3,0.5,10,9,0.1,0.06702068449222318,0.06,5.76,0.89,5,0.5,381179.0,0.0,15,1,91958.70412750157,0.24124808587960397,0.24124808587960397,221.13639998435974,15
2383338,1.0,389417.0,389417.0,[],50,1.3,0.5,10,10,0.1,0.07494548780029547,0.11,5.22,1.07,5,0.5,389417.0,0.0,15,1,104914.93356747166,0.2694153916430758,0.2694153916430758,143.211567401886,15
5926478,1.0,304970.0,304970.0,[],50,1.3,0.5,10,10,0.1,0.07004383560388658,0.05,5.720000000000001,0.99,5,0.5,304970.0,0.0,15,1,42066.18976415735,0.1379355010793106,0.1379355010793106,221.71624994277954,15
9545812,1.0,385301.0,385301.0,[],50,1.3,0.5,10,10,0.1,0.08453944544932346,0.08,5.24,1.14,5,0.5,385301.0,0.0,15,1,89277.54474699334,0.23170857264059358,0.23170857264059358,183.9401514530182,15
3654006,1.0,313532.0,313532.0,[],50,1.3,0.5,10,10,0.1,0.08247987071393079,0.05,5.98,0.96,5,0.5,313532.0,0.0,15,1,82503.39395771436,0.26314186098297576,0.26314186098297576,40.87387156486511,15
2563735,1.0,309954.0,309954.0,[],50,1.3,0.5,10,10,0.1,0.08740822118811654,0.05,5.720000000000001,1.01,5,0.5,309954.0,0.0,15,1,72545.52448112126,0.23405255128542063,0.23405255128542063,104.30683135986328,15
1011330,1.0,296187.0,296187.0,[],50,1.3,0.5,10,10,0.1,0.07453613496429075,0.05,5.800000000000001,0.98,5,0.5,296187.0,0.0,15,1,106239.2438693139,0.35868975974406,0.35868975974406,23.952699184417725,15
8177861,1.0,301343.0,301343.0,[],50,1.3,0.5,10,10,0.1,0.07866369606578676,0.07,5.54,0.96,5,0.5,301343.0,0.0,15,1,48161.04946018062,0.15982136455859475,0.15982136455859475,123.79642152786255,15
7097016,1.0,332853.0,332853.0,[],50,1.3,0.5,10,10,0.1,0.0707175044048855,0.09,5.86,0.95,5,0.5,332853.0,0.0,15,1,32346.07130678871,0.0971782477754105,0.0971782477754105,230.6693959236145,15
2429964,1.0,326701.0,326701.0,[],50,1.3,0.5,10,10,0.1,0.08083517305083635,0.14,5.5600000000000005,0.98,5,0.5,326701.0,0.0,15,1,51002.45304275739,0.15611355044140482,0.15611355044140482,77.0274350643158,15
2586099,1.0,330873.0,330873.0,[],50,1.3,0.5,10,10,0.1,0.08498644817937986,0.08,5.76,1.0,5,0.5,330873.0,0.0,15,1,131768.07241564503,0.3982436536545594,0.3982436536545594,167.86735677719116,15
5675706,1.0,327050.0,327050.0,[],50,1.3,0.5,10,10,0.1,0.07765625111453989,0.06,5.76,1.06,5,0.5,327050.0,0.0,15,1,47509.56662312428,0.14526698248929606,0.14526698248929606,221.9928421974182,15
2937640,1.0,369578.0,369578.0,[],50,1.3,0.5,10,10,0.1,0.07014886694899596,0.05,5.74,1.0,5,0.5,369578.0,0.0,15,1,41723.85655810876,0.11289594228581994,0.11289594228581994,238.99654841423035,15
8800579,1.0,323458.0,323458.0,[],50,1.3,0.5,10,10,0.1,0.08061055275639008,0.07,5.880000000000001,1.04,5,0.5,323458.0,0.0,15,1,91926.24206972429,0.2841983876414381,0.2841983876414381,191.42021369934082,15
8097654,1.0,356454.0,356454.0,[],50,1.3,0.5,10,10,0.1,0.0878469136133869,0.07,5.38,0.98,5,0.5,356454.0,0.0,15,1,72073.50965740264,0.2021958223428623,0.2021958223428623,179.40305733680725,15
7893061,1.0,280277.0,280277.0,[],50,1.3,0.5,10,10,0.1,0.08175346742310421,0.04,5.22,0.96,5,0.5,280277.0,0.0,15,1,75524.92774890669,0.2694653066391701,0.2694653066391701,31.23461151123047,15
4340620,1.0,322555.0,322555.0,[],50,1.3,0.5,10,10,0.1,0.07810655095176866,0.05,5.58,0.98,5,0.5,322555.0,0.0,15,1,60044.14547104094,0.18615165001640321,0.18615165001640321,77.77506041526794,15
4915271,1.0,311876.0,311876.0,[],50,1.3,0.5,10,10,0.1,0.07044874586529655,0.11,5.34,1.0,5,0.5,311876.0,0.0,15,1,82641.58778971218,0.26498219737880496,0.26498219737880496,229.17856097221375,15
6523974,1.0,327572.0,327572.0,[],50,1.3,0.5,10,10,0.1,0.08124692405233899,0.06,5.66,1.03,5,0.5,327572.0,0.0,15,1,55142.35720254295,0.16833660142668774,0.16833660142668774,207.58054423332214,15
7516549,1.0,356568.0,356568.0,[],50,1.3,0.5,10,10,0.1,0.07938199821532049,0.12,5.46,1.01,5,0.5,356568.0,0.0,15,1,54892.92808573093,0.15394799333011075,0.15394799333011075,205.65519785881042,15
7889547,1.0,295413.0,295413.0,[],50,1.3,0.5,10,10,0.1,0.08598870423780425,0.07,5.46,0.98,5,0.5,295413.0,0.0,15,1,47019.82576237262,0.15916640690278566,0.15916640690278566,119.04655170440674,15
1343697,1.0,379308.0,379308.0,[],50,1.3,0.5,10,10,0.1,0.06740351375996659,0.11,6.02,1.04,5,0.5,379308.0,0.0,15,1,32684.451550463258,0.08616863222094777,0.08616863222094777,223.85873222351074,15
865325,1.0,315393.0,315393.0,[],50,1.3,0.5,10,10,0.1,0.09106596215592548,0.07,5.720000000000001,0.99,5,0.5,315393.0,0.0,15,1,90234.56399530618,0.2861019870298522,0.2861019870298522,92.06728172302246,15
8337855,1.0,265405.0,265405.0,[],50,1.3,0.5,10,10,0.1,0.07385077863936636,0.08,5.24,1.01,5,0.5,265405.0,0.0,15,1,41532.868825663325,0.1564886449978837,0.1564886449978837,83.94603753089905,15
5785225,1.0,320597.0,320597.0,[],50,1.3,0.5,10,10,0.1,0.07565014406711813,0.06,5.82,1.0,5,0.5,320597.0,0.0,15,1,42350.805957677105,0.13209981989125633,0.13209981989125633,236.55598092079163,15
75467,1.0,324757.0,324757.0,[],50,1.3,0.5,10,10,0.1,0.07920661880638971,0.07,5.48,0.95,5,0.5,324757.0,0.0,15,1,54001.183885701714,0.16628181651419896,0.16628181651419896,198.73315501213074,15
3892023,1.0,297433.0,297433.0,[],50,1.3,0.5,10,10,0.1,0.07687685891470675,0.05,6.06,0.96,5,0.5,297433.0,0.0,15,1,61654.760576068766,0.20728957639558745,0.20728957639558745,204.75852966308594,15
3710298,1.0,305382.0,305382.0,[],50,1.3,0.5,10,10,0.1,0.07986392233658934,0.09,5.48,1.08,5,0.5,305382.0,0.0,15,1,58874.43816245803,0.19278948386760852,0.19278948386760852,184.15207052230835,15
6853217,1.0,298893.0,298893.0,[],50,1.3,0.5,10,10,0.1,0.08359986049245799,0.04,5.62,0.98,5,0.5,298893.0,0.0,15,1,64092.92757223846,0.21443435467621677,0.21443435467621677,42.0066921710968,15
2916696,1.0,352295.0,352295.0,[],50,1.3,0.5,10,10,0.1,0.09246638582677341,0.06,5.48,1.1,5,0.5,352295.0,0.0,15,1,70271.10475571026,0.19946665367294528,0.19946665367294528,144.00071215629578,15
7161012,1.0,348023.0,348023.0,[],50,1.3,0.5,10,10,0.1,0.07502525084446243,0.07,6.039999999999999,1.02,5,0.5,348023.0,0.0,15,1,43718.53400461146,0.12561966882824255,0.12561966882824255,222.03973078727722,15
1618921,1.0,347020.0,347020.0,[],50,1.3,0.5,10,10,0.1,0.07156312971229109,0.07,5.359999999999999,0.97,5,0.5,347020.0,0.0,15,1,122434.80432763434,0.3528177175022602,0.3528177175022602,141.40966176986694,15
5039431,1.0,305701.0,305701.0,[],50,1.3,0.5,10,10,0.1,0.06769892379941625,0.05,5.18,0.98,5,0.5,305701.0,0.0,15,1,87414.4954310675,0.2859476921274955,0.2859476921274955,136.31594562530518,15
7159358,1.0,316985.0,316985.0,[],50,1.3,0.5,10,10,0.1,0.0806516074527772,0.07,5.34,1.1,5,0.5,316985.0,0.0,15,1,77822.4582306706,0.24550833077486506,0.24550833077486506,34.58059239387512,15
8762166,1.0,244968.0,244968.0,[],50,1.3,0.5,10,10,0.1,0.08718577377600412,0.05,5.86,0.99,5,0.5,244968.0,0.0,15,1,62156.97095098189,0.2537350631551137,0.2537350631551137,15.763061761856079,15
7397992,1.0,384189.0,384189.0,[],50,1.3,0.5,10,10,0.1,0.0798285844172409,0.06,5.24,0.97,5,0.5,384189.0,0.0,15,1,77093.14031347334,0.2006646216145526,0.2006646216145526,40.022866010665894,15
4280420,1.0,303478.0,303478.0,[],50,1.3,0.5,10,10,0.1,0.07632720799930812,0.05,5.720000000000001,0.97,5,0.5,303478.0,0.0,15,1,96238.85843670808,0.3171197201665626,0.3171197201665626,131.791241645813,15
1100657,1.0,320039.0,320039.0,[],50,1.3,0.5,10,10,0.1,0.07805092912539166,0.07,5.66,1.24,5,0.5,320039.0,0.0,15,1,71138.39682849999,0.22228039966535323,0.22228039966535323,223.07364773750305,15
5961239,1.0,313737.0,313737.0,[],50,1.3,0.5,10,10,0.1,0.07326579120325558,0.1,6.0,1.04,5,0.5,313737.0,0.0,15,1,75631.81437135948,0.24106756414244884,0.24106756414244884,219.87666726112366,15
3268463,1.0,289681.0,289681.0,[],50,1.3,0.5,10,10,0.1,0.07893664167751016,0.05,5.68,1.07,5,0.5,289681.0,0.0,15,1,60274.34906312419,0.20807146158403272,0.20807146158403272,135.58945894241333,15
622954,1.0,360524.0,360524.0,[],50,1.3,0.5,10,10,0.1,0.07437330954837283,0.05,5.800000000000001,1.01,5,0.5,360524.0,0.0,15,1,19601.73366609835,0.054370121451271895,0.054370121451271895,237.44203925132751,15
5798597,1.0,318602.0,318602.0,[],50,1.3,0.5,10,10,0.1,0.0846626646248107,0.04,5.68,0.96,5,0.5,318602.0,0.0,15,1,80732.01326501586,0.253394558932511,0.253394558932511,179.69015502929688,15
6679470,1.0,304895.0,304895.0,[],50,1.3,0.5,10,10,0.1,0.08122172678841443,0.06,5.98,1.21,5,0.5,304895.0,0.0,15,1,46069.680752997694,0.15110015170139784,0.15110015170139784,194.56361842155457,15
5034196,1.0,336505.0,336505.0,[],50,1.3,0.5,10,10,0.1,0.08305813755184616,0.06,6.0,1.0,5,0.5,336505.0,0.0,15,1,59136.52561311309,0.17573743514394463,0.17573743514394463,173.1526002883911,15
1834849,1.0,342128.0,342128.0,[],50,1.3,0.5,10,10,0.1,0.06942078774979593,0.07,5.98,1.05,5,0.5,342128.0,0.0,15,1,35532.332022803945,0.10385683727378041,0.10385683727378041,50.51712512969971,15
7713173,1.0,366817.0,366817.0,[],50,1.3,0.5,10,10,0.1,0.07834133975722331,0.09,5.68,1.0,5,0.5,366817.0,0.0,15,1,25918.487283292834,0.0706578137962331,0.0706578137962331,213.08327317237854,15
2218781,1.0,307228.0,307228.0,[],50,1.3,0.5,10,10,0.1,0.07747983092416857,0.08,5.720000000000001,1.35,5,0.5,307228.0,0.0,15,1,72376.0453123741,0.23557763391479325,0.23557763391479325,14.28923773765564,15
7127535,1.0,331820.0,331820.0,[],50,1.3,0.5,10,10,0.1,0.06926988670533324,0.05,5.78,1.0,5,0.5,331820.0,0.0,15,1,49873.494418767536,0.15030285823267897,0.15030285823267897,163.48711347579956,15
6877221,1.0,356951.0,356951.0,[],50,1.3,0.5,10,10,0.1,0.0785561444630657,0.08,5.720000000000001,0.99,5,0.5,356951.0,0.0,15,1,44108.02428363256,0.12356884917995065,0.12356884917995065,223.3799889087677,15
9171898,1.0,334771.0,334771.0,[],50,1.3,0.5,10,10,0.1,0.06617808764479441,0.07,5.82,0.96,5,0.5,334771.0,0.0,15,1,36549.483437868505,0.10917756746512841,0.10917756746512841,3.1740951538085938,15
1568840,1.0,390726.0,390726.0,[],50,1.3,0.5,10,10,0.1,0.07678774471450207,0.1,5.78,0.99,5,0.5,390726.0,0.0,15,1,64299.8721471123,0.16456512273847224,0.16456512273847224,229.35500812530518,15
8820468,1.0,304774.0,304774.0,[],50,1.3,0.5,10,10,0.1,0.07502228176205472,0.08,5.48,0.98,5,0.5,304774.0,0.0,15,1,31590.14298925442,0.1036510430327207,0.1036510430327207,142.00964307785034,15
5949664,1.0,320223.0,320223.0,[],50,1.3,0.5,10,10,0.1,0.070898548785913,0.06,5.54,1.0,5,0.5,320223.0,0.0,15,1,72123.39272459611,0.2252286460516456,0.2252286460516456,142.52390789985657,15
4685714,1.0,367620.0,367620.0,[],50,1.3,0.5,10,10,0.1,0.08077075361854233,0.08,5.78,1.02,5,0.5,367620.0,0.0,15,1,39594.607785629014,0.10770526028406782,0.10770526028406782,39.77080464363098,15
732457,1.0,326823.0,326823.0,[],50,1.3,0.5,10,11,0.1,0.08503669890459882,0.1,6.0600000000000005,0.96,5,0.5,326823.0,0.0,15,1,45355.73505497449,0.13877767187430043,0.13877767187430043,207.1487033367157,15
7561280,1.0,313732.0,313732.0,[],50,1.3,0.5,10,10,0.1,0.07373011645812848,0.07,5.78,0.96,5,0.5,313732.0,0.0,15,1,41975.95959575554,0.13379559495287552,0.13379559495287552,222.13570833206177,15
5088143,1.0,309895.0,309895.0,[],50,1.3,0.5,10,10,0.1,0.07705617788748007,0.08,5.42,1.01,5,0.5,309895.0,0.0,15,1,30148.008081435244,0.09728459020453781,0.09728459020453781,210.39015412330627,15
1187847,1.0,336421.0,336421.0,[],50,1.3,0.5,10,10,0.1,0.08116540515496137,0.07,6.1,1.04,5,0.5,336421.0,0.0,15,1,63108.87452608523,0.1875889867935867,0.1875889867935867,114.86549687385559,15
6133452,1.0,320576.0,320576.0,[],50,1.3,0.5,10,10,0.1,0.08749686731335413,0.07,5.42,0.98,5,0.5,320576.0,0.0,15,1,53666.23907218128,0.16740566690014622,0.16740566690014622,199.65519428253174,15
6301871,1.0,326570.0,326570.0,[],50,1.3,0.5,10,10,0.1,0.07427756779556342,0.07,5.6,0.97,5,0.5,326570.0,0.0,15,1,65192.09167508036,0.1996267007841515,0.1996267007841515,144.5627474784851,15
1822471,1.0,378767.0,378767.0,[],50,1.3,0.5,10,10,0.1,0.07679707423661744,0.06,5.48,1.04,5,0.5,378767.0,0.0,15,1,99065.59665781833,0.2615475916798938,0.2615475916798938,202.86578392982483,15
4096090,1.0,377988.0,377988.0,[],50,1.3,0.5,10,10,0.1,0.08076986872296578,0.05,5.34,0.99,5,0.5,377988.0,0.0,15,1,37520.18972625559,0.09926291238413809,0.09926291238413809,204.92240142822266,15
6097892,1.0,301478.0,301478.0,[],50,1.3,0.5,10,10,0.1,0.06898596063258158,0.07,5.800000000000001,0.99,5,0.5,301478.0,0.0,15,1,10668.884186071975,0.03538859945359852,0.03538859945359852,234.05630445480347,15
8535628,1.0,358446.0,358446.0,[],50,1.3,0.5,10,10,0.1,0.0834639112150094,0.09,6.14,1.0,5,0.5,358446.0,0.0,15,1,51497.03609087064,0.14366748712740732,0.14366748712740732,184.30128741264343,15
447431,1.0,345205.0,345205.0,[],50,1.3,0.5,10,10,0.1,0.06841004649710763,0.04,5.3,1.11,5,0.5,345205.0,0.0,15,1,48867.102554056975,0.14155966035850284,0.14155966035850284,21.576318740844727,15
194526,1.0,279822.0,279822.0,[],50,1.3,0.5,10,10,0.1,0.08273217240278677,0.08,5.62,0.96,5,0.5,279822.0,0.0,15,1,27193.56281501591,0.09718164695776568,0.09718164695776568,96.51772332191467,15
8055584,1.0,352963.0,352963.0,[],50,1.3,0.5,10,10,0.1,0.08592113986718365,0.07,5.74,1.04,5,0.5,352963.0,0.0,15,1,140724.26241449817,0.39869409092312275,0.39869409092312275,19.66467595100403,15
3336631,1.0,291069.0,291069.0,[],50,1.3,0.5,10,10,0.1,0.0779097952318062,0.06,5.94,0.98,5,0.5,291069.0,0.0,15,1,76323.27934775203,0.2622171352763504,0.2622171352763504,28.908533573150635,15
8319421,1.0,345506.0,345506.0,[],50,1.3,0.5,10,10,0.1,0.06577864286456844,0.08,5.74,0.96,5,0.5,345506.0,0.0,15,1,49738.47530940242,0.14395835473017088,0.14395835473017088,228.1245698928833,15
1756831,1.0,348746.0,348746.0,[],50,1.3,0.5,10,10,0.1,0.08147930170381572,0.07,5.9,0.96,5,0.5,348746.0,0.0,15,1,65297.161536679974,0.18723415189473133,0.18723415189473133,182.55554270744324,15
4441044,1.0,378338.0,378338.0,[],50,1.3,0.5,10,10,0.1,0.08624060416940377,0.08,5.26,1.06,5,0.5,378338.0,0.0,15,1,59013.08406125614,0.15597979600583642,0.15597979600583642,27.50231122970581,15
1756444,1.0,324984.0,324984.0,[],50,1.3,0.5,10,10,0.1,0.09348104361914439,0.04,5.880000000000001,1.03,5,0.5,324984.0,0.0,15,1,70310.18616897162,0.21634968542750294,0.21634968542750294,90.42338371276855,15
8049088,1.0,283747.0,283747.0,[],50,1.3,0.5,10,10,0.1,0.08611479652469634,0.08,5.58,1.36,5,0.5,283747.0,0.0,15,1,86125.46239497454,0.30352906777860045,0.30352906777860045,8.495922803878784,15
8422110,1.0,307075.0,307075.0,[],50,1.3,0.5,10,10,0.1,0.07699039194519029,0.05,5.9399999999999995,1.05,5,0.5,307075.0,0.0,15,1,76997.97828581142,0.25074648957359413,0.25074648957359413,25.369746446609497,15
459661,1.0,351574.0,351574.0,[],50,1.3,0.5,10,10,0.1,0.08393135396383188,0.05,5.22,0.98,5,0.5,351574.0,0.0,15,1,98836.90892628377,0.28112690052814987,0.28112690052814987,37.654234886169434,15
1466874,1.0,311358.0,311358.0,[],50,1.3,0.5,10,10,0.1,0.0709076075862239,0.07,6.08,0.96,5,0.5,311358.0,0.0,15,1,33078.44369335782,0.10623926057258146,0.10623926057258146,239.46355319023132,15
1815211,1.0,343336.0,343336.0,[],50,1.3,0.5,10,10,0.1,0.07939869234609415,0.1,5.5600000000000005,1.06,5,0.5,343336.0,0.0,20,1,28330.532472569612,0.08251547310089712,0.08251547310089712,139.36322593688965,15
3642896,1.0,399245.0,399245.0,[],50,1.3,0.5,10,10,0.1,0.07819663906784191,0.06,5.74,1.07,5,0.5,399245.0,0.0,20,1,82920.75410586059,0.20769390751508618,0.20769390751508618,107.77898693084717,15
1696961,1.0,351368.0,351368.0,[],50,1.3,0.5,10,10,0.1,0.06477833163852822,0.05,5.26,0.95,5,0.5,351368.0,0.0,20,1,70420.15939115701,0.20041711081019617,0.20041711081019617,173.82363986968994,15
6429017,1.0,355288.0,355288.0,[],50,1.3,0.5,10,10,0.1,0.08571661629964242,0.12,5.26,1.01,5,0.5,355288.0,0.0,20,1,56749.64682289579,0.15972857744392097,0.15972857744392097,900.6745715141296,15
6560932,1.0,341011.0,341011.0,[],50,1.3,0.5,10,10,0.1,0.0776817484685883,0.08,5.62,0.97,5,0.5,341011.0,0.0,20,1,66329.39095745387,0.19450806852991215,0.19450806852991215,53.388673305511475,15
6993551,1.0,320305.0,320305.0,[],50,1.3,0.5,10,10,0.1,0.07483808066152886,0.08,5.4,0.97,5,0.5,320305.0,0.0,20,1,54811.42532479163,0.17112260290907613,0.17112260290907613,1237.7277793884277,15
5500152,1.0,417787.0,417787.0,[],50,1.3,0.5,10,10,0.1,0.07331939187525054,0.13,5.48,1.13,5,0.5,417787.0,0.0,20,1,102820.14214190445,0.2461066096884404,0.2461066096884404,1568.2167468070984,15
3609445,1.0,306113.0,306113.0,[],50,1.3,0.5,10,10,0.1,0.0797679734882647,0.1,5.82,0.98,5,0.5,306113.0,0.0,20,1,33981.97341104657,0.11101120635532163,0.11101120635532163,93.85654616355896,15
8214972,1.0,298976.0,298976.0,[],50,1.3,0.5,10,10,0.1,0.07805073391681766,0.06,5.84,0.96,5,0.5,298976.0,0.0,20,1,47724.91036717833,0.15962789778168926,0.15962789778168926,1654.1869337558746,15
2333729,1.0,331709.0,331709.0,[],50,1.3,0.5,10,10,0.1,0.07433638291858707,0.1,5.22,0.99,5,0.5,331709.0,0.0,20,1,25233.56222729349,0.076071382528944,0.076071382528944,1629.5766830444336,15
1556704,1.0,295538.0,295538.0,[],50,1.3,0.5,10,10,0.1,0.08410929572662496,0.11,5.66,1.12,5,0.5,295538.0,0.0,20,1,42429.9274115531,0.14356843252493115,0.14356843252493115,770.7771310806274,15
8333687,1.0,299487.0,299487.0,[],50,1.3,0.5,10,10,0.1,0.08000962360981938,0.04,5.6,0.96,5,0.5,299487.0,0.0,20,1,60598.95635255055,0.20234252689616095,0.20234252689616095,79.40810751914978,15
2416572,1.0,358271.0,358271.0,[],50,1.3,0.5,10,10,0.1,0.07563148022110992,0.12,5.86,1.21,5,0.5,358271.0,0.0,20,1,49507.91600959006,0.13818566395156198,0.13818566395156198,709.670147895813,15
9373371,1.0,267011.0,267011.0,[],50,1.3,0.5,10,10,0.1,0.0868187200121172,0.09,5.6,0.98,5,0.5,267011.0,0.0,20,1,83727.46070862119,0.31357307642239907,0.31357307642239907,36.401639223098755,15
6592302,1.0,411328.0,411328.0,[],50,1.3,0.5,10,10,0.1,0.07760577869925178,0.07,5.48,1.15,5,0.5,411328.0,0.0,20,1,58852.255468867006,0.14307865126825065,0.14307865126825065,1504.1607036590576,15
9336526,1.0,326137.0,326137.0,[],50,1.3,0.5,10,10,0.1,0.07970485356040839,0.06,5.26,0.98,5,0.5,326137.0,0.0,20,1,50094.18785501525,0.15359860382298005,0.15359860382298005,702.5914540290833,15
2735279,1.0,340402.0,340402.0,[],50,1.3,0.5,10,11,0.1,0.07806294931126301,0.07,6.0,0.95,5,0.5,340402.0,0.0,20,1,48774.02806409875,0.1432836119179639,0.1432836119179639,774.4584875106812,15
9409722,1.0,290233.0,290233.0,[],50,1.3,0.5,10,10,0.1,0.07727472110528827,0.06,5.800000000000001,1.0,5,0.5,290233.0,0.0,20,1,16924.161798443158,0.0583123276761883,0.0583123276761883,544.2295818328857,15
3592841,1.0,297864.0,297864.0,[],50,1.3,0.5,10,10,0.1,0.07970059840612127,0.12,5.74,1.03,5,0.5,297864.0,0.0,20,1,145410.49761844223,0.48817748240284903,0.48817748240284903,1159.4875657558441,15
6167283,1.0,303377.0,303377.0,[],50,1.3,0.5,10,10,0.1,0.08053276649436383,0.08,6.0,1.02,5,0.5,303377.0,0.0,20,1,51572.38562768655,0.16999438199892064,0.16999438199892064,762.2267024517059,15
2894223,1.0,288642.0,288642.0,[],50,1.3,0.5,10,10,0.1,0.07517705618797382,0.08,5.76,1.01,5,0.5,288642.0,0.0,20,1,48816.947976705975,0.16912628091790513,0.16912628091790513,720.1123270988464,15
8898752,1.0,334590.0,334590.0,[],50,1.3,0.5,10,11,0.1,0.07102478307478363,0.09,5.7,1.01,5,0.5,334590.0,0.0,20,1,19584.22472451365,0.05853200850149033,0.05853200850149033,769.3972964286804,15
7248672,1.0,350229.0,350229.0,[],50,1.3,0.5,10,10,0.1,0.07869262669670285,0.09,5.640000000000001,1.01,5,0.5,350229.0,0.0,20,1,42286.35738701493,0.12073916605139759,0.12073916605139759,1098.1778032779694,15
9503652,1.0,346387.0,346387.0,[],50,1.3,0.5,10,10,0.1,0.08213087895479597,0.12,5.66,1.04,5,0.5,346387.0,0.0,20,1,67307.96307277348,0.19431434514798038,0.19431434514798038,1437.5315160751343,15
8585440,1.0,312230.0,312230.0,[],50,1.3,0.5,10,10,0.1,0.08050724591781985,0.06,5.52,1.04,5,0.5,312230.0,0.0,20,1,78778.91377501533,0.25231052036964846,0.25231052036964846,733.0814077854156,15
7210656,1.0,341151.0,341151.0,[],50,1.3,0.5,10,10,0.1,0.07978126476482858,0.09,5.640000000000001,1.07,5,0.5,341151.0,0.0,20,1,46886.00058638764,0.1374347446919037,0.1374347446919037,1085.4612410068512,15
5053797,1.0,216000.0,216000.0,[],50,1.3,0.5,10,10,0.1,0.08016589916793436,0.06,5.5,1.0,5,0.5,216000.0,0.0,20,1,78488.9282960217,0.36337466803713747,0.36337466803713747,485.64671516418457,15
5180169,1.0,302913.0,302913.0,[],50,1.3,0.5,10,10,0.1,0.07989453231525721,0.08,5.880000000000001,1.03,5,0.5,302913.0,0.0,20,1,41640.26375825388,0.13746608352316964,0.13746608352316964,1558.6668372154236,15
8879242,1.0,312312.0,312312.0,[],50,1.3,0.5,10,13,0.1,0.07538141804546243,0.14,5.92,0.99,5,0.5,312312.0,0.0,20,1,34138.27219259712,0.10930823084798894,0.10930823084798894,1020.3132963180542,15
2266293,1.0,323345.0,323345.0,[],50,1.3,0.5,10,10,0.1,0.07754764074540713,0.08,5.76,1.03,5,0.5,323345.0,0.0,20,1,75908.0332377991,0.23475864243393002,0.23475864243393002,150.51996517181396,15
8577504,1.0,394137.0,394137.0,[],50,1.3,0.5,10,10,0.1,0.0765431690254072,0.07,5.42,0.99,5,0.5,394137.0,0.0,20,1,78132.03045568515,0.1982357161486619,0.1982357161486619,1102.5845472812653,15
2225371,1.0,334031.0,334031.0,[],50,1.3,0.5,10,10,0.1,0.07728347744104219,0.08,5.359999999999999,1.02,5,0.5,334031.0,0.0,20,1,69703.55336510015,0.2086739056108569,0.2086739056108569,1073.211823940277,15
1635974,1.0,312438.0,312438.0,[],50,1.3,0.5,10,11,0.1,0.07755778815010021,0.1,5.640000000000001,1.01,5,0.5,312438.0,0.0,20,1,31517.681096400865,0.10087659342461822,0.10087659342461822,762.205851316452,15
2180893,1.0,299978.0,299978.0,[],50,1.3,0.5,10,10,0.1,0.08169468355851266,0.06,5.68,1.01,5,0.5,299978.0,0.0,20,1,43826.15541474617,0.1460978985617151,0.1460978985617151,480.0695629119873,15
8731961,1.0,345040.0,345040.0,[],50,1.3,0.5,10,10,0.1,0.07797168866373928,0.07,5.68,0.98,5,0.5,345040.0,0.0,20,1,55595.755959814705,0.1611284371661683,0.1611284371661683,707.910890340805,15
8187893,1.0,267402.0,267402.0,[],50,1.3,0.5,10,10,0.1,0.08366781397577439,0.07,5.78,0.96,5,0.5,267402.0,0.0,20,1,34010.65224870139,0.12718922165391955,0.12718922165391955,43.51583504676819,15
809493,1.0,330450.0,330450.0,[],50,1.3,0.5,10,10,0.1,0.08085526551681216,0.06,5.62,0.95,5,0.5,330450.0,0.0,20,1,56581.26471833432,0.1712248894487345,0.1712248894487345,1507.0107188224792,15
3734312,1.0,303577.0,303577.0,[],50,1.3,0.5,10,10,0.1,0.07775638858281478,0.06,5.720000000000001,1.01,5,0.5,303577.0,0.0,20,1,68356.99483003198,0.22517185040379206,0.22517185040379206,107.81803059577942,15
5757722,1.0,358619.0,358619.0,[],50,1.3,0.5,10,10,0.1,0.08263885462093926,0.08,5.9,0.98,5,0.5,358619.0,0.0,20,1,59887.01220136679,0.16699341697279507,0.16699341697279507,182.0043625831604,15
8833448,1.0,359120.0,359120.0,[],50,1.3,0.5,10,10,0.1,0.07685982126788755,0.09,5.880000000000001,1.03,5,0.5,359120.0,0.0,20,1,65928.51025867311,0.18358351041065132,0.18358351041065132,77.8162612915039,15
4575885,1.0,308367.0,308367.0,[],50,1.3,0.5,10,10,0.1,0.07324935769169078,0.05,5.82,0.98,5,0.5,308367.0,0.0,20,1,101130.45562674102,0.3279548577725276,0.3279548577725276,795.338858127594,15
754916,1.0,380669.0,380669.0,[],50,1.3,0.5,10,10,0.1,0.07188964571400601,0.05,5.720000000000001,1.03,5,0.5,380669.0,0.0,20,1,65314.1386051962,0.17157724586240594,0.17157724586240594,1636.07573056221,15
2548428,1.0,407897.0,407897.0,[],50,1.3,0.5,10,10,0.1,0.06809350411323134,0.08,5.199999999999999,0.99,5,0.5,407897.0,0.0,20,1,92103.9648127074,0.2258020157360986,0.2258020157360986,204.14310312271118,15
2107232,1.0,345113.0,345113.0,[],50,1.3,0.5,10,14,0.1,0.0679845224220161,0.16,5.62,0.99,5,0.5,345113.0,0.0,20,1,106615.06108051351,0.30892797744655665,0.30892797744655665,1666.72665143013,15
9106476,1.0,279308.0,279308.0,[],50,1.3,0.5,10,10,0.1,0.08458038051330119,0.07,5.08,0.96,5,0.5,279308.0,0.0,20,1,47223.716944397886,0.16907398622451875,0.16907398622451875,414.4301302433014,15
438203,1.0,290301.0,290301.0,[],50,1.3,0.5,10,10,0.1,0.08051174255546004,0.08,5.76,1.04,5,0.5,290301.0,0.0,20,1,79822.75586600754,0.27496548708412144,0.27496548708412144,508.7538070678711,15
2280657,1.0,258904.0,258904.0,[],50,1.3,0.5,10,10,0.1,0.07044544373452688,0.12,5.9,1.02,5,0.5,258904.0,0.0,20,1,70220.31637473566,0.27122144259932507,0.27122144259932507,829.7075107097626,15
2940560,1.0,342571.0,342571.0,[],50,1.3,0.5,10,10,0.1,0.08253112235635701,0.05,5.86,0.97,5,0.5,342571.0,0.0,20,1,82300.02925442229,0.24024225417336054,0.24024225417336054,307.3923907279968,15
2729809,1.0,308451.0,308451.0,[],50,1.3,0.5,10,10,0.1,0.07474673814919111,0.06,5.18,0.99,5,0.5,308451.0,0.0,20,1,21964.98866701538,0.07121062556780616,0.07121062556780616,785.0521309375763,15
2132312,1.0,323189.0,323189.0,[],50,1.3,0.5,10,10,0.1,0.06618013319290468,0.08,5.5600000000000005,0.97,5,0.5,323189.0,0.0,20,1,39284.23106775177,0.12155188161648994,0.12155188161648994,585.4402692317963,15
8730766,1.0,334086.0,334086.0,[],50,1.3,0.5,10,10,0.1,0.07340724287582404,0.11,5.52,1.05,5,0.5,334086.0,0.0,20,1,66596.59629983264,0.19933967990227858,0.19933967990227858,57.08190083503723,15
1664156,1.0,368833.0,368833.0,[],50,1.3,0.5,10,10,0.1,0.08292736097543355,0.07,5.5600000000000005,1.09,5,0.5,368833.0,0.0,20,1,45377.48779448346,0.12302990186475575,0.12302990186475575,1.6685655117034912,15
9216645,1.0,323026.0,323026.0,[],50,1.3,0.5,10,11,0.1,0.07429488367320186,0.07,5.9,0.97,5,0.5,323026.0,0.0,20,1,66872.31803113007,0.20701837632614734,0.20701837632614734,568.5260541439056,15
1109055,1.0,335541.0,335541.0,[],50,1.3,0.5,10,10,0.1,0.07454205179744879,0.06,5.78,1.0,5,0.5,335541.0,0.0,20,1,106280.07219616853,0.3167424314649135,0.3167424314649135,550.502368927002,15
9897156,1.0,275609.0,275609.0,[],50,1.3,0.5,10,10,0.1,0.07042629380192363,0.08,5.9399999999999995,0.96,5,0.5,275609.0,0.0,20,1,45632.90595093291,0.16557117492873205,0.16557117492873205,5.062910556793213,15
3605350,1.0,287593.0,287593.0,[],50,1.3,0.5,10,10,0.1,0.07528314214160836,0.09,5.640000000000001,1.05,5,0.5,287593.0,0.0,20,1,84715.17680826203,0.29456619878878143,0.29456619878878143,817.9169430732727,15
7632424,1.0,343054.0,343054.0,[],50,1.3,0.5,10,10,0.1,0.06685049542673704,0.05,5.46,1.01,5,0.5,343054.0,0.0,20,1,74605.90359624248,0.2174756848666463,0.2174756848666463,1218.9693298339844,15
7622873,1.0,372199.0,372199.0,[],50,1.3,0.5,10,10,0.1,0.0775216879338218,0.07,5.96,1.02,5,0.5,372199.0,0.0,20,1,60972.106945443935,0.16381588060538566,0.16381588060538566,1110.1449315547943,15
1355228,1.0,274378.0,274378.0,[],50,1.3,0.5,10,12,0.1,0.07504592785234374,0.09,5.66,0.96,5,0.5,274378.0,0.0,20,1,53238.29494428665,0.19403266641015918,0.19403266641015918,531.091472864151,15
560358,1.0,332682.0,332682.0,[],50,1.3,0.5,10,10,0.1,0.07183880936620089,0.07,5.6,1.03,5,0.5,332682.0,0.0,20,1,47014.81356558676,0.14132058111225362,0.14132058111225362,1148.5349562168121,15
9324466,1.0,342112.0,342112.0,[],50,1.3,0.5,10,10,0.1,0.08058981662823429,0.06,5.24,1.03,5,0.5,342112.0,0.0,20,1,48927.68000215076,0.14301655598795354,0.14301655598795354,666.2090754508972,15
9848543,1.0,303691.0,303691.0,[],50,1.3,0.5,10,11,0.1,0.08253622703614974,0.04,5.54,0.96,5,0.5,303691.0,0.0,20,1,45139.89415887627,0.14863757621686605,0.14863757621686605,1083.763801574707,15
1112920,1.0,335430.0,335430.0,[],50,1.3,0.5,10,10,0.1,0.08295090884881393,0.1,5.74,0.98,5,0.5,335430.0,0.0,20,1,52918.9923891778,0.15776463759704798,0.15776463759704798,1398.5153806209564,15
1955813,1.0,291604.0,291604.0,[],50,1.3,0.5,10,10,0.1,0.07692847832168137,0.05,5.92,1.0,5,0.5,291604.0,0.0,20,1,83159.10556003034,0.28517820592320525,0.28517820592320525,853.0520522594452,15
9124955,1.0,381067.0,381067.0,[],50,1.3,0.5,10,10,0.1,0.08300060146393165,0.09,5.7,1.01,5,0.5,381067.0,0.0,20,1,94572.09043722496,0.248177067122645,0.248177067122645,616.961718082428,15
4062693,1.0,266227.0,266227.0,[],50,1.3,0.5,10,10,0.1,0.06929372897843561,0.11,5.640000000000001,1.03,5,0.5,266227.0,0.0,20,1,110806.44130849908,0.41621038177382114,0.41621038177382114,811.114832162857,15
3049413,1.0,325798.0,325798.0,[],50,1.3,0.5,10,12,0.1,0.08241168730571906,0.13,5.78,1.01,5,0.5,325798.0,0.0,20,1,36049.2160043475,0.11064897882843817,0.11064897882843817,924.3086197376251,15
9970458,1.0,381532.0,381532.0,[],50,1.3,0.5,10,10,0.1,0.07975875141623408,0.05,5.86,0.98,5,0.5,381532.0,0.0,20,1,44958.414705583906,0.11783655029089016,0.11783655029089016,965.7690281867981,15
2116938,1.0,235804.0,235804.0,[],50,1.3,0.5,10,10,0.1,0.07322344989357538,0.07,5.78,0.98,5,0.5,235804.0,0.0,20,1,34993.72802079979,0.14840175747994008,0.14840175747994008,367.08629298210144,15
9423028,1.0,366232.0,366232.0,[],50,1.3,0.5,10,10,0.1,0.0804328044912705,0.04,6.039999999999999,0.96,5,0.5,366232.0,0.0,20,1,45069.16796322177,0.12306179679334894,0.12306179679334894,1049.0441777706146,15
8574734,1.0,405418.0,405418.0,[],50,1.3,0.5,10,10,0.1,0.07399919389807692,0.11,6.02,1.05,5,0.5,405418.0,0.0,20,1,49865.36423593874,0.12299741066242431,0.12299741066242431,1624.0350604057312,15
958934,1.0,343735.0,343735.0,[],50,1.3,0.5,10,10,0.1,0.08421280532625694,0.12,5.78,1.0,5,0.5,343735.0,0.0,20,1,61962.2398004663,0.18026165447355172,0.18026165447355172,1008.7818322181702,15
7878825,1.0,321889.0,321889.0,[],50,1.3,0.5,10,10,0.1,0.08427615969286101,0.09,5.38,1.02,5,0.5,321889.0,0.0,20,1,139099.2923906371,0.4321343456615078,0.4321343456615078,66.582355260849,15
9763124,1.0,269898.0,269898.0,[],50,1.3,0.5,10,10,0.1,0.07963806773984847,0.06,5.62,1.01,5,0.5,269898.0,0.0,20,1,38557.482529942434,0.14285945998096478,0.14285945998096478,769.0388550758362,15
4632436,1.0,339832.0,339832.0,[],50,1.3,0.5,10,13,0.1,0.07667323073118032,0.13,5.38,1.07,5,1.5,339832.0,0.0,20,1,39573.79236065895,0.11645104746068335,0.11645104746068335,1633.990718126297,15
402259,1.0,343636.0,343636.0,[],50,1.3,0.5,10,10,0.1,0.07973395871154759,0.07,5.32,0.97,5,0.5,343636.0,0.0,20,1,52384.24898354865,0.15244109750884263,0.15244109750884263,751.9896032810211,15
3061580,1.0,324613.0,324613.0,[],50,1.3,0.5,10,10,0.1,0.07460692057321035,0.08,6.1,0.97,5,0.5,324613.0,0.0,20,1,91627.88878383083,0.28226808163514966,0.28226808163514966,784.1383113861084,15
9503021,1.0,329981.0,329981.0,[],50,1.3,0.5,10,10,0.1,0.07444811030149004,0.1,5.68,0.99,5,0.5,329981.0,0.0,20,1,86430.87017705051,0.2619268084436695,0.2619268084436695,497.3899042606354,15
937409,1.0,339059.0,339059.0,[],50,1.3,0.5,10,10,0.1,0.07902167130281214,0.1,5.4399999999999995,0.97,5,0.5,339059.0,0.0,20,1,84853.27894433461,0.25026110188590955,0.25026110188590955,189.70561599731445,15
1662794,1.0,394879.0,394879.0,[],50,1.3,0.5,10,10,0.1,0.07935893597858978,0.07,5.66,1.0,5,0.5,394879.0,0.0,20,1,57247.186227290156,0.14497399514101827,0.14497399514101827,1084.1069839000702,15
6702096,1.0,260697.0,260697.0,[],50,1.3,0.5,10,10,0.1,0.07347370302754692,0.06,5.68,1.04,5,0.5,260697.0,0.0,20,1,54825.17765329835,0.21030229597309655,0.21030229597309655,777.1445853710175,15
543716,1.0,337678.0,337678.0,[],50,1.3,0.5,10,10,0.1,0.08073405512621996,0.09,6.0,0.98,5,0.5,337678.0,0.0,20,1,53297.92273176702,0.15783652690363903,0.15783652690363903,140.2817771434784,15
9393804,1.0,264600.0,264600.0,[],50,1.3,0.5,10,10,0.1,0.0812417343403437,0.03,5.46,0.94,5,0.5,264600.0,0.0,20,1,35002.240527681795,0.13228359987786015,0.13228359987786015,495.751699924469,15
4265195,1.0,315494.0,315494.0,[],50,1.3,0.5,10,10,0.1,0.07508075985554019,0.07,5.42,0.97,5,0.5,315494.0,0.0,20,1,60918.7191297761,0.19308994506956106,0.19308994506956106,714.1602647304535,15
848029,1.0,317209.0,317209.0,[],50,1.3,0.5,10,10,0.1,0.08387465544281075,0.06,6.06,0.94,5,0.5,317209.0,0.0,20,1,77299.9635368445,0.24368780058839598,0.24368780058839598,713.0084948539734,15
6068308,1.0,292106.0,292106.0,[],50,1.3,0.5,10,10,0.1,0.08086955458346062,0.09,5.68,1.04,5,0.5,292106.0,0.0,20,1,53878.019319757535,0.1844468080756901,0.1844468080756901,353.37748193740845,15
7485863,1.0,257692.0,257692.0,[],50,1.3,0.5,10,10,0.1,0.07483330943554825,0.07,5.42,1.0,5,0.5,257692.0,0.0,20,1,50364.37222864585,0.19544406589512228,0.19544406589512228,578.9360675811768,15
9765845,1.0,443033.0,443033.0,[],50,1.3,0.5,10,10,0.1,0.07178308652732458,0.12,5.54,1.04,5,0.5,443033.0,0.0,20,1,40201.82605707142,0.09074228343502949,0.09074228343502949,1665.4426102638245,15
1977523,1.0,349913.0,349913.0,[],50,1.3,0.5,10,10,0.1,0.08152207635620026,0.03,5.78,1.0,5,0.5,349913.0,0.0,20,1,55565.19692713523,0.15879717794747616,0.15879717794747616,353.0613524913788,15
3053292,1.0,343409.0,343409.0,[],50,1.3,0.5,10,10,0.1,0.08026280054079404,0.06,5.66,1.02,5,0.5,343409.0,0.0,20,1,112858.4573948084,0.32864152481387615,0.32864152481387615,145.90526247024536,15
7205201,1.0,278699.0,278699.0,[],50,1.3,0.5,10,11,0.1,0.07343748271506852,0.12,5.42,1.04,5,0.5,278699.0,0.0,20,1,19585.03540156095,0.07027307382359085,0.07027307382359085,577.8011183738708,15
7406366,1.0,284678.0,284678.0,[],50,1.3,0.5,10,10,0.1,0.08316060781831905,0.05,5.800000000000001,0.94,5,0.5,284678.0,0.0,20,1,136008.2767325659,0.4777618106512126,0.4777618106512126,663.2066926956177,15
828218,1.0,265114.0,265114.0,[],50,1.3,0.5,10,10,0.1,0.07908703161670769,0.07,5.5,0.97,5,0.5,265114.0,0.0,20,1,35726.35001501912,0.13475844359414862,0.13475844359414862,737.3544542789459,15
4111702,1.0,274987.0,274987.0,[],50,1.3,0.5,10,10,0.1,0.06627972890693185,0.1,5.9,1.01,5,0.5,274987.0,0.0,20,1,45872.02705248738,0.16681525691209903,0.16681525691209903,1209.5972619056702,15
4840671,1.0,346694.0,346694.0,[],50,1.3,0.5,10,10,0.1,0.06808672489553905,0.04,5.46,1.08,5,0.5,346694.0,0.0,20,1,38403.25735447783,0.11076989320402957,0.11076989320402957,263.2857983112335,15
4147460,1.0,338259.0,338259.0,[],50,1.3,0.5,10,10,0.1,0.0764006837735568,0.07,5.800000000000001,0.98,5,0.5,338259.0,0.0,20,1,91467.75313797237,0.27040744854674187,0.27040744854674187,1107.5900921821594,15
3573959,1.0,406038.0,406038.0,[],50,1.3,0.5,10,10,0.1,0.07586221338577692,0.1,5.18,1.13,5,0.5,406038.0,0.0,20,1,90966.96748668706,0.2240356013148697,0.2240356013148697,5.55819034576416,15
5214889,1.0,216826.0,216826.0,[],50,1.3,0.5,10,10,0.1,0.0850407736117379,0.08,5.38,0.97,5,0.5,216826.0,0.0,20,1,43216.96032205332,0.1993163196390346,0.1993163196390346,1.5853850841522217,15
5785743,1.0,334367.0,334367.0,[],50,1.3,0.5,10,10,0.1,0.08290538194878194,0.09,5.7,0.99,5,0.5,334367.0,0.0,20,1,71955.54750993218,0.21519930947112656,0.21519930947112656,918.9274275302887,15
8345232,1.0,211745.0,211745.0,[],50,1.3,0.5,10,10,0.1,0.07643092902537142,0.05,5.94,0.96,5,0.5,211745.0,0.0,25,1,71012.11233299942,0.33536618259226625,0.33536618259226625,1181.5621438026428,15
1388270,1.0,224344.0,224344.0,[],50,1.3,0.5,10,10,0.1,0.07334289464669219,0.07,5.92,0.99,5,0.5,224344.0,0.0,25,1,32205.684333146,0.14355491715020682,0.14355491715020682,1156.5006415843964,15
8728174,1.0,188071.0,188071.0,[],50,1.3,0.5,10,10,0.1,0.07913870471562327,0.09,5.82,1.0,5,0.5,188071.0,0.0,25,1,42895.25223261812,0.228080098646884,0.228080098646884,1079.9352989196777,15
3510435,1.0,281590.0,281590.0,[],50,1.3,0.5,10,10,0.1,0.08681502244706019,0.1,5.82,0.99,5,0.5,281590.0,0.0,25,1,26812.102563253993,0.09521681367681378,0.09521681367681378,3373.1351046562195,15
9368456,1.0,374321.0,374321.0,[],50,1.3,0.5,10,10,0.1,0.08443016226733935,0.08,5.880000000000001,0.97,5,0.5,374321.0,0.0,25,1,76326.34786586025,0.2039061336816803,0.2039061336816803,1434.1396436691284,15
8319333,1.0,332374.0,332374.0,[],50,1.3,0.5,10,10,0.1,0.0808126386589755,0.11,5.76,1.05,5,0.5,332374.0,0.0,25,1,34815.4483746562,0.10474780931918921,0.10474780931918921,286.7967154979706,15
9634250,1.0,259072.0,259072.0,[],50,1.3,0.5,10,10,0.1,0.07844701108862898,0.07,5.5600000000000005,1.0,5,0.5,259072.0,0.0,25,1,54124.08417094752,0.2089152211390946,0.2089152211390946,1615.5825130939484,15
6405998,1.0,320248.0,320248.0,[],50,1.3,0.5,10,10,0.1,0.0765544945100899,0.09,5.86,1.03,5,0.5,320248.0,0.0,25,1,44957.27787543989,0.14038269677075232,0.14038269677075232,3956.4917674064636,15
6506394,1.0,343511.0,343511.0,[],50,1.3,0.5,10,11,0.1,0.07624645152133254,0.16,5.78,1.02,5,0.5,343511.0,0.0,25,1,18509.772847346427,0.05388407604806375,0.05388407604806375,4184.916311264038,15
1319855,1.0,362562.0,362562.0,[],50,1.3,0.5,10,11,0.1,0.07624326864467554,0.21,5.279999999999999,1.04,5,0.5,362562.0,0.0,25,1,101158.9223380519,0.2790113755386717,0.2790113755386717,2205.162431240082,15
2289431,1.0,327615.0,327615.0,[],50,1.3,0.5,10,10,0.1,0.07453744205272947,0.12,5.48,1.07,5,0.5,327615.0,0.0,25,1,33052.23499719102,0.10088742883320673,0.10088742883320673,5453.683716058731,15
6439105,1.0,263539.0,263539.0,[],50,1.3,0.5,10,10,0.1,0.07003955676905657,0.06,5.82,0.95,5,0.5,263539.0,0.0,25,1,50781.06662453371,0.1926890009620349,0.1926890009620349,3284.1923549175262,15
676072,1.0,338346.0,338346.0,[],50,1.3,0.5,10,11,0.1,0.07025784570739901,0.13,5.119999999999999,1.09,5,0.5,338346.0,0.0,25,1,105246.28055209485,0.31106110476286064,0.31106110476286064,4385.093650817871,15
7232345,1.0,337010.0,337010.0,[],50,1.3,0.5,10,10,0.1,0.08036535929059332,0.16,5.46,1.03,5,0.5,337010.0,0.0,25,1,55446.46181203049,0.16452467823515768,0.16452467823515768,5259.285068035126,15
6997480,1.0,296868.0,296868.0,[],50,1.3,0.5,10,10,0.1,0.08155375863924627,0.1,5.720000000000001,1.02,5,0.5,296868.0,0.0,25,1,44862.35509028456,0.1511188645805023,0.1511188645805023,2619.576342344284,15
6733376,1.0,343788.0,343788.0,[],50,1.3,0.5,10,10,0.1,0.07238981976987331,0.06,5.46,0.97,5,0.5,343788.0,0.0,25,1,35213.603905216456,0.10242825201931556,0.10242825201931556,3023.2033121585846,15
5589355,1.0,336261.0,336261.0,[],50,1.3,0.5,10,10,0.1,0.07111909476240819,0.08,5.74,0.99,5,0.5,336261.0,0.0,25,1,81867.22936927955,0.24346334950910023,0.24346334950910023,2082.5497040748596,15
3899831,1.0,354620.0,354620.0,[],50,1.3,0.5,10,10,0.1,0.07421637020736918,0.07,5.880000000000001,0.95,5,0.5,354620.0,0.0,25,1,29690.544692222793,0.08372495824325417,0.08372495824325417,2178.9583072662354,15
8428061,1.0,342326.0,342326.0,[],50,1.3,0.5,10,10,0.1,0.07977754525003325,0.08,5.66,1.01,5,0.5,342326.0,0.0,25,1,48995.275455173134,0.14312461062020745,0.14312461062020745,2059.305557012558,15
5197318,1.0,259645.0,259645.0,[],50,1.3,0.5,10,11,0.1,0.07693867393657094,0.08,5.78,0.98,5,0.5,259645.0,0.0,25,1,37755.15201361267,0.14541066461365584,0.14541066461365584,3780.2356021404266,15
4334926,1.0,260906.0,260906.0,[],50,1.3,0.5,10,10,0.1,0.08390798776145575,0.06,5.720000000000001,0.97,5,0.5,260906.0,0.0,25,1,40799.86682515543,0.15637764875148688,0.15637764875148688,2676.300036907196,15
7163161,1.0,342653.0,342653.0,[],50,1.3,0.5,10,11,0.1,0.07943323435754483,0.08,5.7,1.11,5,1.5,342653.0,0.0,25,1,45985.3787383266,0.1342039285759255,0.1342039285759255,5058.054508686066,15
5646262,1.0,379952.0,379952.0,[],50,1.3,0.5,10,11,0.1,0.07822806631824863,0.13,5.46,1.04,5,0.5,379952.0,0.0,25,1,51027.94873977752,0.13430103997288478,0.13430103997288478,2939.39080786705,15
4240425,1.0,343021.0,343021.0,[],50,1.3,0.5,10,12,0.1,0.07817802799357915,0.1,5.5,1.02,5,0.5,343021.0,0.0,25,1,45507.6298904599,0.1326671833224785,0.1326671833224785,4889.203386068344,15
4097114,1.0,225885.0,225885.0,[],50,1.3,0.5,10,10,0.1,0.08264699774366163,0.07,5.3,0.97,5,0.5,225885.0,0.0,25,1,58798.104781046175,0.26030105930471775,0.26030105930471775,1371.15882563591,15
7367470,1.0,235823.0,235823.0,[],50,1.3,0.5,10,10,0.1,0.07781000463556503,0.09,5.46,1.02,5,0.5,235823.0,0.0,25,1,57244.23195357498,0.24274236165927401,0.24274236165927401,3025.9983513355255,15
3814476,1.0,289511.0,289511.0,[],50,1.3,0.5,10,10,0.1,0.07250160052396268,0.06,5.76,1.02,5,0.5,289511.0,0.0,25,1,76752.38840669807,0.2651104393501389,0.2651104393501389,244.8896927833557,15
2181809,1.0,268090.0,268090.0,[],50,1.3,0.5,10,10,0.1,0.07547819295675513,0.07,6.14,0.97,5,0.5,268090.0,0.0,25,1,42545.77177895995,0.15869958513543939,0.15869958513543939,2070.9134118556976,15
1650956,1.0,269069.0,269069.0,[],50,1.3,0.5,10,10,0.1,0.07191861302618367,0.05,5.800000000000001,0.97,5,0.5,269069.0,0.0,25,1,52569.538279684726,0.19537567791044202,0.19537567791044202,1198.6989896297455,15
3206997,1.0,350658.0,350658.0,[],50,1.3,0.5,10,11,0.1,0.0818086649712739,0.12,5.82,1.64,5,0.5,350658.0,0.0,25,1,81129.90559674466,0.2313647645191174,0.2313647645191174,5042.36359000206,15
4991610,1.0,315309.0,315309.0,[],50,1.3,0.5,10,11,0.1,0.08417806927642882,0.11,5.22,0.99,5,0.5,315309.0,0.0,25,1,40280.14752508338,0.1277481693357417,0.1277481693357417,3455.0136799812317,15
5617653,1.0,351038.0,351038.0,[],50,1.3,0.5,10,10,0.1,0.07963820279728769,0.09,5.86,1.0,5,0.5,351038.0,0.0,25,1,52508.160833495305,0.14957970599620357,0.14957970599620357,1486.8086121082306,15
7617454,1.0,271641.0,271641.0,[],50,1.3,0.5,10,12,0.1,0.0719068361767051,0.18,6.14,1.08,5,1.5,271641.0,0.0,25,1,37916.80327373865,0.13958424270908534,0.13958424270908534,1734.2689237594604,15
7453507,1.0,285627.0,285627.0,[],50,1.3,0.5,10,10,0.1,0.07464444891122718,0.08,5.26,1.0,5,0.5,285627.0,0.0,25,1,47622.28047964583,0.16672891736301482,0.16672891736301482,1618.7275564670563,15
9411996,1.0,331852.0,331852.0,[],50,1.3,0.5,10,10,0.1,0.07643919693969514,0.07,6.06,1.05,5,0.5,331852.0,0.0,25,1,70725.02074373272,0.21312217718661547,0.21312217718661547,2357.054921388626,15
4330730,1.0,332635.0,332635.0,[],50,1.3,0.5,10,10,0.1,0.07699115738209758,0.08,5.16,1.03,5,0.5,332635.0,0.0,25,1,51071.97979875425,0.15353760066966568,0.15353760066966568,10.085324764251709,15
7771339,1.0,243380.0,243380.0,[],50,1.3,0.5,10,11,0.1,0.07521300964947213,0.09,5.640000000000001,1.91,5,0.5,243380.0,0.0,25,1,32705.2667817319,0.1343794345539153,0.1343794345539153,2182.0169808864594,15
7298554,1.0,312107.0,312107.0,[],50,1.3,0.5,10,10,0.1,0.07949273388193859,0.08,5.58,0.96,5,0.5,312107.0,0.0,25,1,31721.43471912269,0.10163640904921291,0.10163640904921291,2844.000209093094,15
4973265,1.0,261668.0,261668.0,[],50,1.3,0.5,10,10,0.1,0.07816114968037766,0.09,5.78,1.03,5,0.5,261668.0,0.0,25,1,50852.44245882689,0.19433955416339366,0.19433955416339366,1594.8868358135223,15
9804051,1.0,294031.0,294031.0,[],50,1.3,0.5,10,10,0.1,0.07858663087092171,0.08,5.6,0.99,5,0.5,294031.0,0.0,25,1,80062.55362126668,0.27229289980058796,0.27229289980058796,1959.4689753055573,15
4545169,1.0,276868.0,276868.0,[],50,1.3,0.5,10,10,0.1,0.07619265144205095,0.05,5.720000000000001,1.01,5,0.5,276868.0,0.0,25,1,60292.93720603192,0.217767807063409,0.217767807063409,3129.470424413681,15
1578027,1.0,285351.0,285351.0,[],50,1.3,0.5,10,10,0.1,0.07593010346761128,0.07,5.66,0.98,5,0.5,285351.0,0.0,25,1,44505.13810818936,0.1559662945221477,0.1559662945221477,138.64131689071655,15
4698548,1.0,252870.0,252870.0,[],50,1.3,0.5,10,10,0.1,0.07522541224288265,0.07,5.18,0.96,5,0.5,252870.0,0.0,25,1,48955.97387146205,0.1936013519652867,0.1936013519652867,366.75057101249695,15
8878588,1.0,312679.0,312679.0,[],50,1.3,0.5,10,10,0.1,0.08330903480999634,0.1,5.4,1.01,5,0.5,312679.0,0.0,25,1,82096.10964878894,0.2625571581359444,0.2625571581359444,3765.5780971050262,15
3435721,1.0,249229.0,249229.0,[],50,1.3,0.5,10,10,0.1,0.07331405112091632,0.08,5.720000000000001,0.97,5,0.5,249229.0,0.0,25,1,57334.84238478392,0.2300488401621959,0.2300488401621959,1551.6849987506866,15
5805868,1.0,299343.0,299343.0,[],50,1.3,0.5,10,10,0.1,0.08022071032700755,0.09,5.84,1.02,5,0.5,299343.0,0.0,25,1,62415.42876571551,0.20850806187455698,0.20850806187455698,336.0957751274109,15
6560659,1.0,312916.0,312916.0,[],50,1.3,0.5,10,10,0.1,0.07788045900149135,0.07,5.640000000000001,1.01,5,0.5,312916.0,0.0,25,1,41976.828427019755,0.1341472741151611,0.1341472741151611,3020.6511464118958,15
6978765,1.0,389565.0,389565.0,[],50,1.3,0.5,10,10,0.1,0.07307124929605079,0.1,5.199999999999999,1.05,5,0.5,389565.0,0.0,25,1,88802.53135782717,0.22795305368251043,0.22795305368251043,4009.6377289295197,15
8912338,1.0,336781.0,336781.0,[],50,1.3,0.5,10,10,0.1,0.07632150164043949,0.11,5.84,1.01,5,0.5,336781.0,0.0,25,1,21901.171829268904,0.06503090088000482,0.06503090088000482,2109.209358692169,15
6597732,1.0,255541.0,255541.0,[],50,1.3,0.5,10,10,0.1,0.07460013923354628,0.13,5.800000000000001,0.98,5,0.5,255541.0,0.0,25,1,80691.00020312326,0.31576537699673735,0.31576537699673735,218.11864018440247,15
8776496,1.0,338552.0,338552.0,[],50,1.3,0.5,10,10,0.1,0.07847955974819507,0.07,5.5,0.99,5,0.5,338552.0,0.0,25,1,38344.39472459388,0.11325998583554044,0.11325998583554044,3990.0901679992676,15
5907032,1.0,364590.0,364590.0,[],50,1.3,0.5,10,11,0.1,0.08339155186340541,0.1,5.800000000000001,1.05,5,0.5,364590.0,0.0,25,1,37350.61284863834,0.10244552195243517,0.10244552195243517,4589.340483188629,15
9225486,1.0,298694.0,298694.0,[],50,1.3,0.5,10,10,0.1,0.08277182478473516,0.06,4.84,0.99,5,0.5,298694.0,0.0,25,1,51353.69037574462,0.17192742531066785,0.17192742531066785,1637.1298871040344,15
1812584,1.0,389486.0,389486.0,[],50,1.3,0.5,10,11,0.1,0.08864308081003935,0.17,5.76,1.01,5,0.5,389486.0,0.0,25,1,73322.18899371439,0.18825372155536885,0.18825372155536885,3268.4264345169067,15
2406928,1.0,284387.0,284387.0,[],50,1.3,0.5,10,10,0.1,0.07679667410977628,0.06,5.6,1.05,5,0.5,284387.0,0.0,25,1,28207.28407425959,0.09918626404955076,0.09918626404955076,1978.0005781650543,15
1688670,1.0,251438.0,251438.0,[],50,1.3,0.5,10,10,0.1,0.08172428603544986,0.1,5.78,1.02,5,0.5,251438.0,0.0,25,1,57539.6076732976,0.2288421307570757,0.2288421307570757,1068.511822462082,15
7018785,1.0,301971.0,301971.0,[],50,1.3,0.5,10,10,0.1,0.07697383405975147,0.08,5.880000000000001,0.99,5,0.5,301971.0,0.0,25,1,33698.916684335854,0.11159653305892239,0.11159653305892239,3032.5323038101196,15
8480989,1.0,368520.0,368520.0,[],50,1.3,0.5,10,10,0.1,0.0802404236538164,0.09,5.62,1.0,5,0.5,368520.0,0.0,25,1,59757.59495719866,0.16215563594160062,0.16215563594160062,2739.2957997322083,15
6512918,1.0,329354.0,329354.0,[],50,1.3,0.5,10,10,0.1,0.07843042603214229,0.09,5.6,0.97,5,0.5,329354.0,0.0,25,1,43829.84153871729,0.13307821231476555,0.13307821231476555,2220.4250452518463,15
5431729,1.0,244805.0,244805.0,[],50,1.3,0.5,10,10,0.1,0.07589111288571054,0.07,5.38,0.99,5,0.5,244805.0,0.0,25,1,24163.935543867916,0.09870687095389358,0.09870687095389358,1636.9118752479553,15
3430294,1.0,306246.0,306246.0,[],50,1.3,0.5,10,10,0.1,0.07401858400082625,0.13,5.86,0.99,5,0.5,306246.0,0.0,25,1,53334.9895460656,0.17415734261366875,0.17415734261366875,4197.907930612564,15
8350101,1.0,296176.0,296176.0,[],50,1.3,0.5,10,10,0.1,0.0754435099807802,0.13,5.66,1.02,5,0.5,296176.0,0.0,25,1,36287.60709273744,0.12252041722738317,0.12252041722738317,2947.7373728752136,15
9064677,1.0,272611.0,272611.0,[],50,1.3,0.5,10,12,0.1,0.07172097430824499,0.09,6.039999999999999,0.97,5,0.5,272611.0,0.0,25,1,30470.141875420275,0.11177150546170285,0.11177150546170285,3057.422522544861,15
4773585,1.0,313598.0,313598.0,[],50,1.3,0.5,10,13,0.1,0.06732709433039746,0.14,6.04,1.03,5,0.5,313598.0,0.0,25,1,44946.45031284311,0.14332505409104365,0.14332505409104365,3292.933507204056,15
4502071,1.0,352575.0,352575.0,[],50,1.3,0.5,10,10,0.1,0.07925171346805081,0.08,5.18,0.99,5,0.5,352575.0,0.0,25,1,35136.047890566966,0.09965552830055156,0.09965552830055156,3627.673629283905,15
176095,1.0,372915.0,372915.0,[],50,1.3,0.5,10,11,0.1,0.07122873204348125,0.08,5.24,0.98,5,0.5,372915.0,0.0,25,1,61416.11784631907,0.1646920017867854,0.1646920017867854,2312.6660993099213,15
8128240,1.0,247462.0,247462.0,[],50,1.3,0.5,10,10,0.1,0.07405512605561293,0.06,5.640000000000001,0.99,5,0.5,247462.0,0.0,25,1,25325.566559506322,0.10234123445016334,0.10234123445016334,2324.8174228668213,15
5606053,1.0,317603.0,317603.0,[],50,1.3,0.5,10,10,0.1,0.07347941530716753,0.1,5.34,1.04,5,0.5,317603.0,0.0,25,1,49499.74759731193,0.15585415628099208,0.15585415628099208,1630.9978513717651,15
3080884,1.0,338632.0,338632.0,[],50,1.3,0.5,10,10,0.1,0.0747283076537266,0.08,5.359999999999999,1.09,5,0.5,338632.0,0.0,25,1,56628.70251241342,0.1672278535767837,0.1672278535767837,1543.5326902866364,15
4601951,1.0,278773.0,278773.0,[],50,1.3,0.5,10,12,0.1,0.06922369073802925,0.14,5.62,1.01,5,0.5,278773.0,0.0,25,1,38951.80268369743,0.1397258797792377,0.1397258797792377,2426.768347263336,15
8533382,1.0,300816.0,300816.0,[],50,1.3,0.5,10,10,0.1,0.07484833201469085,0.05,5.94,1.01,5,0.5,300816.0,0.0,25,1,34582.64531836697,0.11496278561767649,0.11496278561767649,515.6222372055054,15
4346764,1.0,254251.0,254251.0,[],50,1.3,0.5,10,10,0.1,0.0738483309339409,0.08,5.84,0.99,5,0.5,254251.0,0.0,25,1,27927.074492715205,0.10984056893666182,0.10984056893666182,3054.0668807029724,15
4952714,1.0,328671.0,328671.0,[],50,1.3,0.5,10,10,0.1,0.07385184764233377,0.09,5.92,1.04,5,0.5,328671.0,0.0,25,1,47565.361775217236,0.14472028799382128,0.14472028799382128,2842.4641394615173,15
3605429,1.0,268654.0,268654.0,[],50,1.3,0.5,10,10,0.1,0.07968029597783371,0.12,5.38,0.96,5,0.5,268654.0,0.0,25,1,64879.73278539669,0.24149922497114018,0.24149922497114018,270.1684694290161,15
1461393,1.0,257714.0,257714.0,[],50,1.3,0.5,10,11,0.1,0.0745486568389844,0.08,5.359999999999999,0.96,5,0.5,257714.0,0.0,25,1,33458.79163206989,0.12982915802816258,0.12982915802816258,3959.153925895691,15
8250319,1.0,364569.0,364569.0,[],50,1.3,0.5,10,10,0.1,0.07242848585519109,0.12,5.66,0.98,5,0.5,364569.0,0.0,25,1,34930.20968840612,0.09581234193912844,0.09581234193912844,2262.603393316269,15
9111922,1.0,288923.0,288923.0,[],50,1.3,0.5,10,10,0.1,0.08305658285884714,0.09,5.74,1.03,5,0.5,288923.0,0.0,25,1,47076.339269589225,0.16293731987273158,0.16293731987273158,271.84061312675476,15
7340670,1.0,371911.0,371911.0,[],50,1.3,0.5,10,10,0.1,0.07746271910148034,0.07,5.52,0.98,5,0.5,371911.0,0.0,25,1,56807.42194100912,0.15274466724837157,0.15274466724837157,2742.474242210388,15
9930987,1.0,203552.0,203552.0,[],50,1.3,0.5,10,11,0.1,0.08095300464735297,0.06,6.06,0.96,5,0.5,203552.0,0.0,25,1,31138.521231674327,0.15297575671904146,0.15297575671904146,1067.691333770752,15
3313134,1.0,367179.0,367179.0,[],50,1.3,0.5,10,10,0.1,0.0702905257726221,0.11,5.92,1.12,5,0.5,367179.0,0.0,25,1,65270.454070847954,0.1777619473631334,0.1777619473631334,4277.235492944717,15
8731,1.0,338211.0,338211.0,[],50,1.3,0.5,10,10,0.1,0.07997100099445781,0.08,5.800000000000001,0.97,5,0.5,338211.0,0.0,25,1,66241.06669463945,0.1958572213637033,0.1958572213637033,3675.5881593227386,15
903109,1.0,355181.0,355181.0,[],50,1.3,0.5,10,10,0.1,0.08276724647140637,0.06,5.74,1.02,5,0.5,355181.0,0.0,25,1,57618.067407443465,0.16222170501080707,0.16222170501080707,2820.5231323242188,15
9278681,1.0,285042.0,285042.0,[],50,1.3,0.5,10,10,0.1,0.08538279138726572,0.06,5.9,1.04,5,0.5,285042.0,0.0,25,1,43813.53996119934,0.15370906729955355,0.15370906729955355,2715.1055357456207,15
1508019,1.0,320756.0,320756.0,[],50,1.3,0.5,10,10,0.1,0.07430134247769238,0.06,5.82,0.99,5,0.5,320756.0,0.0,25,1,29483.9648028336,0.09192022846909677,0.09192022846909677,307.31382179260254,15
7143834,1.0,339002.0,339002.0,[],50,1.3,0.5,10,10,0.1,0.07720008516538743,0.14,5.46,1.0,5,0.5,339002.0,0.0,25,1,54709.26009621542,0.16138329595759146,0.16138329595759146,1058.3839757442474,15
4130749,1.0,324921.0,324921.0,[],50,1.3,0.5,10,10,0.1,0.07931001949096479,0.1,5.82,1.01,5,0.5,324921.0,0.0,25,1,21142.495383310834,0.06506964887868384,0.06506964887868384,4813.808393001556,15
8065967,1.0,225484.0,225484.0,[],50,1.3,0.5,10,10,0.1,0.08203340506945986,0.07,5.94,1.02,5,0.5,225484.0,0.0,25,1,62315.45667089753,0.276363097474311,0.276363097474311,300.4883334636688,15
5325931,1.0,372552.0,372552.0,[],50,1.3,0.5,10,10,0.1,0.07174416421209229,0.07,5.720000000000001,1.03,5,0.5,372552.0,0.0,25,1,104895.71486100477,0.2815599295158925,0.2815599295158925,3094.2607192993164,15
8860212,1.0,326591.0,326591.0,[],50,1.3,0.5,10,10,0.1,0.08407727332127543,0.11,5.32,1.0,5,0.5,326591.0,0.0,25,1,62826.29294885531,0.1923699457390293,0.1923699457390293,4761.849600076675,15
5991044,1.0,334363.0,334363.0,[],50,1.3,0.5,10,10,0.1,0.08589012195371667,0.08,5.82,0.98,5,0.5,334363.0,0.0,25,1,41070.61056745203,0.12283240241130756,0.12283240241130756,975.5770502090454,15
4362829,1.0,348086.0,348086.0,[],50,1.3,0.5,10,10,0.1,0.07117444745090627,0.09,5.76,1.0,5,0.5,348086.0,0.0,25,1,51563.04670095324,0.14813306683105104,0.14813306683105104,3009.7813153266907,15
8469199,1.0,256114.0,256114.0,[],50,1.3,0.5,10,10,0.1,0.07314617092821524,0.08,5.960000000000001,1.01,5,0.5,256114.0,0.0,25,1,33259.27367919024,0.12986120898970865,0.12986120898970865,2224.933881521225,15
99495,1.0,332768.0,332768.0,[],50,1.3,0.5,10,10,0.1,0.07900429725808675,0.07,5.78,0.95,5,0.5,332768.0,0.0,25,1,39252.43624631062,0.11795736442900345,0.11795736442900345,2531.505564928055,15
923208,1.0,359444.0,359444.0,[],50,1.3,0.5,10,11,0.1,0.07662914562793713,0.08,5.800000000000001,0.96,5,0.5,359444.0,0.0,25,1,45974.98490314055,0.1279058348536644,0.1279058348536644,2821.4404220581055,15
7466217,1.0,235194.0,235194.0,[],50,1.3,0.5,10,10,0.1,0.07926772145690635,0.06,5.84,1.01,5,0.5,235194.0,0.0,25,1,37166.8724207153,0.15802644804168176,0.15802644804168176,193.82758951187134,15
8993995,1.0,347516.0,347516.0,[],50,1.3,0.5,10,11,0.1,0.07698129468993858,0.11,5.960000000000001,1.04,5,0.5,347516.0,0.0,25,1,32993.22900805655,0.0949401725620016,0.0949401725620016,4092.556118249893,15
276875,1.0,349456.0,349456.0,[],50,1.3,0.5,10,10,0.1,0.07580868697506044,0.08,5.84,0.98,5,0.5,349456.0,0.0,25,1,47951.78444349927,0.1372183749699512,0.1372183749699512,2809.16973900795,15
749185,1.0,299167.0,299167.0,[],50,1.3,0.5,10,10,0.1,0.07721254211751369,0.07,5.720000000000001,0.96,5,0.5,299167.0,0.0,25,1,37493.739801864955,0.12532712432141566,0.12532712432141566,2006.6254351139069,15
5220163,1.0,278996.0,278996.0,[],50,1.3,0.5,10,10,0.1,0.07866517871061807,0.06,5.68,1.02,5,0.5,278996.0,0.0,25,1,38232.99718371849,0.13703779689930498,0.13703779689930498,605.0810027122498,15
