ID,TransmissionRatio,Transmission,INEvTransmission,FilterUsed,Nodes,EventSkew,EventNodeRatio,WorkloadSize,NumberProjections,MinimalSelectivity,MedianSelectivity,CombigenComputationTime,Efficiency,PlacementComputationTime,HopCount,Depth,ProcessingLatencyRatio,CentralTransmission,LowerBound,EventTypes,MaximumParents
9745447,0.40005392579810184,278160.0,111279.0,[],50,1.3,0.5,5,5,0.1,0.05720486946783572,0.05,2.3,1.47,0,0.5,0,278160.0,0.0,10,12
2528280,0.40005392579810184,278160.0,111279.0,[],50,1.3,0.5,5,5,0.1,0.06975572405646079,0.03,2.3,1.48,0,0.5,0,278160.0,0.0,10,12
4013587,0.4000636780438105,235560.0,94239.0,[],50,1.3,0.5,5,5,0.1,0.09308954087570559,0.02,2.3,1.43,0,0.5,0,235560.0,0.0,10,12
3734238,0.40005392579810184,278160.0,111279.0,[],50,1.3,0.5,5,5,0.1,0.07098773294476488,0.03,2.3,1.43,0,0.5,0,278160.0,0.0,10,12
3789408,0.4000652003825089,230060.0,92039.0,[],50,1.3,0.5,5,5,0.1,0.07437626854099602,0.02,2.3,1.45,0,0.5,0,230060.0,0.0,10,12
1695958,0.40005392579810184,278160.0,111279.0,[],50,1.3,0.5,5,5,0.1,0.07320075130325013,0.03,2.3,1.54,0,0.5,0,278160.0,0.0,10,12
4188707,0.4000838059055228,178985.0,71609.0,[],50,1.3,0.5,5,5,0.1,0.08587770475400326,0.02,2.3,1.42,0,0.5,0,178985.0,0.0,10,12
3694947,0.40005392579810184,278160.0,111279.0,[],50,1.3,0.5,5,5,0.1,0.0789192301891026,0.04,2.3,1.5,0,0.5,0,278160.0,0.0,10,12
4194892,0.4000551298307514,272085.0,108849.0,[],50,1.3,0.5,5,5,0.1,0.07339476910278384,0.03,2.3,1.45,0,0.5,0,272085.0,0.0,10,12
580238,0.4000584795321637,256500.0,102615.0,[],50,1.3,0.5,5,5,0.1,0.09589783898834163,0.03,2.3,1.42,0,0.5,0,256500.0,0.0,10,12
1146401,0.40005956635692164,251820.0,100743.0,[],50,1.3,0.5,5,5,0.1,0.07365172407711378,0.02,2.3,1.45,0,0.5,0,251820.0,0.0,10,12
1004008,0.40006433350488935,233160.0,93279.0,[],50,1.3,0.5,5,5,0.1,0.061892835121349125,0.04,2.3,1.44,0,0.5,0,233160.0,0.0,10,12
8297312,0.40006433350488935,233160.0,93279.0,[],50,1.3,0.5,5,5,0.1,0.0638731889651172,0.04,2.3,1.47,0,0.5,0,233160.0,0.0,10,12
9991068,0.40006079766536967,246720.0,98703.0,[],50,1.3,0.5,5,5,0.1,0.06282062750048589,0.03,2.3,1.43,0,0.5,0,246720.0,0.0,10,12
7833491,0.40006574333800843,228160.0,91279.0,[],50,1.3,0.5,5,5,0.1,0.08639884740741972,0.02,2.3,1.48,0,0.5,0,228160.0,0.0,10,12
3377133,0.40006235709831633,240550.0,96235.0,[],50,1.3,0.5,5,5,0.1,0.08030773898794158,0.01,2.3,1.5,0,0.5,0,240550.0,0.0,10,12
2680196,0.40005392579810184,278160.0,111279.0,[],50,1.3,0.5,5,5,0.1,0.0828860459096609,0.03,2.3,1.44,0,0.5,0,278160.0,0.0,10,12
5308241,0.40006235709831633,240550.0,96235.0,[],50,1.3,0.5,5,5,0.1,0.07181429581323136,0.01,2.3,1.45,0,0.5,0,240550.0,0.0,10,12
5569875,0.40006809824306533,220270.0,88123.0,[],50,1.3,0.5,5,5,0.1,0.07401172642314825,0.02,2.3,1.41,0,0.5,0,220270.0,0.0,10,12
8191569,0.40005392579810184,278160.0,111279.0,[],50,1.3,0.5,5,5,0.1,0.06863322106871375,0.02,2.3,1.42,0,0.5,0,278160.0,0.0,10,12
8852528,0.4000551298307514,272085.0,108849.0,[],50,1.3,0.5,5,5,0.1,0.08353360021606636,0.02,2.3,1.42,0,0.5,0,272085.0,0.0,10,12
7399667,0.4000584795321637,256500.0,102615.0,[],50,1.3,0.5,5,5,0.1,0.07882002206708992,0.03,2.3,1.46,0,0.5,0,256500.0,0.0,10,12
3427835,0.40005392579810184,278160.0,111279.0,[],50,1.3,0.5,5,5,0.1,0.07746398180275788,0.02,2.3,1.41,0,0.5,0,278160.0,0.0,10,12
1568701,0.40005392579810184,278160.0,111279.0,[],50,1.3,0.5,5,5,0.1,0.07249666564472014,0.03,2.3,1.43,0,0.5,0,278160.0,0.0,10,12
2564885,0.4000551298307514,272085.0,108849.0,[],50,1.3,0.5,5,5,0.1,0.07609492138461821,0.03,2.3,1.45,0,0.5,0,272085.0,0.0,10,12
9881386,0.40006756756756756,222000.0,88815.0,[],50,1.3,0.5,5,5,0.1,0.07544517381759423,0.03,2.3,1.44,0,0.5,0,222000.0,0.0,10,12
1859484,0.40005392579810184,278160.0,111279.0,[],50,1.3,0.5,5,5,0.1,0.06439371502066232,0.04,2.3,1.46,0,0.5,0,278160.0,0.0,10,12
8487683,0.4000584795321637,256500.0,102615.0,[],50,1.3,0.5,5,5,0.1,0.0697887593059707,0.04,2.3,1.44,0,0.5,0,256500.0,0.0,10,12
3607784,0.4000584795321637,256500.0,102615.0,[],50,1.3,0.5,5,5,0.1,0.07782008014055032,0.03,2.3,1.42,0,0.5,0,256500.0,0.0,10,12
3189889,0.40005392579810184,278160.0,111279.0,[],50,1.3,0.5,5,5,0.1,0.08762635283007726,0.03,2.3,1.49,0,0.5,0,278160.0,0.0,10,12
7711135,0.4000551298307514,272085.0,108849.0,[],50,1.3,0.5,5,5,0.1,0.08556019264346237,0.04,2.3,1.48,0,0.5,0,272085.0,0.0,10,12
9965394,0.40006756756756756,222000.0,88815.0,[],50,1.3,0.5,5,5,0.1,0.07648321750087496,0.02,2.3,1.43,0,0.5,0,222000.0,0.0,10,12
5277094,0.4000584795321637,256500.0,102615.0,[],50,1.3,0.5,5,5,0.1,0.08919632849597725,0.06,2.3,1.49,0,0.5,0,256500.0,0.0,10,12
4974522,0.40005392579810184,278160.0,111279.0,[],50,1.3,0.5,5,5,0.1,0.07300423944701948,0.02,2.3,1.54,0,0.5,0,278160.0,0.0,10,12
4374839,0.40006756756756756,222000.0,88815.0,[],50,1.3,0.5,5,5,0.1,0.08490471792259512,0.04,2.3,1.46,0,0.5,0,222000.0,0.0,10,12
1373631,0.40005959238806565,251710.0,100699.0,[],50,1.3,0.5,5,5,0.1,0.07406613002141829,0.02,2.3,1.45,0,0.5,0,251710.0,0.0,10,12
9723527,0.40005392579810184,278160.0,111279.0,[],50,1.3,0.5,5,5,0.1,0.06705596033936376,0.04,2.3,1.51,0,0.5,0,278160.0,0.0,10,12
3266319,0.4000584795321637,256500.0,102615.0,[],50,1.3,0.5,5,5,0.1,0.05996769797723472,0.03,2.3,1.44,0,0.5,0,256500.0,0.0,10,12
396713,0.40005959238806565,251710.0,100699.0,[],50,1.3,0.5,5,5,0.1,0.07916091644973355,0.02,2.3,1.44,0,0.5,0,251710.0,0.0,10,12
8163148,0.4000584795321637,256500.0,102615.0,[],50,1.3,0.5,5,5,0.1,0.07140458711648574,0.02,2.3,1.5,0,0.5,0,256500.0,0.0,10,12
5834161,0.40005392579810184,278160.0,111279.0,[],50,1.3,0.5,5,5,0.1,0.0869309346482499,0.03,2.3,1.45,0,0.5,0,278160.0,0.0,10,12
3452379,0.40005392579810184,278160.0,111279.0,[],50,1.3,0.5,5,5,0.1,0.071365718162803,0.03,2.3,1.46,0,0.5,0,278160.0,0.0,10,12
6745652,0.40005392579810184,278160.0,111279.0,[],50,1.3,0.5,5,5,0.1,0.07681253524823578,0.03,2.3,1.47,0,0.5,0,278160.0,0.0,10,12
6406524,0.40008330556481175,180060.0,72039.0,[],50,1.3,0.5,5,5,0.1,0.09781723316881197,0.02,2.3,1.43,0,0.5,0,180060.0,0.0,10,12
1235588,0.40005956635692164,251820.0,100743.0,[],50,1.3,0.5,5,5,0.1,0.08495094335669112,0.02,2.3,1.42,0,0.5,0,251820.0,0.0,10,12
4680223,0.4000551298307514,272085.0,108849.0,[],50,1.3,0.5,5,5,0.1,0.07349195208653411,0.06,2.3,1.45,0,0.5,0,272085.0,0.0,10,12
810403,0.40005956635692164,251820.0,100743.0,[],50,1.3,0.5,5,5,0.1,0.08079546230290528,0.03,2.3,1.45,0,0.5,0,251820.0,0.0,10,12
6115167,0.40005392579810184,278160.0,111279.0,[],50,1.3,0.5,5,5,0.1,0.06750268151640494,0.03,2.3,1.45,0,0.5,0,278160.0,0.0,10,12
2537109,0.40006433350488935,233160.0,93279.0,[],50,1.3,0.5,5,5,0.1,0.08499041065071058,0.01,2.3,1.43,0,0.5,0,233160.0,0.0,10,12
2471850,0.4000652003825089,230060.0,92039.0,[],50,1.3,0.5,5,5,0.1,0.08678746097813111,0.03,2.3,1.43,0,0.5,0,230060.0,0.0,10,12
6692296,0.40006574333800843,228160.0,91279.0,[],50,1.3,0.5,5,5,0.1,0.07536520630743439,0.03,2.3,1.44,0,0.5,0,228160.0,0.0,10,12
3775760,0.40005392579810184,278160.0,111279.0,[],50,1.3,0.5,5,5,0.1,0.07569647501896644,0.03,2.3,1.44,0,0.5,0,278160.0,0.0,10,12
5183915,0.40006517205422315,230160.0,92079.0,[],50,1.3,0.5,5,5,0.1,0.08196584834314864,0.03,2.3,1.46,0,0.5,0,230160.0,0.0,10,12
5312709,0.40006232859636,240660.0,96279.0,[],50,1.3,0.5,5,5,0.1,0.09148111253498373,0.03,2.3,1.46,0,0.5,0,240660.0,0.0,10,12
5103617,0.40005956635692164,251820.0,100743.0,[],50,1.3,0.5,5,5,0.1,0.06705928262680379,0.02,2.3,1.44,0,0.5,0,251820.0,0.0,10,12
6132895,0.40006574333800843,228160.0,91279.0,[],50,1.3,0.5,5,5,0.1,0.07319325677446067,0.03,2.3,1.45,0,0.5,0,228160.0,0.0,10,12
4413886,0.4000598981731057,250425.0,100185.0,[],50,1.3,0.5,5,5,0.1,0.09120307071083872,0.01,2.3,1.45,0,0.5,0,250425.0,0.0,10,12
1695893,0.40005392579810184,278160.0,111279.0,[],50,1.3,0.5,5,5,0.1,0.08844025459959456,0.02,2.3,1.41,0,0.5,0,278160.0,0.0,10,12
8547403,0.40005392579810184,278160.0,111279.0,[],50,1.3,0.5,5,5,0.1,0.07910884418336259,0.02,2.3,1.46,0,0.5,0,278160.0,0.0,10,12
3084222,0.40005634331862144,266225.0,106505.0,[],50,1.3,0.5,5,5,0.1,0.09778807268602586,0.03,2.3,1.45,0,0.5,0,266225.0,0.0,10,12
9043337,0.40004986598516484,240645.0,96270.0,[],50,1.3,0.5,5,4,0.1,0.09495909226055933,0.03,2.3,1.14,0,0.5,0,240645.0,0.0,10,12
4793848,0.40005956635692164,251820.0,100743.0,[],50,1.3,0.5,5,5,0.1,0.08081625074019406,0.02,2.3,1.47,0,0.5,0,251820.0,0.0,10,12
491309,0.40006235709831633,240550.0,96235.0,[],50,1.3,0.5,5,5,0.1,0.09179476892109717,0.01,2.3,1.49,0,0.5,0,240550.0,0.0,10,12
20944,0.40005959238806565,251710.0,100699.0,[],50,1.3,0.5,5,5,0.1,1.0,0.03,2.3,1.44,0,0.5,0,251710.0,0.0,10,12
3410310,0.40007252683492894,206820.0,82743.0,[],50,1.3,0.5,5,5,0.1,0.06169227347388233,0.03,2.3,1.42,0,0.5,0,206820.0,0.0,10,12
396597,0.4000561797752809,267000.0,106815.0,[],50,1.3,0.5,5,5,0.1,0.07198742549719057,0.02,2.3,1.45,0,0.5,0,267000.0,0.0,10,12
2277746,0.40006574333800843,228160.0,91279.0,[],50,1.3,0.5,5,5,0.1,0.09265844654762656,0.02,2.3,1.47,0,0.5,0,228160.0,0.0,10,12
9583143,0.40005392579810184,278160.0,111279.0,[],50,1.3,0.5,5,5,0.1,0.08740967095229105,0.02,2.3,1.42,0,0.5,0,278160.0,0.0,10,12
9049278,0.40005392579810184,278160.0,111279.0,[],50,1.3,0.5,5,5,0.1,0.08570413869712303,0.02,2.3,1.45,0,0.5,0,278160.0,0.0,10,12
3501920,0.40005392579810184,278160.0,111279.0,[],50,1.3,0.5,5,5,0.1,0.07119665536823974,0.02,2.3,1.46,0,0.5,0,278160.0,0.0,10,12
2498463,0.40006433350488935,233160.0,93279.0,[],50,1.3,0.5,5,5,0.1,0.05849643393675486,0.03,2.3,1.42,0,0.5,0,233160.0,0.0,10,12
1493576,0.40005392579810184,278160.0,111279.0,[],50,1.3,0.5,5,5,0.1,0.07774378940272152,0.03,2.3,1.46,0,0.5,0,278160.0,0.0,10,12
34630,0.40005392579810184,278160.0,111279.0,[],50,1.3,0.5,5,5,0.1,0.06563804754608099,0.02,2.3,1.43,0,0.5,0,278160.0,0.0,10,12
8160912,0.4000652003825089,230060.0,92039.0,[],50,1.3,0.5,5,5,0.1,0.07560370576704817,0.03,2.3,1.48,0,0.5,0,230060.0,0.0,10,12
8916294,0.40005392579810184,278160.0,111279.0,[],50,1.3,0.5,5,5,0.1,0.06755231453845514,0.03,2.3,1.46,0,0.5,0,278160.0,0.0,10,12
3552895,0.4000669687702301,223985.0,89609.0,[],50,1.3,0.5,5,5,0.1,0.08418236594199997,0.02,2.3,1.42,0,0.5,0,223985.0,0.0,10,12
2568316,0.40005392579810184,278160.0,111279.0,[],50,1.3,0.5,5,5,0.1,0.07424260599705217,0.02,2.3,1.45,0,0.5,0,278160.0,0.0,10,12
1056466,0.40005634331862144,266225.0,106505.0,[],50,1.3,0.5,5,5,0.1,0.053226767400189,0.03,2.3,1.42,0,0.5,0,266225.0,0.0,10,12
8818662,0.40005392579810184,278160.0,111279.0,[],50,1.3,0.5,5,5,0.1,0.09089634065858265,0.03,2.3,1.44,0,0.5,0,278160.0,0.0,10,12
7329724,0.4000687679083095,218125.0,87265.0,[],50,1.3,0.5,5,5,0.1,0.08085324875895314,0.03,2.3,1.44,0,0.5,0,218125.0,0.0,10,12
5332617,0.4000652003825089,230060.0,92039.0,[],50,1.3,0.5,5,5,0.1,0.07719798785223095,0.02,2.3,1.45,0,0.5,0,230060.0,0.0,10,12
4139819,0.40006079766536967,246720.0,98703.0,[],50,1.3,0.5,5,5,0.1,0.06080532649213339,0.02,2.3,1.44,0,0.5,0,246720.0,0.0,10,12
8731518,0.40005392579810184,278160.0,111279.0,[],50,1.3,0.5,5,5,0.1,0.07329193597707166,0.02,2.3,1.47,0,0.5,0,278160.0,0.0,10,12
6199101,0.40006079766536967,246720.0,98703.0,[],50,1.3,0.5,5,5,0.1,0.09116259569161368,0.03,2.3,1.45,0,0.5,0,246720.0,0.0,10,12
5713845,0.40005392579810184,278160.0,111279.0,[],50,1.3,0.5,5,5,0.1,0.08577000724035286,0.03,2.3,1.46,0,0.5,0,278160.0,0.0,10,12
833479,0.40005634331862144,266225.0,106505.0,[],50,1.3,0.5,5,5,0.1,0.07567043689759419,0.03,2.3,1.41,0,0.5,0,266225.0,0.0,10,12
8059004,0.40005392579810184,278160.0,111279.0,[],50,1.3,0.5,5,5,0.1,0.06660207576939131,0.03,2.3,1.41,0,0.5,0,278160.0,0.0,10,12
620880,0.40008189561039526,183160.0,73279.0,[],50,1.3,0.5,5,5,0.1,0.07020088398844657,0.02,2.3,1.42,0,0.5,0,183160.0,0.0,10,12
4735983,0.40005959238806565,251710.0,100699.0,[],50,1.3,0.5,5,5,0.1,0.08652933495999368,0.01,2.3,1.46,0,0.5,0,251710.0,0.0,10,12
5334466,0.40005959238806565,251710.0,100699.0,[],50,1.3,0.5,5,5,0.1,0.08023658968909575,0.03,2.3,1.46,0,0.5,0,251710.0,0.0,10,12
1456262,0.40005634331862144,266225.0,106505.0,[],50,1.3,0.5,5,5,0.1,0.07217077097754535,0.02,2.3,1.49,0,0.5,0,266225.0,0.0,10,12
525300,0.40005392579810184,278160.0,111279.0,[],50,1.3,0.5,5,5,0.1,0.06741947664431469,0.05,2.3,1.48,0,0.5,0,278160.0,0.0,10,12
7398987,0.4000584795321637,256500.0,102615.0,[],50,1.3,0.5,5,5,0.1,0.08034365683462454,0.03,2.3,1.47,0,0.5,0,256500.0,0.0,10,12
7362380,0.4000551298307514,272085.0,108849.0,[],50,1.3,0.5,5,5,0.1,0.07565542740689916,0.03,2.3,1.44,0,0.5,0,272085.0,0.0,10,12
6959689,0.40005392579810184,278160.0,111279.0,[],50,1.3,0.5,5,5,0.1,0.07151934359264331,0.03,2.3,1.44,0,0.5,0,278160.0,0.0,10,12
1764265,0.40006232859636,240660.0,96279.0,[],50,1.3,0.5,5,5,0.1,0.09857634055306652,0.02,2.3,1.43,0,0.5,0,240660.0,0.0,10,12
9796124,0.40005392579810184,278160.0,111279.0,[],50,1.3,0.5,5,5,0.1,0.07775634789437152,0.03,2.3,1.43,0,0.5,0,278160.0,0.0,10,12
1139707,0.40005392579810184,278160.0,111279.0,[],50,1.3,0.5,5,5,0.1,0.06604015262165751,0.03,2.3,1.47,0,0.5,0,278160.0,0.0,10,12
1081532,0.40005392579810184,278160.0,111279.0,[],50,1.3,0.5,5,5,0.1,0.08079852535540266,0.03,2.3,1.43,0,0.5,0,278160.0,0.0,10,12
4433637,0.40005392579810184,278160.0,111279.0,[],50,1.3,0.5,5,5,0.1,0.07497359672682168,0.02,2.3,1.44,0,0.5,0,278160.0,0.0,10,12
4985870,0.40008330556481175,180060.0,72039.0,[],50,1.3,0.5,5,5,0.1,0.06911688193261502,0.02,2.3,1.46,0,0.5,0,180060.0,0.0,10,12
9684667,0.40005392579810184,278160.0,111279.0,[],50,1.3,0.5,5,5,0.1,0.07975131581708633,0.02,2.3,1.42,0,0.5,0,278160.0,0.0,10,12
710627,0.40005392579810184,278160.0,111279.0,[],50,1.3,0.5,5,5,0.1,0.07157920548876916,0.02,2.3,1.45,0,0.5,0,278160.0,0.0,10,12
3096955,0.40005392579810184,278160.0,111279.0,[],50,1.3,0.5,5,5,0.1,0.08774508149975832,0.04,2.3,1.43,0,0.5,0,278160.0,0.0,10,12
1730778,0.40006574333800843,228160.0,91279.0,[],50,1.3,0.5,5,5,0.1,0.0851197696913486,0.03,2.3,1.43,0,0.5,0,228160.0,0.0,10,12
3287626,0.40005392579810184,278160.0,111279.0,[],50,1.3,0.5,5,5,0.1,0.08304057546177887,0.02,2.3,1.44,0,0.5,0,278160.0,0.0,10,12
3351547,0.40005634331862144,266225.0,106505.0,[],50,1.3,0.5,5,5,0.1,0.08324708150613307,0.02,2.3,1.42,0,0.5,0,266225.0,0.0,10,12
9498151,0.4000551298307514,272085.0,108849.0,[],50,1.3,0.5,5,5,0.1,0.07325601390279664,0.03,2.3,1.47,0,0.5,0,272085.0,0.0,10,12
5363847,0.40005392579810184,278160.0,111279.0,[],50,1.3,0.5,5,5,0.1,0.07018301226084324,0.03,2.3,1.44,0,0.5,0,278160.0,0.0,10,12
5787067,0.40005634331862144,266225.0,106505.0,[],50,1.3,0.5,5,5,0.1,0.07581777552493539,0.03,2.3,1.42,0,0.5,0,266225.0,0.0,10,12
197261,0.40005956635692164,251820.0,100743.0,[],50,1.3,0.5,5,5,0.1,0.08863486809665323,0.03,2.3,1.44,0,0.5,0,251820.0,0.0,10,12
9283160,0.4000561797752809,267000.0,106815.0,[],50,1.3,0.5,5,5,0.1,0.07963386084874696,0.02,2.3,1.42,0,0.5,0,267000.0,0.0,10,12
9917278,0.4000584795321637,256500.0,102615.0,[],50,1.3,0.5,5,5,0.1,0.08904581392089052,0.02,2.3,1.44,0,0.5,0,256500.0,0.0,10,12
290488,0.4000685244403837,218900.0,87575.0,[],50,1.3,0.5,5,5,0.1,0.08693856278379003,0.03,2.3,1.45,0,0.5,0,218900.0,0.0,10,12
3194298,0.40005392579810184,278160.0,111279.0,[],50,1.3,0.5,5,5,0.1,0.05849758327602281,0.02,2.3,1.46,0,0.5,0,278160.0,0.0,10,12
6805449,0.40005392579810184,278160.0,111279.0,[],50,1.3,0.5,5,5,0.1,0.06649350408521784,0.03,2.3,1.47,0,0.5,0,278160.0,0.0,10,12
5490408,0.40005634331862144,266225.0,106505.0,[],50,1.3,0.5,5,5,0.1,0.07523624901699569,0.02,2.3,1.42,0,0.5,0,266225.0,0.0,10,12
4433127,0.40008189561039526,183160.0,73279.0,[],50,1.3,0.5,5,5,0.1,0.07501333810084634,0.04,2.3,1.45,0,0.5,0,183160.0,0.0,10,12
7351973,0.40005392579810184,278160.0,111279.0,[],50,1.3,0.5,5,5,0.1,0.08611239920642028,0.05,2.3,1.45,0,0.5,0,278160.0,0.0,10,12
2463170,0.4000561797752809,267000.0,106815.0,[],50,1.3,0.5,5,5,0.1,0.0901360360757985,0.02,2.3,1.42,0,0.5,0,267000.0,0.0,10,12
1595861,0.40005392579810184,278160.0,111279.0,[],50,1.3,0.5,5,5,0.1,0.08407264999705563,0.02,2.3,1.51,0,0.5,0,278160.0,0.0,10,12
3652215,0.40005959238806565,251710.0,100699.0,[],50,1.3,0.5,5,5,0.1,0.08887540863706253,0.02,2.3,1.43,0,0.5,0,251710.0,0.0,10,12
4093477,0.4000652003825089,230060.0,92039.0,[],50,1.3,0.5,5,5,0.1,0.08393951382078357,0.03,2.3,1.46,0,0.5,0,230060.0,0.0,10,12
8391182,0.4000652003825089,230060.0,92039.0,[],50,1.3,0.5,5,5,0.1,0.07896993427375665,0.04,2.3,1.43,0,0.5,0,230060.0,0.0,10,12
2097935,0.40005956635692164,251820.0,100743.0,[],50,1.3,0.5,5,5,0.1,0.06392520870246582,0.05,2.3,1.44,0,0.5,0,251820.0,0.0,10,12
15780,0.40005392579810184,278160.0,111279.0,[],50,1.3,0.5,5,5,0.1,0.07133902396227154,0.02,2.3,1.43,0,0.5,0,278160.0,0.0,10,12
4947871,0.40006079766536967,246720.0,98703.0,[],50,1.3,0.5,5,5,0.1,0.0844142322742022,0.03,2.3,1.48,0,0.5,0,246720.0,0.0,10,12
3563396,0.40006664889362836,225060.0,90039.0,[],50,1.3,0.5,5,5,0.1,0.07011757171568318,0.02,2.3,1.44,0,0.5,0,225060.0,0.0,10,12
676651,0.4000652003825089,230060.0,92039.0,[],50,1.3,0.5,5,5,0.1,0.07032889183915104,0.02,2.3,1.48,0,0.5,0,230060.0,0.0,10,12
1091253,0.40005392579810184,278160.0,111279.0,[],50,1.3,0.5,5,5,0.1,0.07241115688277194,0.01,2.3,1.44,0,0.5,0,278160.0,0.0,10,12
5619529,0.40005392579810184,278160.0,111279.0,[],50,1.3,0.5,5,5,0.1,0.055739423967007,0.02,2.3,1.44,0,0.5,0,278160.0,0.0,10,12
1968628,0.40005392579810184,278160.0,111279.0,[],50,1.3,0.5,5,6,0.1,0.04820952618010525,0.02,2.3,1.43,0,0.5,0,278160.0,0.0,10,12
1360029,0.40006079766536967,246720.0,98703.0,[],50,1.3,0.5,5,5,0.1,0.073362400249812,0.02,2.3,1.45,0,0.5,0,246720.0,0.0,10,12
4263316,0.40005392579810184,278160.0,111279.0,[],50,1.3,0.5,5,5,0.1,0.06505380089680346,0.02,2.3,1.44,0,0.5,0,278160.0,0.0,10,12
4875776,0.4000551298307514,272085.0,108849.0,[],50,1.3,0.5,5,5,0.1,0.08037734841622754,0.03,2.3,1.42,0,0.5,0,272085.0,0.0,10,12
5254793,0.4000709219858156,211500.0,84615.0,[],50,1.3,0.5,5,5,0.1,0.08424313780057503,0.03,2.3,1.43,0,0.5,0,211500.0,0.0,10,12
1126217,0.40005392579810184,278160.0,111279.0,[],50,1.3,0.5,5,5,0.1,0.05556696102383877,0.02,2.3,1.47,0,0.5,0,278160.0,0.0,10,12
789001,0.40005634331862144,266225.0,106505.0,[],50,1.3,0.5,5,5,0.1,0.0751846630793056,0.02,2.3,1.49,0,0.5,0,266225.0,0.0,10,12
9896298,0.40005392579810184,278160.0,111279.0,[],50,1.3,0.5,5,5,0.1,0.08442612835176862,0.05,2.3,1.44,0,0.5,0,278160.0,0.0,10,12
7828675,0.40005956635692164,251820.0,100743.0,[],50,1.3,0.5,5,5,0.1,0.08390518054458089,0.01,2.3,1.43,0,0.5,0,251820.0,0.0,10,12
5962344,0.40007252683492894,206820.0,82743.0,[],50,1.3,0.5,5,5,0.1,0.08588762034264476,0.05,2.3,1.45,0,0.5,0,206820.0,0.0,10,12
643016,0.40006574333800843,228160.0,91279.0,[],50,1.3,0.5,5,5,0.1,0.08440506945736498,0.03,2.3,1.43,0,0.5,0,228160.0,0.0,10,12
162641,0.40007197696737046,208400.0,83375.0,[],50,1.3,0.5,5,5,0.1,0.09284397191216194,0.02,2.3,1.43,0,0.5,0,208400.0,0.0,10,12
8938208,0.40006574333800843,228160.0,91279.0,[],50,1.3,0.5,5,5,0.1,0.09558612811521283,0.02,2.3,1.44,0,0.5,0,228160.0,0.0,10,12
6372504,0.4000561797752809,267000.0,106815.0,[],50,1.3,0.5,5,5,0.1,0.061458287742381316,0.03,2.3,1.45,0,0.5,0,267000.0,0.0,10,12
5851497,0.40005392579810184,278160.0,111279.0,[],50,1.3,0.5,5,5,0.1,0.08787719920890155,0.02,2.3,1.45,0,0.5,0,278160.0,0.0,10,12
511560,0.40005956635692164,251820.0,100743.0,[],50,1.3,0.5,5,5,0.1,0.08735181637776931,0.02,2.3,1.44,0,0.5,0,251820.0,0.0,10,12
124325,0.40005634331862144,266225.0,106505.0,[],50,1.3,0.5,5,5,0.1,0.07330852344395913,0.01,2.3,1.48,0,0.5,0,266225.0,0.0,10,12
1132919,0.40006433350488935,233160.0,93279.0,[],50,1.3,0.5,5,5,0.1,0.09402678406977562,0.04,2.3,1.45,0,0.5,0,233160.0,0.0,10,12
8968483,0.6000853276989964,246110.0,147687.0,[],50,1.3,0.5,10,10,0.1,0.08979605176956817,0.03,2.3,2.65,0,0.5,0,246110.0,0.0,10,12
1859804,0.400121896712852,246110.0,98474.0,[],50,1.3,0.5,10,10,0.1,0.07987471840423885,0.04,2.3,2.69,0,0.5,0,246110.0,0.0,10,12
8745797,0.400121896712852,246110.0,98474.0,[],50,1.3,0.5,10,10,0.1,0.07397005092127813,0.02,2.3,2.7,0,0.5,0,246110.0,0.0,10,12
8302177,0.5838324326520662,246110.0,143687.0,[],50,1.3,0.5,10,10,0.1,0.08048816443070236,0.03,2.3,2.64,0,0.5,0,246110.0,0.0,10,12
5623201,0.400121896712852,246110.0,98474.0,[],50,1.3,0.5,10,10,0.1,0.07696441102211524,0.02,2.3,2.67,0,0.5,0,246110.0,0.0,10,12
727677,0.400121896712852,246110.0,98474.0,[],50,1.3,0.5,10,10,0.1,0.06392085148405237,0.02,2.3,2.68,0,0.5,0,246110.0,0.0,10,12
1520061,0.400121896712852,246110.0,98474.0,[],50,1.3,0.5,10,10,0.1,0.0869024295387124,0.02,2.3,2.78,0,0.5,0,246110.0,0.0,10,12
8139448,0.6000934541465198,246110.0,147689.0,[],50,1.3,0.5,10,10,0.1,0.07326169925675852,0.03,2.3,2.68,0,0.5,0,246110.0,0.0,10,12
4902800,0.400121896712852,246110.0,98474.0,[],50,1.3,0.5,10,10,0.1,0.08234948671937478,0.04,2.3,2.72,0,0.5,0,246110.0,0.0,10,12
330850,0.400121896712852,246110.0,98474.0,[],50,1.3,0.5,10,10,0.1,0.07038774466266062,0.05,2.3,2.81,0,0.5,0,246110.0,0.0,10,12
438413,0.400121896712852,246110.0,98474.0,[],50,1.3,0.5,10,10,0.1,0.080121203940101,0.03,2.3,2.66,0,0.5,0,246110.0,0.0,10,12
9622611,0.400121896712852,246110.0,98474.0,[],50,1.3,0.5,10,10,0.1,0.08682126829228723,0.04,2.3,2.71,0,0.5,0,246110.0,0.0,10,12
1626802,0.6000853276989964,246110.0,147687.0,[],50,1.3,0.5,10,10,0.1,0.059283359900946256,0.04,2.3,2.69,0,0.5,0,246110.0,0.0,10,12
4201484,0.400121896712852,246110.0,98474.0,[],50,1.3,0.5,10,10,0.1,0.06342295404069259,0.03,2.3,2.69,0,0.5,0,246110.0,0.0,10,12
4763059,0.400121896712852,246110.0,98474.0,[],50,1.3,0.5,10,10,0.1,0.0835679684788199,0.02,2.3,2.68,0,0.5,0,246110.0,0.0,10,12
3917706,0.400121896712852,246110.0,98474.0,[],50,1.3,0.5,10,10,0.1,0.08493974313666618,0.02,2.3,2.73,0,0.5,0,246110.0,0.0,10,12
6011503,0.400121896712852,246110.0,98474.0,[],50,1.3,0.5,10,10,0.1,0.0741292993468191,0.04,2.3,2.7,0,0.5,0,246110.0,0.0,10,12
9771056,0.400121896712852,246110.0,98474.0,[],50,1.3,0.5,10,10,0.1,0.07772658431469365,0.04,2.3,2.7,0,0.5,0,246110.0,0.0,10,12
8578737,0.400121896712852,246110.0,98474.0,[],50,1.3,0.5,10,10,0.1,0.07489310124982584,0.03,2.3,2.71,0,0.5,0,246110.0,0.0,10,12
6594101,0.400121896712852,246110.0,98474.0,[],50,1.3,0.5,10,10,0.1,0.08119334085022052,0.03,2.3,2.73,0,0.5,0,246110.0,0.0,10,12
1496292,0.400121896712852,246110.0,98474.0,[],50,1.3,0.5,10,10,0.1,0.07077332742795316,0.06,2.3,2.74,0,0.5,0,246110.0,0.0,10,12
693769,0.400121896712852,246110.0,98474.0,[],50,1.3,0.5,10,10,0.1,0.08130300004221142,0.04,2.3,2.72,0,0.5,0,246110.0,0.0,10,12
1535088,0.400121896712852,246110.0,98474.0,[],50,1.3,0.5,10,10,0.1,0.0741057897559372,0.04,2.3,2.76,0,0.5,0,246110.0,0.0,10,12
9571820,0.400121896712852,246110.0,98474.0,[],50,1.3,0.5,10,10,0.1,0.06934109203678074,0.03,2.3,2.71,0,0.5,0,246110.0,0.0,10,12
3457598,0.400121896712852,246110.0,98474.0,[],50,1.3,0.5,10,10,0.1,0.09064915555640063,0.06,2.3,2.75,0,0.5,0,246110.0,0.0,10,12
7158704,0.4001308757770749,229225.0,91720.0,[],50,1.3,0.5,10,10,0.1,0.08704260662546844,0.02,2.3,2.69,0,0.5,0,229225.0,0.0,10,12
7294827,0.400121896712852,246110.0,98474.0,[],50,1.3,0.5,10,10,0.1,0.0753461794302831,0.04,2.3,2.72,0,0.5,0,246110.0,0.0,10,12
4397298,0.400121896712852,246110.0,98474.0,[],50,1.3,0.5,10,10,0.1,0.08096232788138708,0.03,2.3,2.7,0,0.5,0,246110.0,0.0,10,12
6921774,0.6000853276989964,246110.0,147687.0,[],50,1.3,0.5,10,10,0.1,0.0739068942462501,0.04,2.3,2.65,0,0.5,0,246110.0,0.0,10,12
6614827,0.400121896712852,246110.0,98474.0,[],50,1.3,0.5,10,10,0.1,0.06786553800887835,0.03,2.3,2.75,0,0.5,0,246110.0,0.0,10,12
5470548,0.400121896712852,246110.0,98474.0,[],50,1.3,0.5,10,10,0.1,0.0824302111884293,0.06,2.3,2.71,0,0.5,0,246110.0,0.0,10,12
8944944,0.6000893909227581,246110.0,147688.0,[],50,1.3,0.5,10,10,0.1,0.08709841720935738,0.02,2.3,2.66,0,0.5,0,246110.0,0.0,10,12
401471,0.400121896712852,246110.0,98474.0,[],50,1.3,0.5,10,10,0.1,0.06822513867588127,0.03,2.3,2.78,0,0.5,0,246110.0,0.0,10,12
6611709,0.6000853276989964,246110.0,147687.0,[],50,1.3,0.5,10,10,0.1,0.07609550634976185,0.03,2.3,2.76,0,0.5,0,246110.0,0.0,10,12
3107177,0.400121896712852,246110.0,98474.0,[],50,1.3,0.5,10,10,0.1,0.07300725123979074,0.03,2.3,2.77,0,0.5,0,246110.0,0.0,10,12
7116806,0.400121896712852,246110.0,98474.0,[],50,1.3,0.5,10,10,0.1,0.08487825494589613,0.03,2.3,2.7,0,0.5,0,246110.0,0.0,10,12
2151269,0.400121896712852,246110.0,98474.0,[],50,1.3,0.5,10,10,0.1,0.08185256376664786,0.04,2.3,2.72,0,0.5,0,246110.0,0.0,10,12
382027,0.400121896712852,246110.0,98474.0,[],50,1.3,0.5,10,10,0.1,0.08942725620540087,0.04,2.3,2.78,0,0.5,0,246110.0,0.0,10,12
2671357,0.400121896712852,246110.0,98474.0,[],50,1.3,0.5,10,10,0.1,0.08963467351025924,0.02,2.3,2.72,0,0.5,0,246110.0,0.0,10,12
7691846,0.400121896712852,246110.0,98474.0,[],50,1.3,0.5,10,10,0.1,0.07196169419369013,0.08,2.3,2.76,0,0.5,0,246110.0,0.0,10,12
3043970,0.400121896712852,246110.0,98474.0,[],50,1.3,0.5,10,10,0.1,0.08178965049992176,0.02,2.3,2.72,0,0.5,0,246110.0,0.0,10,12
1262403,0.400121896712852,246110.0,98474.0,[],50,1.3,0.5,10,10,0.1,0.07946925173607779,0.03,2.3,2.66,0,0.5,0,246110.0,0.0,10,12
6436477,0.400121896712852,246110.0,98474.0,[],50,1.3,0.5,10,10,0.1,0.05922489849224474,0.06,2.3,2.69,0,0.5,0,246110.0,0.0,10,12
41490,0.400121896712852,246110.0,98474.0,[],50,1.3,0.5,10,10,0.1,0.06810256371847646,0.1,2.3,2.69,0,0.5,0,246110.0,0.0,10,12
5764534,0.4001352508904017,221810.0,88754.0,[],50,1.3,0.5,10,10,0.1,0.06568984937870709,0.03,2.3,2.69,0,0.5,0,221810.0,0.0,10,12
1751736,0.400121896712852,246110.0,98474.0,[],50,1.3,0.5,10,10,0.1,0.08751396509725874,0.03,2.3,2.73,0,0.5,0,246110.0,0.0,10,12
9348859,0.400121896712852,246110.0,98474.0,[],50,1.3,0.5,10,10,0.1,0.09255147535010488,0.03,2.3,2.67,0,0.5,0,246110.0,0.0,10,12
3381705,0.400121896712852,246110.0,98474.0,[],50,1.3,0.5,10,10,0.1,0.08485054061152877,0.05,2.3,2.81,0,0.5,0,246110.0,0.0,10,12
567946,0.400121896712852,246110.0,98474.0,[],50,1.3,0.5,10,10,0.1,0.08313590677851569,0.02,2.3,2.72,0,0.5,0,246110.0,0.0,10,12
5066126,0.400121896712852,246110.0,98474.0,[],50,1.3,0.5,10,10,0.1,0.06919916816976196,0.04,2.3,2.67,0,0.5,0,246110.0,0.0,10,12
6448942,0.400121896712852,246110.0,98474.0,[],50,1.3,0.5,10,10,0.1,0.06974480514164655,0.03,2.3,2.68,0,0.5,0,246110.0,0.0,10,12
3074995,0.4001611949922089,186110.0,74474.0,[],50,1.3,0.5,10,10,0.1,0.06570558319599934,0.03,2.3,2.78,0,0.5,0,186110.0,0.0,10,12
4339854,0.400121896712852,246110.0,98474.0,[],50,1.3,0.5,10,10,0.1,0.06222487365294666,0.05,2.3,2.7,0,0.5,0,246110.0,0.0,10,12
4997734,0.400121896712852,246110.0,98474.0,[],50,1.3,0.5,10,10,0.1,0.09410847270318172,0.03,2.3,2.7,0,0.5,0,246110.0,0.0,10,12
904151,0.400121896712852,246110.0,98474.0,[],50,1.3,0.5,10,10,0.1,0.09372205788147912,0.04,2.3,2.73,0,0.5,0,246110.0,0.0,10,12
7567549,0.400121896712852,246110.0,98474.0,[],50,1.3,0.5,10,10,0.1,0.08282135878383629,0.05,2.3,2.68,0,0.5,0,246110.0,0.0,10,12
1724272,0.400121896712852,246110.0,98474.0,[],50,1.3,0.5,10,10,0.1,0.06903848410292242,0.06,2.3,2.78,0,0.5,0,246110.0,0.0,10,12
7735452,0.400121896712852,246110.0,98474.0,[],50,1.3,0.5,10,10,0.1,0.08879633326047692,0.11,2.3,2.78,0,0.5,0,246110.0,0.0,10,12
5130,0.400121896712852,246110.0,98474.0,[],50,1.3,0.5,10,10,0.1,0.07488925143587927,0.04,2.3,2.71,0,0.5,0,246110.0,0.0,10,12
3713287,0.6000853276989964,246110.0,147687.0,[],50,1.3,0.5,10,10,0.1,0.0855026856932884,0.05,2.3,2.76,0,0.5,0,246110.0,0.0,10,12
1101384,0.40013267878466235,226110.0,90474.0,[],50,1.3,0.5,10,10,0.1,0.08149591352941994,0.04,2.3,2.75,0,0.5,0,226110.0,0.0,10,12
8859975,0.400121896712852,246110.0,98474.0,[],50,1.3,0.5,10,10,0.1,0.06877150530654215,0.02,2.3,2.76,0,0.5,0,246110.0,0.0,10,12
5536194,0.400121896712852,246110.0,98474.0,[],50,1.3,0.5,10,10,0.1,0.07003047007720589,0.04,2.3,2.67,0,0.5,0,246110.0,0.0,10,12
8731306,0.400121896712852,246110.0,98474.0,[],50,1.3,0.5,10,10,0.1,0.08294901586796863,0.06,2.3,2.7,0,0.5,0,246110.0,0.0,10,12
7913959,0.400121896712852,246110.0,98474.0,[],50,1.3,0.5,10,10,0.1,0.06922530952664656,0.04,2.3,2.76,0,0.5,0,246110.0,0.0,10,12
2823718,0.6000853276989964,246110.0,147687.0,[],50,1.3,0.5,10,10,0.1,0.05761724496141772,0.04,2.3,2.66,0,0.5,0,246110.0,0.0,10,12
4496658,0.6000893909227581,246110.0,147688.0,[],50,1.3,0.5,10,10,0.1,0.07318260629700549,0.04,2.3,2.65,0,0.5,0,246110.0,0.0,10,12
7087804,0.6000853276989964,246110.0,147687.0,[],50,1.3,0.5,10,10,0.1,0.08439043637482456,0.02,2.3,2.62,0,0.5,0,246110.0,0.0,10,12
7288575,0.6000853276989964,246110.0,147687.0,[],50,1.3,0.5,10,10,0.1,0.07749530547749955,0.02,2.3,2.74,0,0.5,0,246110.0,0.0,10,12
5655489,0.400121896712852,246110.0,98474.0,[],50,1.3,0.5,10,10,0.1,0.08051181202951163,0.04,2.3,2.82,0,0.5,0,246110.0,0.0,10,12
2784391,0.400121896712852,246110.0,98474.0,[],50,1.3,0.5,10,10,0.1,0.08048895751300028,0.04,2.3,2.72,0,0.5,0,246110.0,0.0,10,12
3338941,0.400121896712852,246110.0,98474.0,[],50,1.3,0.5,10,10,0.1,0.06925069794468272,0.06,2.3,2.68,0,0.5,0,246110.0,0.0,10,12
1456704,0.400121896712852,246110.0,98474.0,[],50,1.3,0.5,10,10,0.1,0.09045109619450123,0.04,2.3,2.78,0,0.5,0,246110.0,0.0,10,12
5141309,0.400121896712852,246110.0,98474.0,[],50,1.3,0.5,10,10,0.1,0.08578687928225763,0.04,2.3,2.68,0,0.5,0,246110.0,0.0,10,12
253074,0.400121896712852,246110.0,98474.0,[],50,1.3,0.5,10,10,0.1,0.08392214039542735,0.05,2.3,2.76,0,0.5,0,246110.0,0.0,10,12
7293065,0.6000853276989964,246110.0,147687.0,[],50,1.3,0.5,10,10,0.1,0.08526990368702127,0.05,2.3,2.72,0,0.5,0,246110.0,0.0,10,12
1868619,0.400121896712852,246110.0,98474.0,[],50,1.3,0.5,10,10,0.1,0.08981013872069507,0.04,2.3,2.74,0,0.5,0,246110.0,0.0,10,12
8296447,0.400121896712852,246110.0,98474.0,[],50,1.3,0.5,10,10,0.1,0.0758875649973059,0.02,2.3,2.73,0,0.5,0,246110.0,0.0,10,12
3920625,0.400121896712852,246110.0,98474.0,[],50,1.3,0.5,10,10,0.1,0.08459030922872972,0.04,2.3,2.72,0,0.5,0,246110.0,0.0,10,12
6610111,0.400121896712852,246110.0,98474.0,[],50,1.3,0.5,10,10,0.1,0.05639042104153228,0.05,2.3,2.73,0,0.5,0,246110.0,0.0,10,12
4799919,0.400121896712852,246110.0,98474.0,[],50,1.3,0.5,10,10,0.1,0.08687027670399047,0.04,2.3,2.74,0,0.5,0,246110.0,0.0,10,12
2197170,0.400121896712852,246110.0,98474.0,[],50,1.3,0.5,10,10,0.1,0.08417671228689444,0.03,2.3,2.71,0,0.5,0,246110.0,0.0,10,12
6188259,0.400121896712852,246110.0,98474.0,[],50,1.3,0.5,10,10,0.1,0.0858826563448153,0.04,2.3,2.78,0,0.5,0,246110.0,0.0,10,12
2869979,0.400121896712852,246110.0,98474.0,[],50,1.3,0.5,10,10,0.1,0.08506668388733307,0.04,2.3,2.66,0,0.5,0,246110.0,0.0,10,12
6206313,0.400121896712852,246110.0,98474.0,[],50,1.3,0.5,10,10,0.1,0.05796769624333424,0.06,2.3,2.75,0,0.5,0,246110.0,0.0,10,12
3236596,0.400121896712852,246110.0,98474.0,[],50,1.3,0.5,10,10,0.1,0.07666294981739018,0.04,2.3,2.72,0,0.5,0,246110.0,0.0,10,12
2052424,0.400121896712852,246110.0,98474.0,[],50,1.3,0.5,10,10,0.1,0.08460280325186557,0.06,2.3,2.75,0,0.5,0,246110.0,0.0,10,12
4710600,0.4001263556912709,237425.0,95000.0,[],50,1.3,0.5,10,10,0.1,0.07585300413177894,0.03,2.3,2.7,0,0.5,0,237425.0,0.0,10,12
6478009,0.400121896712852,246110.0,98474.0,[],50,1.3,0.5,10,10,0.1,0.06503557158904773,0.02,2.3,2.75,0,0.5,0,246110.0,0.0,10,12
7370741,0.400121896712852,246110.0,98474.0,[],50,1.3,0.5,10,10,0.1,0.0554521319359668,0.02,2.3,2.73,0,0.5,0,246110.0,0.0,10,12
3904043,0.400121896712852,246110.0,98474.0,[],50,1.3,0.5,10,10,0.1,0.08472485088309682,0.03,2.3,2.71,0,0.5,0,246110.0,0.0,10,12
5164482,0.400121896712852,246110.0,98474.0,[],50,1.3,0.5,10,10,0.1,0.0582391967903903,0.07,2.3,2.73,0,0.5,0,246110.0,0.0,10,12
8638525,0.400121896712852,246110.0,98474.0,[],50,1.3,0.5,10,10,0.1,0.05851278839994727,0.06,2.3,2.79,0,0.5,0,246110.0,0.0,10,12
2938695,0.400121896712852,246110.0,98474.0,[],50,1.3,0.5,10,10,0.1,0.09041703950360103,0.03,2.3,2.69,0,0.5,0,246110.0,0.0,10,12
6213303,0.400121896712852,246110.0,98474.0,[],50,1.3,0.5,10,10,0.1,0.06716345130776627,0.01,2.3,2.68,0,0.5,0,246110.0,0.0,10,12
490772,0.400121896712852,246110.0,98474.0,[],50,1.3,0.5,10,10,0.1,0.08668873066618679,0.12,2.3,2.8,0,0.5,0,246110.0,0.0,10,12
8887493,0.400121896712852,246110.0,98474.0,[],50,1.3,0.5,10,10,0.1,0.07745375342127538,0.03,2.3,2.71,0,0.5,0,246110.0,0.0,10,12
6397970,0.400121896712852,246110.0,98474.0,[],50,1.3,0.5,10,10,0.1,0.0680274249009364,0.03,2.3,2.7,0,0.5,0,246110.0,0.0,10,12
4006877,0.4001305681892368,229765.0,91936.0,[],50,1.3,0.5,10,10,0.1,0.08392768949769956,0.03,2.3,2.71,0,0.5,0,229765.0,0.0,10,12
448160,0.400121896712852,246110.0,98474.0,[],50,1.3,0.5,10,10,0.1,0.07479350994218681,0.04,2.3,2.75,0,0.5,0,246110.0,0.0,10,12
3611247,0.400121896712852,246110.0,98474.0,[],50,1.3,0.5,10,10,0.1,0.07489803419275429,0.04,2.3,2.77,0,0.5,0,246110.0,0.0,10,12
4008687,0.400121896712852,246110.0,98474.0,[],50,1.3,0.5,10,10,0.1,0.09382746112622192,0.03,2.3,2.83,0,0.5,0,246110.0,0.0,10,12
7658314,0.400121896712852,246110.0,98474.0,[],50,1.3,0.5,10,10,0.1,0.06498108552113079,0.07,2.3,2.9,0,0.5,0,246110.0,0.0,10,12
7373280,0.400121896712852,246110.0,98474.0,[],50,1.3,0.5,10,10,0.1,0.08908272820296584,0.03,2.3,3.05,0,0.5,0,246110.0,0.0,10,12
5083478,0.400121896712852,246110.0,98474.0,[],50,1.3,0.5,10,10,0.1,0.07028186431060462,0.06,2.3,2.77,0,0.5,0,246110.0,0.0,10,12
4261832,0.400121896712852,246110.0,98474.0,[],50,1.3,0.5,10,10,0.1,0.07056253370542173,0.04,2.3,2.72,0,0.5,0,246110.0,0.0,10,12
9583077,0.400121896712852,246110.0,98474.0,[],50,1.3,0.5,10,10,0.1,0.07901481771753784,0.03,2.3,2.69,0,0.5,0,246110.0,0.0,10,12
6070266,0.400121896712852,246110.0,98474.0,[],50,1.3,0.5,10,10,0.1,0.06396336221280766,0.03,2.3,2.72,0,0.5,0,246110.0,0.0,10,12
9284204,0.400121896712852,246110.0,98474.0,[],50,1.3,0.5,10,10,0.1,0.08087373627203578,0.04,2.3,2.72,0,0.5,0,246110.0,0.0,10,12
6128033,0.400121896712852,246110.0,98474.0,[],50,1.3,0.5,10,10,0.1,0.07693648803686053,0.05,2.3,2.69,0,0.5,0,246110.0,0.0,10,12
2765633,0.400121896712852,246110.0,98474.0,[],50,1.3,0.5,10,10,0.1,0.09179289970205323,0.04,2.3,2.77,0,0.5,0,246110.0,0.0,10,12
7697554,0.400121896712852,246110.0,98474.0,[],50,1.3,0.5,10,10,0.1,0.08746613984514241,0.04,2.3,2.72,0,0.5,0,246110.0,0.0,10,12
8703672,0.4001308757770749,229225.0,91720.0,[],50,1.3,0.5,10,10,0.1,0.07414726771317828,0.04,2.3,2.7,0,0.5,0,229225.0,0.0,10,12
8037168,0.400121896712852,246110.0,98474.0,[],50,1.3,0.5,10,10,0.1,0.0703547735907431,0.04,2.3,2.7,0,0.5,0,246110.0,0.0,10,12
9070941,0.4001263556912709,237425.0,95000.0,[],50,1.3,0.5,10,10,0.1,0.08988639106245826,0.04,2.3,2.68,0,0.5,0,237425.0,0.0,10,12
257196,0.400121896712852,246110.0,98474.0,[],50,1.3,0.5,10,10,0.1,0.07010541189404705,0.03,2.3,2.69,0,0.5,0,246110.0,0.0,10,12
4117269,0.400121896712852,246110.0,98474.0,[],50,1.3,0.5,10,10,0.1,0.08831214171935117,0.03,2.3,2.73,0,0.5,0,246110.0,0.0,10,12
2139886,0.400121896712852,246110.0,98474.0,[],50,1.3,0.5,10,10,0.1,0.08602019450332324,0.04,2.3,2.71,0,0.5,0,246110.0,0.0,10,12
6596858,0.400121896712852,246110.0,98474.0,[],50,1.3,0.5,10,10,0.1,0.0809013242341861,0.02,2.3,2.72,0,0.5,0,246110.0,0.0,10,12
3292838,0.4001097070415668,246110.0,98471.0,[],50,1.3,0.5,10,9,0.1,0.08489604261423085,0.03,2.3,2.45,0,0.5,0,246110.0,0.0,10,12
1763094,0.400121896712852,246110.0,98474.0,[],50,1.3,0.5,10,10,0.1,0.07270791871484956,0.09,2.3,2.77,0,0.5,0,246110.0,0.0,10,12
3709266,0.400121896712852,246110.0,98474.0,[],50,1.3,0.5,10,10,0.1,0.07834047120472348,0.03,2.3,2.7,0,0.5,0,246110.0,0.0,10,12
4258316,0.400121896712852,246110.0,98474.0,[],50,1.3,0.5,10,10,0.1,0.07055847810685542,0.03,2.3,2.67,0,0.5,0,246110.0,0.0,10,12
5476561,0.400121896712852,246110.0,98474.0,[],50,1.3,0.5,10,10,0.1,0.06909684756740295,0.05,2.3,2.71,0,0.5,0,246110.0,0.0,10,12
1340837,0.6000853276989964,246110.0,147687.0,[],50,1.3,0.5,10,10,0.1,0.06281936698070872,0.03,2.3,2.69,0,0.5,0,246110.0,0.0,10,12
9787345,0.400121896712852,246110.0,98474.0,[],50,1.3,0.5,10,10,0.1,0.06706373156168417,0.03,2.3,2.69,0,0.5,0,246110.0,0.0,10,12
9353427,0.400121896712852,246110.0,98474.0,[],50,1.3,0.5,10,10,0.1,0.07982718841359887,0.04,2.3,2.68,0,0.5,0,246110.0,0.0,10,12
868485,0.400121896712852,246110.0,98474.0,[],50,1.3,0.5,10,10,0.1,1.0,0.04,2.3,2.69,0,0.5,0,246110.0,0.0,10,12
8722568,0.400121896712852,246110.0,98474.0,[],50,1.3,0.5,10,10,0.1,0.0726813328112352,0.03,2.3,2.84,0,0.5,0,246110.0,0.0,10,12
4519166,0.4001097070415668,246110.0,98471.0,[],50,1.3,0.5,10,9,0.1,0.06715207509503444,0.04,2.3,2.42,0,0.5,0,246110.0,0.0,10,12
3108682,0.400121896712852,246110.0,98474.0,[],50,1.3,0.5,10,10,0.1,0.08023161870860351,0.04,2.3,2.7,0,0.5,0,246110.0,0.0,10,12
3069839,0.400121896712852,246110.0,98474.0,[],50,1.3,0.5,10,10,0.1,0.06917229872400776,0.03,2.3,2.75,0,0.5,0,246110.0,0.0,10,12
6315158,0.400121896712852,246110.0,98474.0,[],50,1.3,0.5,10,11,0.1,0.06368854822360026,0.06,2.3,2.67,0,0.5,0,246110.0,0.0,10,12
3431715,0.400121896712852,246110.0,98474.0,[],50,1.3,0.5,10,10,0.1,0.0700923822647136,0.03,2.3,2.67,0,0.5,0,246110.0,0.0,10,12
7293986,0.6000893909227581,246110.0,147688.0,[],50,1.3,0.5,10,10,0.1,0.07338955892248292,0.05,2.3,2.68,0,0.5,0,246110.0,0.0,10,12
7479799,0.400121896712852,246110.0,98474.0,[],50,1.3,0.5,10,10,0.1,0.08888230871849055,0.04,2.3,2.73,0,0.5,0,246110.0,0.0,10,12
3849226,0.400121896712852,246110.0,98474.0,[],50,1.3,0.5,10,10,0.1,0.06512121636252544,0.03,2.3,2.72,0,0.5,0,246110.0,0.0,10,12
1933003,0.400121896712852,246110.0,98474.0,[],50,1.3,0.5,10,10,0.1,0.09715783801604949,0.04,2.3,2.75,0,0.5,0,246110.0,0.0,10,12
6597258,0.400121896712852,246110.0,98474.0,[],50,1.3,0.5,10,10,0.1,0.06860628418735444,0.05,2.3,2.7,0,0.5,0,246110.0,0.0,10,12
2680906,0.400121896712852,246110.0,98474.0,[],50,1.3,0.5,10,10,0.1,0.06902354737909762,0.04,2.3,2.76,0,0.5,0,246110.0,0.0,10,12
5970576,0.400121896712852,246110.0,98474.0,[],50,1.3,0.5,10,10,0.1,0.09173466444473062,0.05,2.3,2.65,0,0.5,0,246110.0,0.0,10,12
452133,0.400121896712852,246110.0,98474.0,[],50,1.3,0.5,10,10,0.1,0.07889343128256862,0.06,2.3,2.74,0,0.5,0,246110.0,0.0,10,12
3001012,0.400121896712852,246110.0,98474.0,[],50,1.3,0.5,10,10,0.1,0.06782663517302277,0.05,2.3,2.67,0,0.5,0,246110.0,0.0,10,12
8242185,0.400121896712852,246110.0,98474.0,[],50,1.3,0.5,10,10,0.1,0.05846761960210418,0.03,2.3,2.68,0,0.5,0,246110.0,0.0,10,12
4068234,0.400121896712852,246110.0,98474.0,[],50,1.3,0.5,10,10,0.1,0.08354451004988057,0.03,2.3,2.69,0,0.5,0,246110.0,0.0,10,12
1999163,0.400121896712852,246110.0,98474.0,[],50,1.3,0.5,10,10,0.1,0.07450257847295284,0.04,2.3,2.76,0,0.5,0,246110.0,0.0,10,12
6932347,0.400121896712852,246110.0,98474.0,[],50,1.3,0.5,10,10,0.1,0.06823280186403556,0.02,2.3,2.73,0,0.5,0,246110.0,0.0,10,12
563305,0.6000853276989964,246110.0,147687.0,[],50,1.3,0.5,10,10,0.1,0.08688590292887502,0.04,2.3,2.7,0,0.5,0,246110.0,0.0,10,12
9403557,0.400121896712852,246110.0,98474.0,[],50,1.3,0.5,10,10,0.1,0.0431071832172166,0.03,2.3,2.84,0,0.5,0,246110.0,0.0,10,12
5755713,0.4002399328188107,250070.0,100088.0,[],50,1.3,0.5,20,20,0.1,0.08990580239147168,0.08,2.3,5.47,0,0.5,0,250070.0,0.0,10,12
8712715,0.4002399328188107,250070.0,100088.0,[],50,1.3,0.5,20,20,0.1,0.06946739837414262,0.11,2.3,5.56,0,0.5,0,250070.0,0.0,10,12
3594502,0.4002399328188107,250070.0,100088.0,[],50,1.3,0.5,20,20,0.1,0.09594614290902657,0.07,2.3,5.53,0,0.5,0,250070.0,0.0,10,12
9793633,0.4002399328188107,250070.0,100088.0,[],50,1.3,0.5,20,20,0.1,0.06945812104105793,0.08,2.3,5.53,0,0.5,0,250070.0,0.0,10,12
4801349,0.4002399328188107,250070.0,100088.0,[],50,1.3,0.5,20,20,0.1,0.08669508408996116,0.04,2.3,5.91,0,0.5,0,250070.0,0.0,10,12
4311387,0.4002399328188107,250070.0,100088.0,[],50,1.3,0.5,20,20,0.1,0.08261070962133633,0.09,2.3,5.6,0,0.5,0,250070.0,0.0,10,12
2477803,0.4002399328188107,250070.0,100088.0,[],50,1.3,0.5,20,20,0.1,0.08297882625940071,0.05,2.3,5.67,0,0.5,0,250070.0,0.0,10,12
1041752,0.4002399328188107,250070.0,100088.0,[],50,1.3,0.5,20,20,0.1,0.06674494084986668,0.08,2.3,5.58,0,0.5,0,250070.0,0.0,10,12
3358780,0.4002399328188107,250070.0,100088.0,[],50,1.3,0.5,20,20,0.1,0.0920612134477645,0.07,2.3,5.82,0,0.5,0,250070.0,0.0,10,12
1778375,0.4002399328188107,250070.0,100088.0,[],50,1.3,0.5,20,20,0.1,0.06415207513085017,0.13,2.3,5.78,0,0.5,0,250070.0,0.0,10,12
7520130,0.4002399328188107,250070.0,100088.0,[],50,1.3,0.5,20,21,0.1,0.07502541166186194,0.06,2.3,5.55,0,0.5,0,250070.0,0.0,10,12
9674732,0.40022793617787017,250070.0,100085.0,[],50,1.3,0.5,20,19,0.1,0.07615278220394425,0.06,2.3,5.36,0,0.5,0,250070.0,0.0,10,12
4329393,0.4002399328188107,250070.0,100088.0,[],50,1.3,0.5,20,20,0.1,0.06767881042611061,0.07,2.3,5.59,0,0.5,0,250070.0,0.0,10,12
5618513,0.4002399328188107,250070.0,100088.0,[],50,1.3,0.5,20,20,0.1,0.07185097384416633,0.05,2.3,5.51,0,0.5,0,250070.0,0.0,10,12
3837395,0.4002399328188107,250070.0,100088.0,[],50,1.3,0.5,20,20,0.1,0.07152185316226296,0.06,2.3,5.61,0,0.5,0,250070.0,0.0,10,12
7732792,0.40022793617787017,250070.0,100085.0,[],50,1.3,0.5,20,19,0.1,0.07580406329122047,0.04,2.3,5.29,0,0.5,0,250070.0,0.0,10,12
1913186,0.4002399328188107,250070.0,100088.0,[],50,1.3,0.5,20,20,0.1,0.06314904152734718,0.05,2.3,5.65,0,0.5,0,250070.0,0.0,10,12
542277,0.4002399328188107,250070.0,100088.0,[],50,1.3,0.5,20,20,0.1,0.09035480627800863,0.08,2.3,5.81,0,0.5,0,250070.0,0.0,10,12
5546389,0.4002399328188107,250070.0,100088.0,[],50,1.3,0.5,20,21,0.1,0.07661950999863931,0.11,2.3,5.67,0,0.5,0,250070.0,0.0,10,12
8772182,0.4002399328188107,250070.0,100088.0,[],50,1.3,0.5,20,20,0.1,0.08092860360857485,0.06,2.3,5.55,0,0.5,0,250070.0,0.0,10,12
2607498,0.40022793617787017,250070.0,100085.0,[],50,1.3,0.5,20,19,0.1,0.07076264726634282,0.07,2.3,5.41,0,0.5,0,250070.0,0.0,10,12
2264758,0.4002399328188107,250070.0,100088.0,[],50,1.3,0.5,20,20,0.1,0.07892498781751375,0.05,2.3,5.6,0,0.5,0,250070.0,0.0,10,12
9265662,0.4002399328188107,250070.0,100088.0,[],50,1.3,0.5,20,20,0.1,0.06356009522801523,0.08,2.3,5.64,0,0.5,0,250070.0,0.0,10,12
8459882,0.4002399328188107,250070.0,100088.0,[],50,1.3,0.5,20,20,0.1,0.08025918565609,0.04,2.3,5.65,0,0.5,0,250070.0,0.0,10,12
1738997,0.40022793617787017,250070.0,100085.0,[],50,1.3,0.5,20,19,0.1,0.09045059377332225,0.06,2.3,5.28,0,0.5,0,250070.0,0.0,10,12
6519441,0.4002399328188107,250070.0,100088.0,[],50,1.3,0.5,20,20,0.1,0.07141305868383772,0.09,2.3,5.49,0,0.5,0,250070.0,0.0,10,12
5110666,0.4002399328188107,250070.0,100088.0,[],50,1.3,0.5,20,20,0.1,0.06758428311163328,0.11,2.3,5.59,0,0.5,0,250070.0,0.0,10,12
5442850,0.4002399328188107,250070.0,100088.0,[],50,1.3,0.5,20,20,0.1,0.06459672363992194,0.06,2.3,5.73,0,0.5,0,250070.0,0.0,10,12
1128483,0.4002399328188107,250070.0,100088.0,[],50,1.3,0.5,20,20,0.1,0.09053710323086271,0.1,2.3,5.68,0,0.5,0,250070.0,0.0,10,12
7944109,0.4002399328188107,250070.0,100088.0,[],50,1.3,0.5,20,20,0.1,0.07207549775840495,0.09,2.3,5.79,0,0.5,0,250070.0,0.0,10,12
2951998,0.4002399328188107,250070.0,100088.0,[],50,1.3,0.5,20,20,0.1,0.07428010365559513,0.06,2.3,5.73,0,0.5,0,250070.0,0.0,10,12
6745212,0.4002399328188107,250070.0,100088.0,[],50,1.3,0.5,20,20,0.1,0.06717214374563887,0.07,2.3,5.58,0,0.5,0,250070.0,0.0,10,12
9440457,0.4002399328188107,250070.0,100088.0,[],50,1.3,0.5,20,20,0.1,0.07687433137219851,0.05,2.3,5.59,0,0.5,0,250070.0,0.0,10,12
7530247,0.4002399328188107,250070.0,100088.0,[],50,1.3,0.5,20,20,0.1,0.08019998252981524,0.09,2.3,5.65,0,0.5,0,250070.0,0.0,10,12
8738091,0.4002399328188107,250070.0,100088.0,[],50,1.3,0.5,20,20,0.1,0.08934649065877315,0.13,2.3,5.62,0,0.5,0,250070.0,0.0,10,12
3649343,0.4002399328188107,250070.0,100088.0,[],50,1.3,0.5,20,20,0.1,0.08801964992457514,0.1,2.3,5.72,0,0.5,0,250070.0,0.0,10,12
1349134,0.4002399328188107,250070.0,100088.0,[],50,1.3,0.5,20,20,0.1,0.09432792872732002,0.05,2.3,5.8,0,0.5,0,250070.0,0.0,10,12
535243,0.4002399328188107,250070.0,100088.0,[],50,1.3,0.5,20,20,0.1,0.08899534494745745,0.06,2.3,5.75,0,0.5,0,250070.0,0.0,10,12
1482863,0.4002399328188107,250070.0,100088.0,[],50,1.3,0.5,20,20,0.1,0.07149032937352215,0.09,2.3,5.68,0,0.5,0,250070.0,0.0,10,12
2144743,0.4002399328188107,250070.0,100088.0,[],50,1.3,0.5,20,20,0.1,0.054599699058074096,0.1,2.3,5.67,0,0.5,0,250070.0,0.0,10,12
328269,0.4002399328188107,250070.0,100088.0,[],50,1.3,0.5,20,20,0.1,0.07511170299278132,0.09,2.3,5.58,0,0.5,0,250070.0,0.0,10,12
7129582,0.4002399328188107,250070.0,100088.0,[],50,1.3,0.5,20,20,0.1,0.07761444029243195,0.09,2.3,5.56,0,0.5,0,250070.0,0.0,10,12
7944464,0.4002399328188107,250070.0,100088.0,[],50,1.3,0.5,20,20,0.1,0.08813787537949355,0.07,2.3,5.74,0,0.5,0,250070.0,0.0,10,12
2249776,0.4002399328188107,250070.0,100088.0,[],50,1.3,0.5,20,20,0.1,0.08231197719291607,0.1,2.3,5.74,0,0.5,0,250070.0,0.0,10,12
4740522,0.4002399328188107,250070.0,100088.0,[],50,1.3,0.5,20,20,0.1,0.06460466922812358,0.07,2.3,5.66,0,0.5,0,250070.0,0.0,10,12
6698415,0.4002399328188107,250070.0,100088.0,[],50,1.3,0.5,20,20,0.1,0.07190074468267359,0.05,2.3,5.66,0,0.5,0,250070.0,0.0,10,12
5574666,0.4002399328188107,250070.0,100088.0,[],50,1.3,0.5,20,20,0.1,0.059028631883927755,0.06,2.3,5.72,0,0.5,0,250070.0,0.0,10,12
9608346,0.40022793617787017,250070.0,100085.0,[],50,1.3,0.5,20,19,0.1,0.07234034972866935,0.14,2.3,5.43,0,0.5,0,250070.0,0.0,10,12
8025425,0.4002399328188107,250070.0,100088.0,[],50,1.3,0.5,20,20,0.1,0.07711606049823644,0.06,2.3,5.68,0,0.5,0,250070.0,0.0,10,12
3475285,0.40022793617787017,250070.0,100085.0,[],50,1.3,0.5,20,19,0.1,0.07403412056475557,0.07,2.3,5.24,0,0.5,0,250070.0,0.0,10,12
1875286,0.4002399328188107,250070.0,100088.0,[],50,1.3,0.5,20,20,0.1,0.07307461628108566,0.06,2.3,5.55,0,0.5,0,250070.0,0.0,10,12
1498923,0.4002399328188107,250070.0,100088.0,[],50,1.3,0.5,20,20,0.1,0.08175109009138719,0.04,2.3,5.53,0,0.5,0,250070.0,0.0,10,12
9423940,0.4002399328188107,250070.0,100088.0,[],50,1.3,0.5,20,20,0.1,0.07971098329863298,0.18,2.3,5.69,0,0.5,0,250070.0,0.0,10,12
5454415,0.4002399328188107,250070.0,100088.0,[],50,1.3,0.5,20,20,0.1,0.08121974271022672,0.07,2.3,5.59,0,0.5,0,250070.0,0.0,10,12
7001153,0.4002399328188107,250070.0,100088.0,[],50,1.3,0.5,20,20,0.1,0.0726560535774356,0.08,2.3,5.52,0,0.5,0,250070.0,0.0,10,12
7072925,0.4002399328188107,250070.0,100088.0,[],50,1.3,0.5,20,20,0.1,0.08297905508241177,0.07,2.3,5.59,0,0.5,0,250070.0,0.0,10,12
8201694,0.4002399328188107,250070.0,100088.0,[],50,1.3,0.5,20,20,0.1,0.08092388227172935,0.07,2.3,5.82,0,0.5,0,250070.0,0.0,10,12
3719531,0.4002399328188107,250070.0,100088.0,[],50,1.3,0.5,20,20,0.1,0.07499347342275597,0.05,2.3,5.59,0,0.5,0,250070.0,0.0,10,12
2846511,0.4002399328188107,250070.0,100088.0,[],50,1.3,0.5,20,20,0.1,0.06532319347347726,0.07,2.3,5.61,0,0.5,0,250070.0,0.0,10,12
2556678,0.40022793617787017,250070.0,100085.0,[],50,1.3,0.5,20,19,0.1,0.08599136351444278,0.1,2.3,5.35,0,0.5,0,250070.0,0.0,10,12
2188720,0.4002399328188107,250070.0,100088.0,[],50,1.3,0.5,20,20,0.1,0.07957480037436697,0.08,2.3,5.58,0,0.5,0,250070.0,0.0,10,12
5573379,0.4002399328188107,250070.0,100088.0,[],50,1.3,0.5,20,20,0.1,0.08126554719646088,0.06,2.3,5.69,0,0.5,0,250070.0,0.0,10,12
9195806,0.4002399328188107,250070.0,100088.0,[],50,1.3,0.5,20,20,0.1,0.0760960671467647,0.08,2.3,5.58,0,0.5,0,250070.0,0.0,10,12
6937703,0.4002399328188107,250070.0,100088.0,[],50,1.3,0.5,20,20,0.1,0.08946415812535591,0.1,2.3,5.57,0,0.5,0,250070.0,0.0,10,12
9650912,0.40022793617787017,250070.0,100085.0,[],50,1.3,0.5,20,19,0.1,0.07498807015046775,0.08,2.3,5.41,0,0.5,0,250070.0,0.0,10,12
746059,0.40022793617787017,250070.0,100085.0,[],50,1.3,0.5,20,19,0.1,0.07706078084529656,0.06,2.3,5.34,0,0.5,0,250070.0,0.0,10,12
3252797,0.4002399328188107,250070.0,100088.0,[],50,1.3,0.5,20,20,0.1,0.0754889281808089,0.06,2.3,5.6,0,0.5,0,250070.0,0.0,10,12
7002322,0.4002399328188107,250070.0,100088.0,[],50,1.3,0.5,20,20,0.1,0.07307444207181922,0.05,2.3,5.72,0,0.5,0,250070.0,0.0,10,12
2781855,0.4002399328188107,250070.0,100088.0,[],50,1.3,0.5,20,20,0.1,0.06948282631986402,0.05,2.3,5.6,0,0.5,0,250070.0,0.0,10,12
9873227,0.4002399328188107,250070.0,100088.0,[],50,1.3,0.5,20,20,0.1,0.08414432212498199,0.05,2.3,5.62,0,0.5,0,250070.0,0.0,10,12
4990772,0.4002399328188107,250070.0,100088.0,[],50,1.3,0.5,20,20,0.1,0.08513337714137942,0.07,2.3,5.51,0,0.5,0,250070.0,0.0,10,12
4352650,0.4002399328188107,250070.0,100088.0,[],50,1.3,0.5,20,20,0.1,0.06505810903711574,0.05,2.3,5.74,0,0.5,0,250070.0,0.0,10,12
5879743,0.4002399328188107,250070.0,100088.0,[],50,1.3,0.5,20,20,0.1,0.08756344027091424,0.04,2.3,5.57,0,0.5,0,250070.0,0.0,10,12
2211371,0.40022793617787017,250070.0,100085.0,[],50,1.3,0.5,20,19,0.1,1.0,0.05,2.3,5.34,0,0.5,0,250070.0,0.0,10,12
1437940,0.4002399328188107,250070.0,100088.0,[],50,1.3,0.5,20,20,0.1,0.08078940150364151,0.04,2.3,5.61,0,0.5,0,250070.0,0.0,10,12
8113596,0.4002399328188107,250070.0,100088.0,[],50,1.3,0.5,20,20,0.1,0.07179756403894492,0.05,2.3,5.69,0,0.5,0,250070.0,0.0,10,12
6012747,0.4002399328188107,250070.0,100088.0,[],50,1.3,0.5,20,20,0.1,0.08619605900470621,0.05,2.3,5.59,0,0.5,0,250070.0,0.0,10,12
3435387,0.4002399328188107,250070.0,100088.0,[],50,1.3,0.5,20,20,0.1,0.06830168325479107,0.08,2.3,5.79,0,0.5,0,250070.0,0.0,10,12
5463054,0.4002399328188107,250070.0,100088.0,[],50,1.3,0.5,20,20,0.1,0.060219487795480656,0.06,2.3,5.57,0,0.5,0,250070.0,0.0,10,12
6865765,0.4002399328188107,250070.0,100088.0,[],50,1.3,0.5,20,20,0.1,0.07622418355080096,0.08,2.3,5.77,0,0.5,0,250070.0,0.0,10,12
631565,0.4002399328188107,250070.0,100088.0,[],50,1.3,0.5,20,20,0.1,0.07119473719014602,0.09,2.3,5.73,0,0.5,0,250070.0,0.0,10,12
2189296,0.4002399328188107,250070.0,100088.0,[],50,1.3,0.5,20,20,0.1,0.07128908002012382,0.08,2.3,5.5,0,0.5,0,250070.0,0.0,10,12
410230,0.4002399328188107,250070.0,100088.0,[],50,1.3,0.5,20,20,0.1,0.08549351122708326,0.08,2.3,5.57,0,0.5,0,250070.0,0.0,10,12
2964138,0.4002399328188107,250070.0,100088.0,[],50,1.3,0.5,20,20,0.1,0.07476861076379784,0.06,2.3,5.6,0,0.5,0,250070.0,0.0,10,12
5705356,0.4002399328188107,250070.0,100088.0,[],50,1.3,0.5,20,20,0.1,0.09088107745681978,0.07,2.3,5.59,0,0.5,0,250070.0,0.0,10,12
2793958,0.4002399328188107,250070.0,100088.0,[],50,1.3,0.5,20,21,0.1,0.0697445470504816,0.07,2.3,5.54,0,0.5,0,250070.0,0.0,10,12
971529,0.4002399328188107,250070.0,100088.0,[],50,1.3,0.5,20,20,0.1,0.06200716474388004,0.08,2.3,5.74,0,0.5,0,250070.0,0.0,10,12
7333666,0.4002399328188107,250070.0,100088.0,[],50,1.3,0.5,20,20,0.1,0.07403206121209809,0.07,2.3,5.64,0,0.5,0,250070.0,0.0,10,12
5957165,0.4002399328188107,250070.0,100088.0,[],50,1.3,0.5,20,20,0.1,0.06435805117966456,0.04,2.3,5.61,0,0.5,0,250070.0,0.0,10,12
9799981,0.4002399328188107,250070.0,100088.0,[],50,1.3,0.5,20,20,0.1,0.07343737510903989,0.08,2.3,5.66,0,0.5,0,250070.0,0.0,10,12
6978608,0.4002399328188107,250070.0,100088.0,[],50,1.3,0.5,20,20,0.1,1.0,0.08,2.3,5.57,0,0.5,0,250070.0,0.0,10,12
6955815,0.4002399328188107,250070.0,100088.0,[],50,1.3,0.5,20,20,0.1,0.07537025333158004,0.05,2.3,5.74,0,0.5,0,250070.0,0.0,10,12
2939445,0.4002399328188107,250070.0,100088.0,[],50,1.3,0.5,20,20,0.1,0.06703595001065277,0.06,2.3,5.55,0,0.5,0,250070.0,0.0,10,12
9028631,0.4002399328188107,250070.0,100088.0,[],50,1.3,0.5,20,20,0.1,0.08568238215799022,0.1,2.3,5.62,0,0.5,0,250070.0,0.0,10,12
957734,0.4002399328188107,250070.0,100088.0,[],50,1.3,0.5,20,20,0.1,0.08342626146584681,0.06,2.3,5.58,0,0.5,0,250070.0,0.0,10,12
8376159,0.4002399328188107,250070.0,100088.0,[],50,1.3,0.5,20,20,0.1,0.07466652778269081,0.1,2.3,5.77,0,0.5,0,250070.0,0.0,10,12
6684508,0.4002399328188107,250070.0,100088.0,[],50,1.3,0.5,20,20,0.1,0.07022656028737329,0.14,2.3,5.68,0,0.5,0,250070.0,0.0,10,12
1271917,0.4002399328188107,250070.0,100088.0,[],50,1.3,0.5,20,20,0.1,0.07552915838366026,0.06,2.3,5.61,0,0.5,0,250070.0,0.0,10,12
3751544,0.4002399328188107,250070.0,100088.0,[],50,1.3,0.5,20,20,0.1,0.06965278703598447,0.05,2.3,5.71,0,0.5,0,250070.0,0.0,10,12
2909313,0.4002399328188107,250070.0,100088.0,[],50,1.3,0.5,20,20,0.1,0.08156605047729508,0.04,2.3,5.62,0,0.5,0,250070.0,0.0,10,12
3766373,0.4002399328188107,250070.0,100088.0,[],50,1.3,0.5,20,20,0.1,0.0816954588677725,0.05,2.3,5.65,0,0.5,0,250070.0,0.0,10,12
5792495,0.4002399328188107,250070.0,100088.0,[],50,1.3,0.5,20,20,0.1,0.08224840923193383,0.1,2.3,5.64,0,0.5,0,250070.0,0.0,10,12
5978260,0.4002399328188107,250070.0,100088.0,[],50,1.3,0.5,20,20,0.1,0.07354595639664252,0.09,2.3,5.76,0,0.5,0,250070.0,0.0,10,12
2143924,0.40022793617787017,250070.0,100085.0,[],50,1.3,0.5,20,19,0.1,0.0690592045957199,0.1,2.3,5.46,0,0.5,0,250070.0,0.0,10,12
4614128,0.4002399328188107,250070.0,100088.0,[],50,1.3,0.5,20,20,0.1,0.06737283678561323,0.04,2.3,5.63,0,0.5,0,250070.0,0.0,10,12
8233809,0.4002399328188107,250070.0,100088.0,[],50,1.3,0.5,20,20,0.1,0.08400776704642457,0.08,2.3,5.54,0,0.5,0,250070.0,0.0,10,12
2929306,0.40022793617787017,250070.0,100085.0,[],50,1.3,0.5,20,19,0.1,0.07338216481003199,0.05,2.3,5.17,0,0.5,0,250070.0,0.0,10,12
7057167,0.4002399328188107,250070.0,100088.0,[],50,1.3,0.5,20,20,0.1,0.08074251523368046,0.06,2.3,5.56,0,0.5,0,250070.0,0.0,10,12
6802237,0.4002399328188107,250070.0,100088.0,[],50,1.3,0.5,20,20,0.1,0.06660719883581004,0.06,2.3,5.75,0,0.5,0,250070.0,0.0,10,12
4812773,0.4002399328188107,250070.0,100088.0,[],50,1.3,0.5,20,20,0.1,0.06014871816394642,0.06,2.3,5.59,0,0.5,0,250070.0,0.0,10,12
7428051,0.4002399328188107,250070.0,100088.0,[],50,1.3,0.5,20,20,0.1,0.07261245387410356,0.05,2.3,5.9,0,0.5,0,250070.0,0.0,10,12
4061283,0.40021593953692963,250070.0,100082.0,[],50,1.3,0.5,20,18,0.1,0.08140184693889171,0.06,2.3,5.05,0,0.5,0,250070.0,0.0,10,12
8354497,0.4002399328188107,250070.0,100088.0,[],50,1.3,0.5,20,20,0.1,0.06611473156314754,0.06,2.3,5.67,0,0.5,0,250070.0,0.0,10,12
734919,0.40022793617787017,250070.0,100085.0,[],50,1.3,0.5,20,19,0.1,0.07938238135407011,0.15,2.3,5.31,0,0.5,0,250070.0,0.0,10,12
2174060,0.4002399328188107,250070.0,100088.0,[],50,1.3,0.5,20,20,0.1,0.0737322575169253,0.08,2.3,5.65,0,0.5,0,250070.0,0.0,10,12
154916,0.4002399328188107,250070.0,100088.0,[],50,1.3,0.5,20,20,0.1,0.07618424932876623,0.05,2.3,5.66,0,0.5,0,250070.0,0.0,10,12
7831637,0.4002399328188107,250070.0,100088.0,[],50,1.3,0.5,20,20,0.1,0.08917084155428961,0.07,2.3,5.57,0,0.5,0,250070.0,0.0,10,12
8613972,0.4002399328188107,250070.0,100088.0,[],50,1.3,0.5,20,20,0.1,0.08969867313555831,0.06,2.3,5.56,0,0.5,0,250070.0,0.0,10,12
2155696,0.4002399328188107,250070.0,100088.0,[],50,1.3,0.5,20,20,0.1,0.0695145904318039,0.1,2.3,5.73,0,0.5,0,250070.0,0.0,10,12
7325364,0.4002399328188107,250070.0,100088.0,[],50,1.3,0.5,20,20,0.1,0.07126841772658114,0.08,2.3,5.55,0,0.5,0,250070.0,0.0,10,12
5277292,0.4002399328188107,250070.0,100088.0,[],50,1.3,0.5,20,20,0.1,0.08511748127030223,0.13,2.3,5.78,0,0.5,0,250070.0,0.0,10,12
880816,0.4002399328188107,250070.0,100088.0,[],50,1.3,0.5,20,20,0.1,0.07951911337835213,0.07,2.3,5.75,0,0.5,0,250070.0,0.0,10,12
6100235,0.4002399328188107,250070.0,100088.0,[],50,1.3,0.5,20,20,0.1,0.07796834843233812,0.08,2.3,5.61,0,0.5,0,250070.0,0.0,10,12
9255727,0.4002399328188107,250070.0,100088.0,[],50,1.3,0.5,20,20,0.1,0.08899040636201166,0.06,2.3,5.49,0,0.5,0,250070.0,0.0,10,12
2024623,0.40022793617787017,250070.0,100085.0,[],50,1.3,0.5,20,19,0.1,0.08490796747851934,0.05,2.3,5.34,0,0.5,0,250070.0,0.0,10,12
6362683,0.4002399328188107,250070.0,100088.0,[],50,1.3,0.5,20,20,0.1,0.06642318176739154,0.05,2.3,5.54,0,0.5,0,250070.0,0.0,10,12
6346040,0.4002399328188107,250070.0,100088.0,[],50,1.3,0.5,20,20,0.1,0.07210772945336476,0.14,2.3,5.65,0,0.5,0,250070.0,0.0,10,12
4054946,0.4002399328188107,250070.0,100088.0,[],50,1.3,0.5,20,20,0.1,0.051918742684056704,0.05,2.3,5.59,0,0.5,0,250070.0,0.0,10,12
8550213,0.4002399328188107,250070.0,100088.0,[],50,1.3,0.5,20,20,0.1,0.0821209240913831,0.07,2.3,5.62,0,0.5,0,250070.0,0.0,10,12
5947767,0.4002399328188107,250070.0,100088.0,[],50,1.3,0.5,20,20,0.1,0.07189273864703319,0.05,2.3,5.57,0,0.5,0,250070.0,0.0,10,12
4897429,0.40022793617787017,250070.0,100085.0,[],50,1.3,0.5,20,19,0.1,0.0857127071549807,0.08,2.3,5.28,0,0.5,0,250070.0,0.0,10,12
2762100,0.4002399328188107,250070.0,100088.0,[],50,1.3,0.5,20,20,0.1,0.06699469249998033,0.07,2.3,5.64,0,0.5,0,250070.0,0.0,10,12
3510320,0.4002399328188107,250070.0,100088.0,[],50,1.3,0.5,20,20,0.1,0.07936068057628642,0.08,2.3,5.55,0,0.5,0,250070.0,0.0,10,12
2307389,0.4002399328188107,250070.0,100088.0,[],50,1.3,0.5,20,20,0.1,0.09624351803658913,0.07,2.3,5.68,0,0.5,0,250070.0,0.0,10,12
9845354,0.4002399328188107,250070.0,100088.0,[],50,1.3,0.5,20,20,0.1,0.06355776084947545,0.06,2.3,5.55,0,0.5,0,250070.0,0.0,10,12
4614659,0.4002399328188107,250070.0,100088.0,[],50,1.3,0.5,20,21,0.1,0.05416480115449683,0.12,2.3,5.53,0,0.5,0,250070.0,0.0,10,12
9062342,0.4002399328188107,250070.0,100088.0,[],50,1.3,0.5,20,20,0.1,0.07471959447371135,0.06,2.3,5.54,0,0.5,0,250070.0,0.0,10,12
2360317,0.4002399328188107,250070.0,100088.0,[],50,1.3,0.5,20,20,0.1,0.07272246997272497,0.09,2.3,5.83,0,0.5,0,250070.0,0.0,10,12
9612844,0.4002399328188107,250070.0,100088.0,[],50,1.3,0.5,20,20,0.1,0.06822866282228757,0.07,2.3,5.57,0,0.5,0,250070.0,0.0,10,12
4349657,0.4002399328188107,250070.0,100088.0,[],50,1.3,0.5,20,20,0.1,0.07905339150263282,0.05,2.3,5.67,0,0.5,0,250070.0,0.0,10,12
4020071,0.4002399328188107,250070.0,100088.0,[],50,1.3,0.5,20,20,0.1,0.07112940544026958,0.1,2.3,5.75,0,0.5,0,250070.0,0.0,10,12
8224459,0.4002399328188107,250070.0,100088.0,[],50,1.3,0.5,20,20,0.1,0.08597290484280758,0.1,2.3,5.64,0,0.5,0,250070.0,0.0,10,12
1859780,0.4002399328188107,250070.0,100088.0,[],50,1.3,0.5,20,20,0.1,0.07734629969569816,0.05,2.3,5.71,0,0.5,0,250070.0,0.0,10,12
6309143,0.4002399328188107,250070.0,100088.0,[],50,1.3,0.5,20,21,0.1,0.08388736233041665,0.07,2.3,5.77,0,0.5,0,250070.0,0.0,10,12
5506709,0.4002399328188107,250070.0,100088.0,[],50,1.3,0.5,20,20,0.1,0.05679326045021623,0.1,2.3,5.47,0,0.5,0,250070.0,0.0,10,12
5388907,0.4002399328188107,250070.0,100088.0,[],50,1.3,0.5,20,20,0.1,0.07543100132677946,0.04,2.3,5.55,0,0.5,0,250070.0,0.0,10,12
3502899,0.4002399328188107,250070.0,100088.0,[],50,1.3,0.5,20,20,0.1,0.07241893887579834,0.12,2.3,5.65,0,0.5,0,250070.0,0.0,10,12
2580640,0.4002399328188107,250070.0,100088.0,[],50,1.3,0.5,20,20,0.1,0.07366591353848453,0.07,2.3,5.49,0,0.5,0,250070.0,0.0,10,12
6431610,0.4002399328188107,250070.0,100088.0,[],50,1.3,0.5,20,20,0.1,0.09753491218877904,0.1,2.3,5.53,0,0.5,0,250070.0,0.0,10,12
