ID,TransmissionRatio,Transmission,INEvTransmission,FilterUsed,Nodes,EventSkew,EventNodeRatio,WorkloadSize,NumberProjections,MinimalSelectivity,MedianSelectivity,CombigenComputationTime,Efficiency,PlacementComputationTime,HopCount,Depth,ProcessingLatencyRatio,CentralTransmission,LowerBound,EventTypes,MaximumParents,greedy_costs,sampling_costs,factorial_costs,exact_costs,TransmissionRatioINEv,TransmissionRatioCentral
1143144,0.600047504809862,210505.0,126313.0,[],50,1.3,0.5,5,5,0.1,0.0841345153294285,0.02,2.78,0.94,0,0.5,0,210505.0,0.0,6,4,0.0,0.0,0.0,26050.256669951832,0.20623575300999764,0.12375124899623208
2180278,1.0,206718.0,206718.0,[],50,1.3,0.5,5,5,0.1,0.0746117230820574,0.02,3.16,0.79,0,0.5,0,206718.0,0.0,6,4,0.0,0.0,0.0,30337.55451174247,0.14675816577048187,0.14675816577048187
7804411,0.8000230266187713,217140.0,173717.0,[],50,1.3,0.5,5,5,0.1,0.0981572570883132,0.02,3.24,0.86,0,0.5,0,217140.0,0.0,6,4,0.0,0.0,0.0,40961.89792824772,0.23579671493433413,0.18864280154852964
5042506,0.7965743431860217,261147.0,208023.0,[],50,1.3,0.5,5,5,0.1,0.0954462927969719,0.05,3.02,0.9,0,0.5,0,261147.0,0.0,6,4,0.0,0.0,0.0,61091.86861311679,0.2936784327363647,0.23393670466486996
3588904,0.6000427542273242,233895.0,140347.0,[],50,1.3,0.5,5,5,0.1,0.0747402509634256,0.02,2.86,0.93,0,0.5,0,233895.0,0.0,6,4,0.0,0.0,0.0,12113.50994575449,0.08631114270881807,0.051790375791506825
8306752,0.6000427715996578,233800.0,140290.0,[],50,1.3,0.5,5,5,0.1,0.0640694063824781,0.03,3.04,0.93,0,0.5,0,233800.0,0.0,6,4,0.0,0.0,0.0,11841.996372293916,0.08441083735329614,0.05065011279851974
2209240,0.8000313361744799,159560.0,127653.0,[],50,1.3,0.5,5,5,0.1,0.0552659386313389,0.03,2.78,0.95,0,0.5,0,159560.0,0.0,6,4,0.0,0.0,0.0,32838.028860666964,0.25724447416564405,0.20580364039024168
7385246,1.0,214069.0,214069.0,[],50,1.3,0.5,5,5,0.1,0.0768880147334886,0.02,2.9,0.91,0,0.5,0,214069.0,0.0,6,4,0.0,0.0,0.0,83396.1252841704,0.38957590909552714,0.38957590909552714
8170862,1.0,192947.0,192947.0,[],50,1.3,0.5,5,5,0.1,0.0686348592426719,0.03,2.94,0.86,0,0.5,0,192947.0,0.0,6,4,0.0,0.0,0.0,40718.7029076669,0.21103568807841996,0.21103568807841996
9444138,0.6000561324726355,178150.0,106900.0,[],50,1.3,0.5,5,5,0.1,0.093199503249831,0.03,2.9,0.85,0,0.5,0,178150.0,0.0,6,4,0.0,0.0,0.0,42658.66541242828,0.3990520618562047,0.23945363689266505
4021806,0.6000438933391857,227825.0,136705.0,[],50,1.3,0.5,5,5,0.1,0.0691877257967757,0.02,2.84,0.96,0,0.5,0,227825.0,0.0,6,4,0.0,0.0,0.0,25151.619625128176,0.18398463571287207,0.11039885712774355
7610223,0.6000444385193086,225030.0,135028.0,[],50,1.3,0.5,5,5,0.1,0.097678111597003,0.02,2.78,0.99,0,0.5,0,225030.0,0.0,6,4,0.0,0.0,0.0,43987.53545990974,0.3257660297116875,0.1954740943870139
2330714,1.0000084573033043,236482.0,236484.0,[],50,1.3,0.5,5,4,0.1,0.0737281142175134,0.03,2.96,0.68,0,0.5,0,236482.0,0.0,6,4,0.0,0.0,0.0,112214.92471955264,0.4745138137022067,0.4745178268094512
7951905,0.7929131614120607,203504.0,161361.0,[],50,1.3,0.5,5,5,0.1,0.0716221745294634,0.02,2.82,0.97,0,0.5,0,203504.0,0.0,6,4,0.0,0.0,0.0,67942.05994288487,0.4210562647906549,0.33386105404751193
1119781,1.0000094426923003,211804.0,211806.0,[],50,1.3,0.5,5,5,0.1,0.0884824553291681,0.02,3.0,0.86,0,0.5,0,211804.0,0.0,6,4,0.0,0.0,0.0,96176.82352349322,0.45407978774677404,0.4540840754824896
7584636,0.794364055216601,222252.0,176549.0,[],50,1.3,0.5,5,5,0.1,1.0,0.03,2.9,0.85,0,0.5,0,222252.0,0.0,6,4,0.0,0.0,0.0,39931.432370142255,0.22617761850898196,0.17966737023802826
3011422,0.7957747682317255,234070.0,186267.0,[],50,1.3,0.5,5,5,0.1,1.0,0.02,3.1,0.84,0,0.5,0,234070.0,0.0,6,4,0.0,0.0,0.0,62187.39165701899,0.3338615624722521,0.2656786074978382
7199922,1.0,227063.0,227063.0,[],50,1.3,0.5,5,5,0.1,0.0856947500622399,0.02,2.94,0.87,0,0.5,0,227063.0,0.0,6,4,0.0,0.0,0.0,62830.68029985207,0.27671034162259844,0.27671034162259844
5835708,0.5872739382140478,214709.0,126093.0,[],50,1.3,0.5,5,5,0.1,0.0883178831931449,0.02,2.9,0.92,0,0.5,0,214709.0,0.0,6,4,0.0,0.0,0.0,19177.43559241841,0.15208961316185998,0.08931826608301659
7087378,0.8000233879832542,213785.0,171033.0,[],50,1.3,0.5,5,5,0.1,0.074910904934222,0.02,2.88,0.9,0,0.5,0,213785.0,0.0,6,4,0.0,0.0,0.0,39336.34620171513,0.22999272772924015,0.18399956124945685
7373329,1.0,210885.0,210885.0,[],50,1.3,0.5,5,5,0.1,0.096189841724482,0.06,2.92,0.85,0,0.5,0,210885.0,0.0,6,4,0.0,0.0,0.0,32287.775342692425,0.1531060783967206,0.1531060783967206
5199990,1.0000047505712562,210501.0,210502.0,[],50,1.3,0.5,5,5,0.1,0.0539570608086157,0.03,2.9,0.93,0,0.5,0,210501.0,0.0,6,4,0.0,0.0,0.0,89810.26420223266,0.42664803280839453,0.4266500596302757
2604439,0.8000231133710852,216325.0,173065.0,[],50,1.3,0.5,5,5,0.1,0.085734587192829,0.03,3.18,0.85,0,0.5,0,216325.0,0.0,6,4,0.0,0.0,0.0,54130.14512642955,0.31277349623800044,0.2502260262402845
6823596,1.0000045020709527,222120.0,222121.0,[],50,1.3,0.5,5,5,0.1,0.0678063582942639,0.02,2.9,0.85,0,0.5,0,222120.0,0.0,6,4,0.0,0.0,0.0,59394.16625160552,0.26739554680379396,0.2673967506375181
9806189,1.0,282517.0,282517.0,[],50,1.3,0.5,5,5,0.1,0.0938378973950745,0.02,2.82,0.91,0,0.5,0,282517.0,0.0,6,4,0.0,0.0,0.0,73493.71731839284,0.2601390971813832,0.2601390971813832
5606043,0.8000229531526155,217835.0,174273.0,[],50,1.3,0.5,5,5,0.1,0.0724463503555792,0.03,3.04,0.88,0,0.5,0,217835.0,0.0,6,4,0.0,0.0,0.0,48323.687296370736,0.27728728659270646,0.2218361938915727
5164229,0.600045324751847,220630.0,132388.0,[],50,1.3,0.5,5,5,0.1,0.0989080323505644,0.05,3.12,0.88,0,0.5,0,220630.0,0.0,6,4,0.0,0.0,0.0,70630.19899456402,0.5335090717781372,0.32012962423316876
4709156,0.4000865201591971,173370.0,69363.0,[],50,1.3,0.5,5,5,0.1,0.0403909083611396,0.04,3.02,0.88,0,0.5,0,173370.0,0.0,6,4,0.0,0.0,0.0,16030.940054357045,0.2311165903198686,0.092466632372135
8615434,1.0,211052.0,211052.0,[],50,1.3,0.5,5,5,0.1,0.075869170655845,0.03,2.92,0.91,0,0.5,0,211052.0,0.0,6,4,0.0,0.0,0.0,41175.97965708243,0.1950987418128349,0.1950987418128349
148352,0.6000422859800834,236485.0,141901.0,[],50,1.3,0.5,5,5,0.1,0.0784316170030474,0.04,2.9,0.94,0,0.5,0,236485.0,0.0,6,4,0.0,0.0,0.0,40129.1460656166,0.2827967813166687,0.1696900271290636
5256844,1.0,229994.0,229994.0,[],50,1.3,0.5,5,5,0.1,0.092028998050573,0.05,3.1,0.83,0,0.5,0,229994.0,0.0,6,4,0.0,0.0,0.0,40919.29964554282,0.17791463971035254,0.17791463971035254
8410137,0.4000633686789743,236710.0,94699.0,[],50,1.3,0.5,5,5,0.1,0.0736801274213085,0.02,2.8,1.01,0,0.5,0,236710.0,0.0,6,4,0.0,0.0,0.0,21593.98854985217,0.22802763017404798,0.09122550187931296
6666218,1.0,229308.0,229308.0,[],50,1.3,0.5,5,5,0.1,0.0648532028136563,0.02,2.88,0.87,0,0.5,0,229308.0,0.0,6,4,0.0,0.0,0.0,41370.54211525309,0.18041473526982527,0.18041473526982527
6759891,0.7965482806530045,230320.0,183461.0,[],50,1.3,0.5,5,5,0.1,0.0680738336320344,0.03,2.82,0.92,0,0.5,0,230320.0,0.0,6,4,0.0,0.0,0.0,45125.82991646852,0.2459696061640813,0.19592666688289564
964193,0.8000230128411654,217270.0,173821.0,[],50,1.3,0.5,5,5,0.1,0.0591809937038803,0.02,3.36,0.82,0,0.5,0,217270.0,0.0,6,4,0.0,0.0,0.0,20898.460963236837,0.12022978215081513,0.09618659254953209
2034646,1.0,191229.0,191229.0,[],50,1.3,0.5,5,5,0.1,0.0941457947952687,0.02,3.2,0.78,0,0.5,0,191229.0,0.0,6,4,0.0,0.0,0.0,27300.940909083263,0.14276569405834505,0.14276569405834505
3459328,1.0,250700.0,250700.0,[],50,1.3,0.5,5,5,0.1,0.0966285872944861,0.03,3.04,0.81,0,0.5,0,250700.0,0.0,6,4,0.0,0.0,0.0,30837.089974287446,0.12300394884039667,0.12300394884039667
953037,0.79088243220956,248597.0,196611.0,[],50,1.3,0.5,5,5,0.1,0.0879702332788186,0.04,3.0,0.89,0,0.5,0,248597.0,0.0,6,4,0.0,0.0,0.0,50862.52629837845,0.258696239266259,0.2045983109143652
2699793,0.6000420574504773,237770.0,142672.0,[],50,1.3,0.5,5,5,0.1,0.0880381890902645,0.03,2.8,0.99,0,0.5,0,237770.0,0.0,6,4,0.0,0.0,0.0,45984.84451941507,0.3223116275051522,0.19340053210840338
4323387,0.6000434423736913,230190.0,138124.0,[],50,1.3,0.5,5,5,0.1,0.0740920047555459,0.03,2.76,0.93,0,0.5,0,230190.0,0.0,6,4,0.0,0.0,0.0,15547.523449935808,0.11256207067516007,0.06754213236863378
7319394,0.4000667200427008,224820.0,89943.0,[],50,1.3,0.5,5,5,0.1,0.0917836271373934,0.02,2.82,0.96,0,0.5,0,224820.0,0.0,6,4,0.0,0.0,0.0,18105.600142263786,0.2013008254368187,0.08053376097439634
5814321,0.6000449872910902,222285.0,133381.0,[],50,1.3,0.5,5,5,0.1,0.0538047252514742,0.05,2.94,0.92,0,0.5,0,222285.0,0.0,6,4,0.0,0.0,0.0,10751.41935745485,0.08060682823981564,0.04836772322673527
1833736,0.6000555493834019,180020.0,108022.0,[],50,1.3,0.5,5,5,0.1,0.096234651583876,0.02,2.78,0.88,0,0.5,0,180020.0,0.0,6,4,0.0,0.0,0.0,18833.67333853199,0.17435034843394853,0.10461989411472053
5291077,0.7910452555548417,217918.0,172383.0,[],50,1.3,0.5,5,5,0.1,0.0678046834246962,0.03,3.02,0.93,0,0.5,0,217918.0,0.0,6,4,0.0,0.0,0.0,33716.89672761145,0.1955929339181442,0.15472286239599964
4069210,0.7962747318490663,187208.0,149069.0,[],50,1.3,0.5,5,5,0.1,0.0598006368264669,0.02,2.96,0.85,0,0.5,0,187208.0,0.0,6,4,0.0,0.0,0.0,77151.4904469982,0.5175555645170907,0.4121164183528386
7624273,0.4000632417732993,237185.0,94889.0,[],50,1.3,0.5,5,5,0.1,0.0754104512438881,0.01,2.88,0.89,0,0.5,0,237185.0,0.0,6,4,0.0,0.0,0.0,21237.792802676795,0.22381722647173852,0.08954104518699241
5180385,0.4000638909594292,234775.0,93925.0,[],50,1.3,0.5,5,5,0.1,0.0817669185259731,0.03,2.78,0.99,0,0.5,0,234775.0,0.0,6,4,0.0,0.0,0.0,20813.18401955709,0.2215936547197987,0.08865161971912296
4113211,0.7917082917082917,248248.0,196540.0,[],50,1.3,0.5,5,5,0.1,0.0938023698782494,0.03,2.86,0.89,0,0.5,0,248248.0,0.0,6,4,0.0,0.0,0.0,52675.30899359168,0.26801317285840887,0.21218825123904997
4662960,0.6000474653502943,210680.0,126418.0,[],50,1.3,0.5,5,5,0.1,0.0926293222117202,0.06,2.8,0.94,0,0.5,0,210680.0,0.0,6,4,0.0,0.0,0.0,45015.47676615123,0.3560843927775414,0.21366753733696237
8855418,0.5947574810745067,238435.0,141811.0,[],50,1.3,0.5,5,5,0.1,0.0753202271918848,0.05,3.02,0.89,0,0.5,0,238435.0,0.0,6,4,0.0,0.0,0.0,31252.61947363633,0.22038219513039417,0.13107395924942367
4581472,0.600047571476143,210210.0,126136.0,[],50,1.3,0.5,5,5,0.1,0.0857185435517857,0.04,2.88,0.9,0,0.5,0,210210.0,0.0,6,4,0.0,0.0,0.0,48584.06184601169,0.385172051167087,0.23112155390329522
1089759,0.7990239853755398,190366.0,152107.0,[],50,1.3,0.5,5,5,0.1,0.0883983307603221,0.02,3.34,0.82,0,0.5,0,190366.0,0.0,6,4,0.0,0.0,0.0,82582.03997330989,0.5429207069583246,0.4338066670167461
2718048,1.0,189413.0,189413.0,[],50,1.3,0.5,5,5,0.1,0.0706729526840527,0.02,3.04,0.83,0,0.5,0,189413.0,0.0,6,4,0.0,0.0,0.0,58865.64183947783,0.31077931208247495,0.31077931208247495
5541190,0.7915402771005838,231757.0,183445.0,[],50,1.3,0.5,5,5,0.1,0.0457867837153741,0.05,3.06,0.87,0,0.5,0,231757.0,0.0,6,4,0.0,0.0,0.0,26965.71692901182,0.1469961946578638,0.11635340865221686
7676411,1.0,238472.0,238472.0,[],50,1.3,0.5,5,5,0.1,0.0644946149898796,0.05,2.86,0.9,0,0.5,0,238472.0,0.0,6,4,0.0,0.0,0.0,35855.36755507899,0.15035462257656662,0.15035462257656662
855413,0.7871361675122138,266297.0,209612.0,[],50,1.3,0.5,5,5,0.1,1.0,0.02,2.98,0.88,0,0.5,0,266297.0,0.0,6,4,0.0,0.0,0.0,41662.49537197349,0.19876006799216406,0.15645123817381906
2733040,1.0,266239.0,266239.0,[],50,1.3,0.5,5,5,0.1,1.0,0.04,3.02,0.89,0,0.5,0,266239.0,0.0,6,4,0.0,0.0,0.0,74668.2085309496,0.2804555625995801,0.2804555625995801
2078276,1.0,240552.0,240552.0,[],50,1.3,0.5,5,5,0.1,0.0716161806132594,0.03,3.08,0.8,0,0.5,0,240552.0,0.0,6,4,0.0,0.0,0.0,99363.23162463434,0.4130634192383948,0.4130634192383948
7277519,0.4000728296756651,205960.0,82399.0,[],50,1.3,0.5,5,5,0.1,0.0906751013351823,0.02,2.78,0.97,0,0.5,0,205960.0,0.0,6,4,0.0,0.0,0.0,40306.83462154241,0.4891665508263742,0.19570224617179263
6885958,1.0,227122.0,227122.0,[],50,1.3,0.5,5,5,0.1,0.089503392564821,0.02,2.94,0.9,0,0.5,0,227122.0,0.0,6,4,0.0,0.0,0.0,117118.79946364084,0.5156647064733528,0.5156647064733528
5437960,0.5895581496609924,241145.0,142169.0,[],50,1.3,0.5,5,5,0.1,0.0781784951946595,0.03,3.0,0.88,0,0.5,0,241145.0,0.0,6,4,0.0,0.0,0.0,22405.09150965937,0.15759477459684862,0.09291128370755923
898915,0.7973412549683736,216117.0,172319.0,[],50,1.3,0.5,5,5,0.1,0.043431249428726,0.02,3.06,0.84,0,0.5,0,216117.0,0.0,6,4,0.0,0.0,0.0,45896.0540587941,0.2663435492243693,0.21236669979128944
7017189,1.0,244837.0,244837.0,[],50,1.3,0.5,5,5,0.1,0.0802066754383702,0.07,3.14,0.85,0,0.5,0,244837.0,0.0,6,4,0.0,0.0,0.0,48038.54121759716,0.19620621563569704,0.19620621563569704
1603985,1.0,240916.0,240916.0,[],50,1.3,0.5,5,5,0.1,0.0586685591222312,0.02,3.14,0.84,0,0.5,0,240916.0,0.0,6,4,0.0,0.0,0.0,66363.14307010363,0.27546175044456833,0.27546175044456833
2126264,0.7901451018368112,256096.0,202353.0,[],50,1.3,0.5,5,5,0.1,0.0677991778120849,0.02,2.94,0.88,0,0.5,0,256096.0,0.0,6,4,0.0,0.0,0.0,40586.344111864746,0.20057199108421792,0.15848097632085134
2610003,0.7948164053180645,230535.0,183233.0,[],50,1.3,0.5,5,5,0.1,0.0673670888933284,0.02,3.1,0.79,0,0.5,0,230535.0,0.0,6,4,0.0,0.0,0.0,34315.794334024395,0.1872795529954997,0.148852861101457
829331,0.7894112980376601,214285.0,169159.0,[],50,1.3,0.5,5,5,0.1,0.0666692438727137,0.02,2.86,0.92,0,0.5,0,214285.0,0.0,6,4,0.0,0.0,0.0,38731.032435076464,0.2289622924885845,0.18074542051509188
2725480,0.8000236473704124,211440.0,169157.0,[],50,1.3,0.5,5,5,0.1,0.0446489021105145,0.02,3.04,0.9,0,0.5,0,211440.0,0.0,6,4,0.0,0.0,0.0,45434.23760009695,0.26859212211198447,0.214880049186989
7636412,0.8000228461766923,218855.0,175089.0,[],50,1.3,0.5,5,5,0.1,0.0585356247686578,0.01,3.02,0.84,0,0.5,0,218855.0,0.0,6,4,0.0,0.0,0.0,29587.523177057832,0.16898561975371287,0.13519235647829764
6530337,0.7983581764934979,197707.0,157841.0,[],50,1.3,0.5,5,5,0.1,0.092777520911293,0.02,2.96,1.0,0,0.5,0,197707.0,0.0,6,4,0.0,0.0,0.0,74709.67527838252,0.47332236414101864,0.37788077952921506
4126599,0.7856551922592713,222408.0,174736.0,[],50,1.3,0.5,5,5,0.1,0.0948128494474267,0.02,3.0,0.9,0,0.5,0,222408.0,0.0,6,4,0.0,0.0,0.0,76160.39782821972,0.435859798943662,0.34243551413717005
5877751,0.7900795063486413,193821.0,153134.0,[],50,1.3,0.5,5,5,0.1,0.061263959274192,0.03,2.92,0.85,0,0.5,0,193821.0,0.0,6,4,0.0,0.0,0.0,39946.66418426463,0.2608608420355024,0.20610080530110064
9925140,0.6000467475399107,213915.0,128359.0,[],50,1.3,0.5,5,5,0.1,0.0831250914573584,0.02,2.68,1.03,0,0.5,0,213915.0,0.0,6,4,0.0,0.0,0.0,56694.78500439804,0.4416892076472865,0.2650341724722345
9144246,1.0,200313.0,200313.0,[],50,1.3,0.5,5,5,0.1,0.054992925854918,0.02,2.82,0.91,0,0.5,0,200313.0,0.0,6,4,0.0,0.0,0.0,39148.79644656552,0.19543812157256651,0.19543812157256651
3363900,1.0,236882.0,236882.0,[],50,1.3,0.5,5,5,0.1,0.0775897553653414,0.04,2.96,0.86,0,0.5,0,236882.0,0.0,6,4,0.0,0.0,0.0,36723.95160538667,0.15503057051775426,0.15503057051775426
745455,0.6000395628307206,202210.0,121334.0,[],50,1.3,0.5,5,4,0.1,0.0786472420542928,0.02,2.84,0.72,0,0.5,0,202210.0,0.0,6,4,0.0,0.0,0.0,45363.62948047746,0.37387401289397415,0.22433919925066742
2480561,0.6000557413600892,179400.0,107650.0,[],50,1.3,0.5,5,5,0.1,0.0712530883321875,0.03,2.78,0.99,0,0.5,0,179400.0,0.0,6,4,0.0,0.0,0.0,27059.956381796223,0.2513697759572338,0.15083587726753747
4968842,0.8000239274519656,208965.0,167177.0,[],50,1.3,0.5,5,5,0.1,0.0718117267389651,0.03,3.14,0.81,0,0.5,0,208965.0,0.0,6,4,0.0,0.0,0.0,50750.34571651184,0.30357253519629995,0.24286529187429395
7467596,1.0,205812.0,205812.0,[],50,1.3,0.5,5,5,0.1,0.0625003356612186,0.02,3.14,0.76,0,0.5,0,205812.0,0.0,6,4,0.0,0.0,0.0,15217.797039899957,0.07394028064398557,0.07394028064398557
2770423,0.6000450734697557,221860.0,133126.0,[],50,1.3,0.5,5,5,0.1,0.071972700740423,0.01,2.86,0.95,0,0.5,0,221860.0,0.0,6,4,0.0,0.0,0.0,40034.69617794327,0.30072785314621686,0.1804502667355236
2223465,0.7806979690770869,217832.0,170061.0,[],50,1.3,0.5,5,5,0.1,0.0953260126255006,0.03,3.12,0.77,0,0.5,0,217832.0,0.0,6,4,0.0,0.0,0.0,31413.637025908312,0.1847198183352345,0.14421038702260602
7209313,0.6000440208658905,227165.0,136309.0,[],50,1.3,0.5,5,5,0.1,0.0690942648717927,0.01,2.94,0.9,0,0.5,0,227165.0,0.0,6,4,0.0,0.0,0.0,37602.405789645,0.27586150430011963,0.1655290462423569
8214376,0.6000464177129993,215435.0,129271.0,[],50,1.3,0.5,5,5,0.1,0.057413855576381,0.03,2.76,0.98,0,0.5,0,215435.0,0.0,6,4,0.0,0.0,0.0,34869.64877714965,0.26974069031066245,0.16185693493234454
1909490,0.7925971682869228,265493.0,210429.0,[],50,1.3,0.5,5,5,0.1,0.048875509568991,0.02,2.78,0.97,0,0.5,0,265493.0,0.0,6,4,0.0,0.0,0.0,46113.69612129808,0.21914135466736087,0.17369081716391047
3202472,0.7955138333510952,215819.0,171687.0,[],50,1.3,0.5,5,5,0.1,0.0566733955287722,0.03,3.06,0.87,0,0.5,0,215819.0,0.0,6,4,0.0,0.0,0.0,16418.00526604174,0.09562753887039635,0.07607303002071986
3952775,0.7984498798807865,231853.0,185123.0,[],50,1.3,0.5,5,5,0.1,0.0912048514190144,0.03,2.96,0.9,0,0.5,0,231853.0,0.0,6,4,0.0,0.0,0.0,115144.21857334056,0.6219876437468093,0.4966259594369733
939967,0.5939005275632694,209264.0,124282.0,[],50,1.3,0.5,5,5,0.1,0.0704341882435539,0.02,2.72,0.95,0,0.5,0,209264.0,0.0,6,4,0.0,0.0,0.0,29294.32710781889,0.23570852663956882,0.13998741832240086
4247654,1.0,222413.0,222413.0,[],50,1.3,0.5,5,5,0.1,0.0727678508235437,0.04,2.7,0.96,0,0.5,0,222413.0,0.0,6,4,0.0,0.0,0.0,47871.156498211785,0.21523542462990825,0.21523542462990825
8938302,1.0,184274.0,184274.0,[],50,1.3,0.5,5,5,0.1,0.0800725165005833,0.03,3.28,0.75,0,0.5,0,184274.0,0.0,6,4,0.0,0.0,0.0,13869.74125163391,0.07526694624110786,0.07526694624110786
7201295,0.7959458492152968,223524.0,177913.0,[],50,1.3,0.5,5,5,0.1,0.0968189185115314,0.02,2.94,0.88,0,0.5,0,223524.0,0.0,6,4,0.0,0.0,0.0,67859.5524946128,0.3814198652971553,0.3035895585915284
6234745,1.0,229646.0,229646.0,[],50,1.3,0.5,5,5,0.1,1.0,0.03,3.06,0.85,0,0.5,0,229646.0,0.0,6,4,0.0,0.0,0.0,57867.37415194661,0.2519851168840155,0.2519851168840155
1468269,0.7977113461830463,217333.0,173369.0,[],50,1.3,0.5,5,5,0.1,0.077642671180247,0.02,2.86,0.95,0,0.5,0,217333.0,0.0,6,4,0.0,0.0,0.0,34740.74214758787,0.20038612524492772,0.1598502857255358
8275127,1.000004173274351,239620.0,239621.0,[],50,1.3,0.5,5,5,0.1,0.0598633035714916,0.03,2.92,0.87,0,0.5,0,239620.0,0.0,6,4,0.0,0.0,0.0,49129.793317559954,0.2050312506731879,0.20503210632484747
1151489,1.0,209535.0,209535.0,[],50,1.3,0.5,5,5,0.1,0.0987366269407855,0.02,3.36,0.74,0,0.5,0,209535.0,0.0,6,4,0.0,0.0,0.0,54309.26766455199,0.2591894798699596,0.2591894798699596
4975484,0.8000232234091965,215300.0,172245.0,[],50,1.3,0.5,5,5,0.1,0.0692131050134045,0.02,2.92,0.89,0,0.5,0,215300.0,0.0,6,4,0.0,0.0,0.0,23261.575191170024,0.13504934942187016,0.10804261584379947
4370799,0.7973254443762137,241012.0,192165.0,[],50,1.3,0.5,5,5,0.1,0.0879499658899664,0.02,2.9,0.96,0,0.5,0,241012.0,0.0,6,4,0.0,0.0,0.0,49570.05966282432,0.2579557133860189,0.20567465380489072
440515,1.0,233713.0,233713.0,[],50,1.3,0.5,5,5,0.1,0.0754259265308818,0.02,3.02,0.88,0,0.5,0,233713.0,0.0,6,4,0.0,0.0,0.0,30251.03858156284,0.12943669621100598,0.12943669621100598
4910451,0.7928756793350509,212708.0,168651.0,[],50,1.3,0.5,5,5,0.1,0.0716059848755936,0.05,3.0,0.84,0,0.5,0,212708.0,0.0,6,4,0.0,0.0,0.0,47646.70330430205,0.2825165774546374,0.22400052327275913
6013820,1.0,251620.0,251620.0,[],50,1.3,0.5,5,5,0.1,0.0791904103556689,0.03,2.92,0.88,0,0.5,0,251620.0,0.0,6,4,0.0,0.0,0.0,23024.055251540314,0.09150327975335949,0.09150327975335949
7776345,1.0,212897.0,212897.0,[],50,1.3,0.5,5,5,0.1,0.0972931311980692,0.07,2.98,0.84,0,0.5,0,212897.0,0.0,6,4,0.0,0.0,0.0,16786.88681883061,0.07884980445394069,0.07884980445394069
8844039,1.0,235290.0,235290.0,[],50,1.3,0.5,5,5,0.1,0.0965332732183891,0.02,2.94,0.87,0,0.5,0,235290.0,0.0,6,4,0.0,0.0,0.0,40856.848507176575,0.17364464493678683,0.17364464493678683
8812349,0.6000415731271306,240540.0,144334.0,[],50,1.3,0.5,5,5,0.1,0.047390022186605,0.03,3.06,0.82,0,0.5,0,240540.0,0.0,6,4,0.0,0.0,0.0,32214.049004453776,0.2231909945297281,0.13392387546542686
4259465,0.8000233481204763,214150.0,171325.0,[],50,1.3,0.5,5,5,0.1,0.0768764914907065,0.01,2.98,0.86,0,0.5,0,214150.0,0.0,6,4,0.0,0.0,0.0,12715.471949521208,0.07421842667165451,0.0593764741980911
632431,0.7902407398235985,222107.0,175518.0,[],50,1.3,0.5,5,5,0.1,0.0621433337264909,0.03,2.94,0.88,0,0.5,0,222107.0,0.0,6,4,0.0,0.0,0.0,54260.90158368337,0.30914721899567776,0.24430072705355244
4146694,0.7920842939274017,243339.0,192745.0,[],50,1.3,0.5,5,5,0.1,0.088916300005285,0.02,2.9,0.96,0,0.5,0,243339.0,0.0,6,4,0.0,0.0,0.0,77326.45802905035,0.40118528640976603,0.31777256431994194
5830351,0.7966438456738005,217928.0,173611.0,[],50,1.3,0.5,5,5,0.1,1.0,0.04,2.86,0.88,0,0.5,0,217928.0,0.0,6,4,0.0,0.0,0.0,25040.972240384777,0.14423609241571547,0.11490479534701725
3765196,0.600043061685865,232225.0,139345.0,[],50,1.3,0.5,5,5,0.1,0.0758364792754118,0.03,2.98,0.86,0,0.5,0,232225.0,0.0,6,4,0.0,0.0,0.0,33147.43878968662,0.23788036018290298,0.14273845963908544
1776627,0.8000200549505645,249315.0,199457.0,[],50,1.3,0.5,5,5,0.1,0.0859165620337881,0.02,3.02,0.9,0,0.5,0,249315.0,0.0,6,4,0.0,0.0,0.0,47645.94316072825,0.2388782703075262,0.1911074069379229
7111355,0.600037857994662,264145.0,158497.0,[],50,1.3,0.5,5,5,0.1,0.0701768678240184,0.02,2.84,1.08,0,0.5,0,264145.0,0.0,6,4,0.0,0.0,0.0,49262.47244261663,0.31081012538165786,0.18649784187706234
4262900,0.7881736590864452,234206.0,184595.0,[],50,1.3,0.5,5,5,0.1,0.0883525335663858,0.05,2.86,0.9,0,0.5,0,234206.0,0.0,6,4,0.0,0.0,0.0,88985.52355111393,0.4820581464888753,0.37994553321056646
1691384,0.7945131616087778,276334.0,219551.0,[],50,1.3,0.5,5,5,0.1,0.0746685722170312,0.04,2.9,0.93,0,0.5,0,276334.0,0.0,6,4,0.0,0.0,0.0,104004.50637701462,0.4737145646205876,0.3763724564368287
2426260,1.0,253707.0,253707.0,[],50,1.3,0.5,5,5,0.1,0.0984432746204142,0.02,3.0,0.83,0,0.5,0,253707.0,0.0,6,4,0.0,0.0,0.0,67854.7874672061,0.26745335157171896,0.26745335157171896
7913215,0.7950564710238844,270050.0,214705.0,[],50,1.3,0.5,5,5,0.1,0.0849834840394835,0.05,3.02,0.88,0,0.5,0,270050.0,0.0,6,4,0.0,0.0,0.0,46773.43543073887,0.21784977262168498,0.1732028714339525
206515,0.6000388847843838,257170.0,154312.0,[],50,1.3,0.5,5,5,0.1,0.062280020792712,0.06,2.98,0.93,0,0.5,0,257170.0,0.0,6,4,0.0,0.0,0.0,32761.430344717177,0.21230643336044622,0.12739211550615226
6758124,0.4000617906943214,242755.0,97117.0,[],50,1.3,0.5,5,5,0.1,0.0600635020123282,0.02,2.74,1.04,0,0.5,0,242755.0,0.0,6,4,0.0,0.0,0.0,8811.44508511805,0.09073020259190512,0.036297687318976125
7397484,0.6000496191728484,201535.0,120931.0,[],50,1.3,0.5,5,5,0.1,0.0582145552480707,0.04,2.98,0.89,0,0.5,0,201535.0,0.0,6,4,0.0,0.0,0.0,31135.084959384996,0.2574615686580364,0.15448971622489888
6494702,1.0,232354.0,232354.0,[],50,1.3,0.5,5,5,0.1,0.075871872838714,0.03,2.86,0.95,0,0.5,0,232354.0,0.0,6,4,0.0,0.0,0.0,12175.543263659183,0.05240083348536794,0.05240083348536794
9317534,0.7951615571590374,235737.0,187449.0,[],50,1.3,0.5,5,5,0.1,0.0723879464525835,0.01,2.88,0.9,0,0.5,0,235737.0,0.0,6,4,0.0,0.0,0.0,43036.92764638581,0.22959273000328523,0.18256331270180673
636884,1.0,246916.0,246916.0,[],50,1.3,0.5,5,5,0.1,0.076196732398933,0.03,3.06,0.82,0,0.5,0,246916.0,0.0,6,4,0.0,0.0,0.0,40872.088819113145,0.16553033752010055,0.16553033752010055
579853,0.7973644942970869,253993.0,202525.0,[],50,1.3,0.5,5,5,0.1,0.0851260564743211,0.02,2.94,0.9,0,0.5,0,253993.0,0.0,6,4,0.0,0.0,0.0,18734.60590188776,0.0925051519658697,0.07376032371714086
908950,0.6000448390278899,223020.0,133822.0,[],50,1.3,0.5,5,5,0.1,0.0839667931039947,0.03,2.98,1.54,0,0.5,0,223020.0,0.0,6,4,0.0,0.0,0.0,17914.938359224587,0.13387139901678788,0.0803288420734669
1888357,0.7927750274648243,217551.0,172469.0,[],50,1.3,0.5,5,5,0.1,0.0894164009845658,0.01,2.96,0.93,0,0.5,0,217551.0,0.0,6,4,0.0,0.0,0.0,83327.32602642887,0.48314378831226984,0.383024330048719
4365911,0.7835736367748375,267509.0,209613.0,[],50,1.3,0.5,5,5,0.1,0.0768417778761157,0.05,3.02,0.87,0,0.5,0,267509.0,0.0,6,4,0.0,0.0,0.0,46231.76148569898,0.22055770150562695,0.17282320028746315
5243920,0.6000411937962143,242755.0,145663.0,[],50,1.3,0.5,5,5,0.1,0.0934213829169178,0.03,2.94,0.91,0,0.5,0,242755.0,0.0,6,4,0.0,0.0,0.0,32367.151369911968,0.2222057170998261,0.13333258375692353
9487037,0.7962934407586593,207524.0,165250.0,[],50,1.3,0.5,5,4,0.1,0.0746659748675071,0.01,3.0,0.7,0,0.5,0,207524.0,0.0,6,4,0.0,0.0,0.0,56480.67726527941,0.34178927240713713,0.2721645557394779
5945591,0.6000452365873519,221060.0,132646.0,[],50,1.3,0.5,5,5,0.1,0.0934058476915547,0.01,2.78,0.95,0,0.5,0,221060.0,0.0,6,4,0.0,0.0,0.0,37663.42752888068,0.28393941414653046,0.17037649293802895
439473,1.0,255460.0,255460.0,[],50,1.3,0.5,5,5,0.1,1.0,0.08,3.12,0.87,0,0.5,0,255460.0,0.0,6,4,0.0,0.0,0.0,42673.28511902669,0.16704488029056092,0.16704488029056092
295811,0.6000492319810949,203120.0,121882.0,[],50,1.3,0.5,5,5,0.1,0.0923021731502932,0.04,2.74,1.02,0,0.5,0,203120.0,0.0,6,4,0.0,0.0,0.0,51651.402951484415,0.4237820428897164,0.25429008936335373
105887,0.7807041388986321,228080.0,178063.0,[],50,1.3,0.5,5,5,0.1,0.0671928894647391,0.02,2.9,0.93,0,0.5,0,228080.0,0.0,6,4,0.0,0.0,0.0,42842.24729293643,0.24060162578939157,0.18783868507951784
6244382,0.7846249925860282,286621.0,224890.0,[],50,1.3,0.5,5,5,0.1,0.080718412763081,0.04,3.2,0.79,0,0.5,0,286621.0,0.0,6,4,0.0,0.0,0.0,77601.42449242805,0.3450639178817557,0.2707457740096785
8791658,0.7883041104734922,207543.0,163607.0,[],50,1.3,0.5,5,5,0.1,0.0653218824787368,0.02,3.06,0.89,0,0.5,0,207543.0,0.0,6,4,0.0,0.0,0.0,59812.32362888567,0.36558535777127915,0.28819244026002167
7528825,0.8000221062870281,226180.0,180949.0,[],50,1.3,0.5,5,5,0.1,1.0,0.02,3.02,0.8,0,0.5,0,226180.0,0.0,6,4,0.0,0.0,0.0,56596.18451869368,0.3127742320692221,0.2502262999323268
3825955,1.0,297370.0,297370.0,[],50,1.3,0.5,5,5,0.1,0.0931671254498844,0.03,2.86,0.86,0,0.5,0,297370.0,0.0,6,4,0.0,0.0,0.0,35281.03570419224,0.11864356089784524,0.11864356089784524
8550499,0.6000431769607737,231605.0,138973.0,[],50,1.3,0.5,5,5,0.1,0.0666711701365323,0.02,2.86,0.96,0,0.5,0,231605.0,0.0,6,4,0.0,0.0,0.0,36509.84405540638,0.2627117789455965,0.15763841046353222
8533316,0.6000470865214832,212375.0,127435.0,[],50,1.3,0.5,5,5,0.1,0.0988974862353828,0.03,2.88,0.91,0,0.5,0,212375.0,0.0,6,4,0.0,0.0,0.0,17573.742673320543,0.13790357965488714,0.08274864119279832
4695325,0.8000236736819678,211205.0,168969.0,[],50,1.3,0.5,5,5,0.1,0.0674233098923379,0.02,3.0,0.87,0,0.5,0,211205.0,0.0,6,4,0.0,0.0,0.0,38004.52206040811,0.22492008629043264,0.1799413937189371
6730382,0.6000370693010584,269765.0,161869.0,[],50,1.3,0.5,5,5,0.1,1.0,0.03,2.74,0.98,0,0.5,0,269765.0,0.0,6,4,0.0,0.0,0.0,34220.35877272824,0.2114077357167107,0.12685247816702774
3569449,0.600042756969386,233880.0,140338.0,[],50,1.3,0.5,5,5,0.1,0.0701890074057955,0.01,2.9,0.94,0,0.5,0,233880.0,0.0,6,4,0.0,0.0,0.0,11691.75119938419,0.08331137111391206,0.04999038481009146
8346845,1.0,227876.0,227876.0,[],50,1.3,0.5,5,5,0.1,0.0485484675216107,0.02,2.9,0.86,0,0.5,0,227876.0,0.0,6,4,0.0,0.0,0.0,23102.524930222677,0.10138200130870595,0.10138200130870595
9707076,0.800029563932003,236775.0,189427.0,[],50,1.3,0.5,5,5,0.1,0.0846776211642296,0.02,2.94,0.89,0,0.5,0,236775.0,0.0,6,4,0.0,0.0,0.0,113309.10625369378,0.5981676648719231,0.4785518160857091
3952426,0.7909175471483754,281664.0,222773.0,[],50,1.3,0.5,5,5,0.1,0.0845258017660731,0.02,2.9,0.93,0,0.5,0,281664.0,0.0,6,4,0.0,0.0,0.0,59724.75557095409,0.26809692184849193,0.2120425598264389
2981202,0.5912299767628842,226362.0,133832.0,[],50,1.3,0.5,5,5,0.1,0.07236406709058,0.03,2.84,0.93,0,0.5,0,226362.0,0.0,6,4,0.0,0.0,0.0,34209.6390276328,0.255616287790908,0.15112801189083327
2609377,1.0,218972.0,218972.0,[],50,1.3,0.5,5,5,0.1,0.092084580942963,0.01,2.78,0.87,0,0.5,0,218972.0,0.0,6,4,0.0,0.0,0.0,32733.751219899616,0.1494882963113988,0.1494882963113988
754457,0.6000379089427196,263790.0,158284.0,[],50,1.3,0.5,5,5,0.1,0.0766709627795491,0.02,2.74,0.97,0,0.5,0,263790.0,0.0,6,4,0.0,0.0,0.0,99468.59018769785,0.6284184768371904,0.3770749087823566
1622164,0.6000540160967969,185130.0,111088.0,[],50,1.3,0.5,5,5,0.1,1.0,0.02,2.74,0.97,0,0.5,0,185130.0,0.0,6,4,0.0,0.0,0.0,59969.66028991059,0.5398392291688625,0.323932697509375
5659522,0.7967377106913753,224321.0,178725.0,[],50,1.3,0.5,5,5,0.1,0.0647499688755614,0.03,3.16,0.82,0,0.5,0,224321.0,0.0,6,4,0.0,0.0,0.0,31786.159954221213,0.17784954513482285,0.1416994394382212
8116398,0.587817941929452,228894.0,134548.0,[],50,1.3,0.5,5,5,0.1,0.0855411065403257,0.02,2.92,0.93,0,0.5,0,228894.0,0.0,6,4,0.0,0.0,0.0,51400.22997621927,0.3820215088757861,0.2245590971201485
2665171,1.0,257959.0,257959.0,[],50,1.3,0.5,5,5,0.1,0.0854059433140514,0.03,2.96,0.87,0,0.5,0,257959.0,0.0,6,4,0.0,0.0,0.0,27544.148201349988,0.10677723282130101,0.10677723282130101
5129818,0.7975267388589939,225047.0,179481.0,[],50,1.3,0.5,5,5,0.1,0.09057382829751,0.01,3.1,0.81,0,0.5,0,225047.0,0.0,6,4,0.0,0.0,0.0,40788.77384011714,0.2272595641885054,0.1812455791017749
6079257,1.0,241307.0,241307.0,[],50,1.3,0.5,5,5,0.1,0.0912622188595442,0.02,2.94,0.85,0,0.5,0,241307.0,0.0,10,4,0.0,0.0,0.0,21521.723674469293,0.08918814487134352,0.08918814487134352
3556933,0.4000632844636642,237025.0,94825.0,[],50,1.3,0.5,5,5,0.1,0.0714491383000739,0.05,2.74,1.0,0,0.5,0,237025.0,0.0,10,4,0.0,0.0,0.0,9690.538788546954,0.10219392342258848,0.04088403665666893
9843559,0.6000497710531555,200920.0,120562.0,[],50,1.3,0.5,5,5,0.1,0.0667399757188137,0.01,2.84,0.93,0,0.5,0,200920.0,0.0,10,4,0.0,0.0,0.0,32980.34399046343,0.2735550504343278,0.1641466453835528
25677,0.6000379968082681,263180.0,157918.0,[],50,1.3,0.5,5,5,0.1,0.0803230328336068,0.02,2.7,0.96,0,0.5,0,263180.0,0.0,10,4,0.0,0.0,0.0,15419.043797652026,0.09763955849017861,0.0585874450856905
5202813,0.7930934119536687,185533.0,147145.0,[],50,1.3,0.5,5,5,0.1,0.0770387283088716,0.02,2.98,0.87,0,0.5,0,185533.0,0.0,10,4,0.0,0.0,0.0,20351.4280434129,0.13830866181938156,0.10969168850507942
750234,0.7937929232740326,279423.0,221804.0,[],50,1.3,0.5,5,5,0.1,0.086303086151781,0.04,2.82,0.93,0,0.5,0,279423.0,0.0,10,4,0.0,0.0,0.0,47983.26685085617,0.21633183734673933,0.17172268156471074
790539,0.6000391957041509,255130.0,153088.0,[],50,1.3,0.5,5,5,0.1,0.073984722539854,0.04,2.76,0.97,0,0.5,0,255130.0,0.0,10,4,0.0,0.0,0.0,25976.814576374927,0.16968550491465645,0.10181795389164319
1689208,1.0,270435.0,270435.0,[],50,1.3,0.5,5,19,0.1,0.0746666793695187,0.33,2.82,1.2,0,1.5,0,270435.0,0.0,10,4,0.0,0.0,0.0,35600.39332972918,0.13164121999641015,0.13164121999641015
3524810,1.0,274872.0,274872.0,[],50,1.3,0.5,5,5,0.1,0.0681410739146463,0.01,2.94,0.87,0,0.5,0,274872.0,0.0,10,4,0.0,0.0,0.0,26324.22347802756,0.09576902513907405,0.09576902513907405
4499984,1.0,241796.0,241796.0,[],50,1.3,0.5,5,29,0.1,0.0852382089016179,2.52,2.84,1.29,0,2.5,0,241796.0,0.0,10,4,0.0,0.0,0.0,31790.59331733816,0.13147691987186785,0.13147691987186785
4182075,0.6000393956704159,253835.0,152311.0,[],50,1.3,0.5,5,5,0.1,0.0679221531245253,0.1,2.8,0.96,0,0.5,0,253835.0,0.0,10,4,0.0,0.0,0.0,20678.440657122846,0.1357645912450371,0.08146410328411309
5567131,0.600039597687495,252540.0,151534.0,[],50,1.3,0.5,5,5,0.1,0.0819653991222479,0.06,2.78,1.01,0,0.5,0,252540.0,0.0,10,4,0.0,0.0,0.0,16080.223712374203,0.1061162756369805,0.06367396734130912
5953019,0.8000194099378882,257600.0,206085.0,[],50,1.3,0.5,5,5,0.1,0.0766677625384721,0.03,2.9,1.0,0,0.5,0,257600.0,0.0,10,4,0.0,0.0,0.0,31033.165646179757,0.15058430087672445,0.12047036353330651
5859972,1.0,249599.0,249599.0,[],50,1.3,0.5,5,5,0.1,0.0770408074009722,0.05,2.98,0.86,0,0.5,0,249599.0,0.0,10,4,0.0,0.0,0.0,80211.16009198128,0.3213601019714874,0.3213601019714874
5134149,0.7940414304950991,255464.0,202849.0,[],50,1.3,0.5,5,5,0.1,0.0913549241569975,0.02,2.94,0.9,0,0.5,0,255464.0,0.0,10,4,0.0,0.0,0.0,57777.3517499645,0.28482936445318685,0.22616631599741843
9506198,0.4000570971793993,262710.0,105099.0,[],50,1.3,0.5,5,5,0.1,0.0900107026074372,0.03,2.62,1.02,0,0.5,0,262710.0,0.0,10,4,0.0,0.0,0.0,22590.922482435435,0.21494897651200712,0.08599186358507645
3877414,0.6000388674038517,257285.0,154381.0,[],50,1.3,0.5,5,5,0.1,0.0831598701639392,0.03,2.82,1.0,0,0.5,0,257285.0,0.0,10,4,0.0,0.0,0.0,20566.325365716224,0.1332179825607829,0.07993596737359825
5819305,0.6000413710361376,241715.0,145039.0,[],50,1.3,0.5,5,5,0.1,0.0788535391766209,0.03,2.88,0.96,0,0.5,0,241715.0,0.0,10,4,0.0,0.0,0.0,34520.29600737951,0.23800699127392985,0.1428140413601949
4357763,0.5932370506394031,302235.0,179297.0,[],50,1.3,0.5,5,11,0.1,0.0699883166124222,0.08,2.94,1.14,0,1.5,0,302235.0,0.0,10,4,0.0,0.0,0.0,58687.75488596599,0.3273214548261599,0.1941792144720697
1638877,0.6000363768643143,274900.0,164950.0,[],50,1.3,0.5,5,5,0.1,0.072027149486601,0.02,2.66,0.98,0,0.5,0,274900.0,0.0,10,4,0.0,0.0,0.0,36126.98271070377,0.21901777939195982,0.13141863481521926
648152,0.6000388515482342,257390.0,154444.0,[],50,1.3,0.5,5,5,0.1,0.0746352339805783,0.02,2.82,1.02,0,0.5,0,257390.0,0.0,10,4,0.0,0.0,0.0,51155.13828578254,0.33122127299074444,0.19874563225371047
9927210,0.600042279722645,236520.0,141922.0,[],50,1.3,0.5,5,5,0.1,0.0794533176908056,0.04,3.06,0.89,0,0.5,0,236520.0,0.0,10,4,0.0,0.0,0.0,44928.92991411304,0.3165748080925652,0.18995826955062167
7286779,0.5957956786209492,287038.0,171016.0,[],50,1.3,0.5,5,5,0.1,0.0692823055613591,0.03,2.82,1.0,0,0.5,0,287038.0,0.0,10,4,0.0,0.0,0.0,38866.99088527636,0.22727107922812112,0.1354071268796339
9329967,1.0,229826.0,229826.0,[],50,1.3,0.5,5,5,0.1,0.0799433819289255,0.03,2.9,0.86,0,0.5,0,229826.0,0.0,10,4,0.0,0.0,0.0,57004.40042755644,0.24803286150199036,0.24803286150199036
3728256,0.8000199175413787,251035.0,200833.0,[],50,1.3,0.5,5,5,0.1,0.065125028542115,0.01,2.9,0.87,0,0.5,0,251035.0,0.0,10,4,0.0,0.0,0.0,25157.403431688777,0.12526528723710137,0.10021472476622295
2480669,1.0,271461.0,271461.0,[],50,1.3,0.5,5,5,0.1,0.0784759280393085,0.02,2.96,0.95,0,0.5,0,271461.0,0.0,10,4,0.0,0.0,0.0,84464.39601485302,0.31114744296548313,0.31114744296548313
2612620,0.6000373385109402,267820.0,160702.0,[],50,1.3,0.5,5,5,0.1,0.0642704249201616,0.02,2.78,0.91,0,0.5,0,267820.0,0.0,10,4,0.0,0.0,0.0,29230.9247864548,0.1818952146610173,0.10914392049307296
5963940,1.0,254595.0,254595.0,[],50,1.3,0.5,5,5,0.1,0.0842242589755446,0.02,3.02,0.81,0,0.5,0,254595.0,0.0,10,4,0.0,0.0,0.0,48600.51388754407,0.1908934342290464,0.1908934342290464
8512574,1.0,265162.0,265162.0,[],50,1.3,0.5,5,5,0.1,0.0938273070763936,0.02,3.06,0.87,0,0.5,0,265162.0,0.0,10,4,0.0,0.0,0.0,96734.75850199582,0.3648138062844443,0.3648138062844443
9210443,1.0,240734.0,240734.0,[],50,1.3,0.5,5,5,0.1,0.0731132737949535,0.02,2.94,0.86,0,0.5,0,240734.0,0.0,10,4,0.0,0.0,0.0,60035.04451443238,0.24938332148525919,0.24938332148525919
4714716,1.0,260086.0,260086.0,[],50,1.3,0.5,5,5,0.1,0.0675385300789874,0.04,3.22,0.83,0,0.5,0,260086.0,0.0,10,4,0.0,0.0,0.0,28312.05824083929,0.10885652530639593,0.10885652530639593
2095370,0.6000430848772081,232100.0,139270.0,[],50,1.3,0.5,5,5,0.1,0.0672523529194847,0.04,3.02,0.88,0,0.5,0,232100.0,0.0,10,4,0.0,0.0,0.0,17135.688547927697,0.12303933760269761,0.07382890369637095
9979530,1.0,239376.0,239376.0,[],50,1.3,0.5,5,5,0.1,0.0623440461464379,0.03,3.1,0.84,0,0.5,0,239376.0,0.0,10,4,0.0,0.0,0.0,55928.00170791365,0.23364080654666153,0.23364080654666153
9992609,1.0,257306.0,257306.0,[],50,1.3,0.5,5,5,0.1,0.0997552576070827,0.04,3.02,0.83,0,0.5,0,257306.0,0.0,10,4,0.0,0.0,0.0,66936.22535862299,0.2601424970992631,0.2601424970992631
1082834,1.0,275232.0,275232.0,[],50,1.3,0.5,5,5,0.1,0.0814612046018873,0.04,2.98,0.91,0,0.5,0,275232.0,0.0,10,4,0.0,0.0,0.0,62760.310062519806,0.2280269375018886,0.2280269375018886
7642347,0.5930339848564888,283950.0,168392.0,[],50,1.3,0.5,5,5,0.1,0.0700543994304747,0.04,2.9,1.04,0,0.5,0,283950.0,0.0,10,4,0.0,0.0,0.0,23676.69459252393,0.140604628441517,0.08338332309393882
234891,0.8000172899700884,289185.0,231353.0,[],50,1.3,0.5,5,5,0.1,0.0855300779250785,0.03,2.96,0.94,0,0.5,0,289185.0,0.0,10,4,0.0,0.0,0.0,35029.29133825208,0.15141057750818912,0.12113107989090748
1827032,0.6000388153553545,257630.0,154588.0,[],50,1.3,0.5,5,5,0.1,0.0816819401772443,0.08,2.82,0.94,0,0.5,0,257630.0,0.0,10,4,0.0,0.0,0.0,28196.765466909,0.1823994454091456,0.1094467471447774
8482913,0.6000461893764434,216500.0,129910.0,[],50,1.3,0.5,5,5,0.1,0.085143174736017,0.04,2.84,0.94,0,0.5,0,216500.0,0.0,10,4,0.0,0.0,0.0,11252.768360076743,0.08661972411728691,0.05197583538141683
9411057,0.7958091736199501,254556.0,202578.0,[],50,1.3,0.5,5,13,0.1,0.0775018255967572,0.09,3.0,1.03,0,1.5,0,254556.0,0.0,10,4,0.0,0.0,0.0,41913.757677483685,0.2069018238776357,0.1646543694805217
5360976,1.0,288789.0,288789.0,[],50,1.3,0.5,5,5,0.1,0.0758963709436733,0.02,3.16,0.79,0,0.5,0,288789.0,0.0,10,4,0.0,0.0,0.0,40242.16490919557,0.13934798385394032,0.13934798385394032
2927847,1.0,262730.0,262730.0,[],50,1.3,0.5,5,5,0.1,0.0828279874953595,0.03,3.22,0.83,0,0.5,0,262730.0,0.0,10,4,0.0,0.0,0.0,34414.428076423574,0.13098781287414293,0.13098781287414293
38557,1.0,238194.0,238194.0,[],50,1.3,0.5,5,5,0.1,0.079658462085273,0.04,2.94,0.99,0,0.5,0,238194.0,0.0,10,4,0.0,0.0,0.0,61336.68652949152,0.2575072694085137,0.2575072694085137
8589318,1.0,287250.0,287250.0,[],50,1.3,0.5,5,5,0.1,0.0878584139038473,0.04,2.9,0.95,0,0.5,0,287250.0,0.0,10,4,0.0,0.0,0.0,46208.37157081995,0.16086465298805902,0.16086465298805902
8867094,1.0,256415.0,256415.0,[],50,1.3,0.5,5,5,0.1,0.0698324924989781,0.02,3.22,0.83,0,0.5,0,256415.0,0.0,10,4,0.0,0.0,0.0,44536.34125598968,0.17368851766078303,0.17368851766078303
1721734,0.6000407514568645,245390.0,147244.0,[],50,1.3,0.5,5,7,0.1,0.0753187390627537,0.12,2.82,1.02,0,0.5,0,245390.0,0.0,10,4,0.0,0.0,0.0,15035.944029856622,0.10211583514341245,0.06127366245509851
2349148,0.8000194962177337,256460.0,205173.0,[],50,1.3,0.5,5,5,0.1,0.0818257117625604,0.02,3.08,0.96,0,0.5,0,256460.0,0.0,10,4,0.0,0.0,0.0,31064.36883765674,0.15140573485622738,0.1211275397241548
4971236,0.5865643060171231,232902.0,136612.0,[],50,1.3,0.5,5,5,0.1,0.0794732100375748,0.02,3.16,0.84,0,0.5,0,232902.0,0.0,10,4,0.0,0.0,0.0,32622.372932893984,0.23879580807611325,0.14006909744396348
87159,1.0,234608.0,234608.0,[],50,1.3,0.5,5,5,0.1,0.0735015945145677,0.06,2.92,0.87,0,0.5,0,234608.0,0.0,10,4,0.0,0.0,0.0,21408.446856749637,0.09125198994386226,0.09125198994386226
4184562,0.6000365497076023,273600.0,164170.0,[],50,1.3,0.5,5,5,0.1,0.0720612358297073,0.02,2.9,0.88,0,0.5,0,273600.0,0.0,10,4,0.0,0.0,0.0,34371.05768050582,0.20936259779804972,0.12562521082056222
322545,1.0,234909.0,234909.0,[],50,1.3,0.5,5,5,0.1,0.0824919219895527,0.02,2.96,0.89,0,0.5,0,234909.0,0.0,10,4,0.0,0.0,0.0,61647.588767284025,0.26243178748912993,0.26243178748912993
7437814,1.0,309220.0,309220.0,[],50,1.3,0.5,5,5,0.1,0.0811361722950435,0.04,2.9,0.9,0,0.5,0,309220.0,0.0,10,4,0.0,0.0,0.0,44915.9788038589,0.14525573638140774,0.14525573638140774
5180938,0.790892670787509,249140.0,197043.0,[],50,1.3,0.5,5,5,0.1,0.0806922187099017,0.04,3.08,0.84,0,0.5,0,249140.0,0.0,10,4,0.0,0.0,0.0,51224.95082044217,0.2599683866995639,0.20560709167713803
5114736,0.7910444287049138,300729.0,237890.0,[],50,1.3,0.5,5,6,0.1,0.0842314260168612,0.1,2.82,0.97,0,0.5,0,300729.0,0.0,10,4,0.0,0.0,0.0,23078.670163479568,0.09701404078977498,0.07674241647290274
2270510,0.7929677320801172,222574.0,176494.0,[],50,1.3,0.5,5,5,0.1,0.075693536426233,0.02,2.94,0.81,0,0.5,0,222574.0,0.0,10,4,0.0,0.0,0.0,57691.139154207376,0.326873090043896,0.2591998128901281
978636,0.7941406723268624,214598.0,170421.0,[],50,1.3,0.5,5,5,0.1,0.0687269880125325,0.03,2.88,0.86,0,0.5,0,214598.0,0.0,10,4,0.0,0.0,0.0,27020.973676507925,0.15855424904505855,0.12591437793692356
3912863,0.7948652905453499,264124.0,209943.0,[],50,1.3,0.5,5,5,0.1,0.0718661441371975,0.03,2.94,0.93,0,0.5,0,264124.0,0.0,10,4,0.0,0.0,0.0,46810.20971692701,0.22296627997564583,0.17722815691465757
1851086,0.7926451419034432,246259.0,195196.0,[],50,1.3,0.5,5,5,0.1,0.0857695573559206,0.04,2.8,0.93,0,0.5,0,246259.0,0.0,10,4,0.0,0.0,0.0,29197.209297609592,0.14957893244538614,0.11856301413393862
7144320,0.4000634813153328,236290.0,94531.0,[],50,1.3,0.5,5,5,0.1,0.0919399690434316,0.02,2.8,1.03,0,0.5,0,236290.0,0.0,10,4,0.0,0.0,0.0,16436.295062241265,0.1738720108984488,0.06955984198333093
9865421,0.6000354760891159,281880.0,169138.0,[],50,1.3,0.5,5,5,0.1,0.0851076908564158,0.07,3.1,0.88,0,0.5,0,281880.0,0.0,10,4,0.0,0.0,0.0,41446.85645022105,0.24504757328466134,0.1470372373003443
5995890,0.5918971556309834,267511.0,158339.0,[],50,1.3,0.5,5,5,0.1,0.0717696268306959,0.03,2.76,1.04,0,0.5,0,267511.0,0.0,10,4,0.0,0.0,0.0,43849.38992480348,0.27693360400661543,0.1639162125101528
5434340,0.4000582637405321,257450.0,102995.0,[],50,1.3,0.5,5,5,0.1,0.0784450019410082,0.03,2.7,1.02,0,0.5,0,257450.0,0.0,10,4,0.0,0.0,0.0,18360.112733520244,0.17826217518831247,0.07131525629644686
157626,0.7886910118074193,255602.0,201591.0,[],50,1.3,0.5,5,5,0.1,0.0665748119196775,0.04,2.94,0.93,0,0.5,0,255602.0,0.0,10,4,0.0,0.0,0.0,62064.050341837385,0.3078711368158171,0.24281519840156723
5239293,0.5732104850057629,282842.0,162128.0,[],50,1.3,0.5,5,5,0.1,0.0805384056138073,0.04,2.9,0.97,0,0.5,0,282842.0,0.0,10,4,0.0,0.0,0.0,33276.93519271023,0.20525100656709658,0.11765202902224646
4712048,0.8000267393978288,186990.0,149597.0,[],50,1.3,0.5,5,5,0.1,0.0823904699693465,0.03,3.02,0.85,0,0.5,0,186990.0,0.0,10,4,0.0,0.0,0.0,24514.47887294852,0.16387012355159875,0.1311004806297049
5100051,1.0,267431.0,267431.0,[],50,1.3,0.5,5,5,0.1,0.0625596922029688,0.03,2.9,0.89,0,0.5,0,267431.0,0.0,10,4,0.0,0.0,0.0,24419.40448318552,0.09131104652484387,0.09131104652484387
2740079,0.6000387386689393,258140.0,154894.0,[],50,1.3,0.5,5,5,0.1,0.0666036566355722,0.05,2.96,0.88,0,0.5,0,258140.0,0.0,10,4,0.0,0.0,0.0,28552.4311943598,0.18433529506862628,0.11060831794514527
3100805,0.7908586862791211,280638.0,221945.0,[],50,1.3,0.5,5,5,0.1,0.0638969640829186,0.03,3.06,0.84,0,0.5,0,280638.0,0.0,10,4,0.0,0.0,0.0,44295.459057794025,0.19957853998870903,0.15783842194497547
8097988,0.7935352407724355,297397.0,235995.0,[],50,1.3,0.5,5,5,0.1,0.0708624666594674,0.07,3.08,0.93,0,0.5,0,297397.0,0.0,10,4,0.0,0.0,0.0,18437.59476314954,0.07812705677302291,0.06199657280722247
1574826,1.0,281095.0,281095.0,[],50,1.3,0.5,5,8,0.1,0.0607187562636593,0.07,2.92,0.9,0,0.5,0,281095.0,0.0,10,4,0.0,0.0,0.0,33759.415176725146,0.12009966444342712,0.12009966444342712
8088759,0.6000493011561121,202835.0,121711.0,[],50,1.3,0.5,5,5,0.1,0.0810063150383392,0.07,2.7,0.93,0,0.5,0,202835.0,0.0,10,4,0.0,0.0,0.0,19324.66803563967,0.15877503295215442,0.09527284756397894
8991073,0.7922247666781888,277728.0,220023.0,[],50,1.3,0.5,5,5,0.1,0.0758910710961101,0.03,2.96,0.99,0,0.5,0,277728.0,0.0,10,4,0.0,0.0,0.0,48686.57727697744,0.2212794902213743,0.1753030925112968
2226570,0.8466115563761487,238310.0,201756.0,[],50,1.3,0.5,5,5,0.1,0.0873749606613767,0.04,2.86,1.11,0,0.5,0,238310.0,0.0,10,4,0.0,0.0,0.0,46033.39178253349,0.22816368178658125,0.19316600974584988
5905275,0.7932828179397912,268565.0,213048.0,[],50,1.3,0.5,5,5,0.1,0.0589255147797146,0.03,3.1,0.8,0,0.5,0,268565.0,0.0,10,4,0.0,0.0,0.0,53155.195442077726,0.24949868312341691,0.19792301842041116
2410112,0.8000175162024873,285450.0,228365.0,[],50,1.3,0.5,5,5,0.1,0.0828936331885242,0.09,3.0,0.9,0,0.5,0,285450.0,0.0,10,4,0.0,0.0,0.0,43466.44009285286,0.1903375740277751,0.1522733932137077
6079026,0.6000362640749941,275755.0,165463.0,[],50,1.3,0.5,5,5,0.1,0.0624537061036835,0.01,3.0,0.91,0,0.5,0,275755.0,0.0,10,4,0.0,0.0,0.0,49337.59248413701,0.2981790036693219,0.17891821538734387
9113055,1.0,274555.0,274555.0,[],50,1.3,0.5,5,5,0.1,0.0903517240328379,0.08,2.92,0.94,0,0.5,0,274555.0,0.0,10,4,0.0,0.0,0.0,79544.56513783951,0.28972178666511084,0.28972178666511084
2085575,1.0,257409.0,257409.0,[],50,1.3,0.5,5,5,0.1,0.0756452395768487,0.05,2.9,0.92,0,0.5,0,257409.0,0.0,10,4,0.0,0.0,0.0,41730.02229647391,0.1621156303644158,0.1621156303644158
3799710,0.6000451916124367,221280.0,132778.0,[],50,1.3,0.5,5,5,0.1,0.0594582982916423,0.02,2.88,0.94,0,0.5,0,221280.0,0.0,10,4,0.0,0.0,0.0,23675.72627010185,0.17831061071941023,0.10699442457565912
1327937,0.8000192849153392,259270.0,207421.0,[],50,1.3,0.5,5,5,0.1,1.0,0.03,2.9,0.93,0,0.5,0,259270.0,0.0,10,4,0.0,0.0,0.0,45092.73432565391,0.21739715036401286,0.17392191277685004
4002307,1.0,258739.0,258739.0,[],50,1.3,0.5,5,5,0.1,0.0840552409654293,0.02,2.92,0.87,0,0.5,0,258739.0,0.0,10,4,0.0,0.0,0.0,56432.146865678165,0.21810452566361532,0.21810452566361532
7823447,0.7930511799322356,235522.0,186781.0,[],50,1.3,0.5,5,5,0.1,0.0837585144420701,0.07,2.82,0.95,0,0.5,0,235522.0,0.0,10,4,0.0,0.0,0.0,20504.38699549252,0.10977769149695377,0.08705932777189614
8602661,0.5900173086319556,241498.0,142488.0,[],50,1.3,0.5,5,15,0.1,0.0650124991485013,0.18,2.7,1.33,0,2.5,0,241498.0,0.0,10,4,0.0,0.0,0.0,22492.01500235237,0.1578519945704366,0.09313540899863507
7783310,1.0,244167.0,244167.0,[],50,1.3,0.5,5,5,0.1,0.0829262121144605,0.04,2.84,0.92,0,0.5,0,244167.0,0.0,10,4,0.0,0.0,0.0,49865.402023536095,0.20422662367779468,0.20422662367779468
5779050,0.6000487341309486,205195.0,123127.0,[],50,1.3,0.5,5,5,0.1,0.0846751172976268,0.08,3.02,1.01,0,0.5,0,205195.0,0.0,10,4,0.0,0.0,0.0,47826.059664272594,0.3884286928478124,0.23307614544346886
6557491,0.7861579270856921,247304.0,194420.0,[],50,1.3,0.5,5,5,0.1,0.0946686077845148,0.03,2.78,0.94,0,0.5,0,247304.0,0.0,10,4,0.0,0.0,0.0,31590.53023408959,0.16248601087382775,0.12773966548899165
5259916,1.0,238246.0,238246.0,[],50,1.3,0.5,5,5,0.1,0.0700625808514881,0.04,3.1,0.86,0,0.5,0,238246.0,0.0,10,4,0.0,0.0,0.0,45079.27575097127,0.18921314838851971,0.18921314838851971
3088713,0.5912722781380212,288231.0,170423.0,[],50,1.3,0.5,5,5,0.1,0.08705427774539,0.05,2.88,0.97,0,0.5,0,288231.0,0.0,10,4,0.0,0.0,0.0,25138.13544884849,0.1475043594400315,0.08721523864139698
2844052,0.6000451559007474,221455.0,132883.0,[],50,1.3,0.5,5,5,0.1,0.0818769545764042,0.03,2.82,0.96,0,0.5,0,221455.0,0.0,10,4,0.0,0.0,0.0,35405.803741745585,0.266443440784341,0.15987809596417143
6108481,0.7912014292094686,241812.0,191322.0,[],50,1.3,0.5,5,5,0.1,0.0855732285824933,0.08,3.08,0.87,0,0.5,0,241812.0,0.0,10,4,0.0,0.0,0.0,35443.45647318459,0.18525551935054302,0.14657443167909198
4562380,0.7940843349510232,291362.0,231366.0,[],50,1.3,0.5,5,5,0.1,0.0761510936678959,0.05,2.66,1.07,0,0.5,0,291362.0,0.0,10,4,0.0,0.0,0.0,19830.0387203288,0.08570852554104233,0.06805979750389138
7903867,1.0,224912.0,224912.0,[],50,1.3,0.5,5,5,0.1,0.0822114017520391,0.04,2.92,0.82,0,0.5,0,224912.0,0.0,10,4,0.0,0.0,0.0,33207.43476254423,0.14764634507071314,0.14764634507071314
3468041,0.7963157081466199,239449.0,190677.0,[],50,1.3,0.5,5,5,0.1,0.0903797888359074,0.03,3.14,0.86,0,0.5,0,239449.0,0.0,10,4,0.0,0.0,0.0,24140.19345057825,0.12660254488259334,0.10081559518134654
6889998,0.7932414522277818,268608.0,213071.0,[],50,1.3,0.5,5,5,0.1,0.0569390778021023,0.03,2.84,0.87,0,0.5,0,268608.0,0.0,10,4,0.0,0.0,0.0,58627.22712544026,0.27515347994537154,0.21826314601739433
3087024,0.6000395593092944,252785.0,151681.0,[],50,1.3,0.5,5,8,0.1,0.0635948591637888,0.06,2.92,0.9,0,0.5,0,252785.0,0.0,10,4,0.0,0.0,0.0,9611.49695961749,0.0633665189418417,0.03802241810082675
4247388,0.4000630344798604,237965.0,95201.0,[],50,1.3,0.5,5,5,0.1,0.0877224342411139,0.03,2.82,1.15,0,0.5,0,237965.0,0.0,10,4,0.0,0.0,0.0,28517.680842248552,0.29955232447399244,0.11983981191456118
3093396,0.6000342894371389,291635.0,174991.0,[],50,1.3,0.5,5,5,0.1,0.0748650188517419,0.04,2.8,0.93,0,0.5,0,291635.0,0.0,10,4,0.0,0.0,0.0,13336.23549788486,0.0762109794097117,0.045729200877414784
809825,1.0,290613.0,290613.0,[],50,1.3,0.5,5,5,0.1,0.0821802273403948,0.03,2.86,0.88,0,0.5,0,290613.0,0.0,10,4,0.0,0.0,0.0,34769.8860740356,0.11964325778280945,0.11964325778280945
5029788,1.0,212735.0,212735.0,[],50,1.3,0.5,5,5,0.1,0.0694061414388263,0.03,3.08,0.8,0,0.5,0,212735.0,0.0,10,4,0.0,0.0,0.0,45186.40619408676,0.2124070143327932,0.2124070143327932
9994578,0.6000416406412659,240150.0,144100.0,[],50,1.3,0.5,5,5,0.1,0.0931807608475145,0.02,3.2,0.85,0,0.5,0,240150.0,0.0,10,4,0.0,0.0,0.0,51161.35621030404,0.35504063990495516,0.2130391680628942
1914333,0.9039786987930772,229095.0,207097.0,[],50,1.3,0.5,5,5,0.1,0.0740543055994578,0.02,2.8,0.99,0,0.5,0,229095.0,0.0,10,4,0.0,0.0,0.0,46290.48918943913,0.22352081000419674,0.20205805098076837
4366523,0.4000571461226356,262485.0,105009.0,[],50,1.3,0.5,5,5,0.1,0.0729376328001584,0.02,2.98,0.88,0,0.5,0,262485.0,0.0,10,4,0.0,0.0,0.0,13555.88530082342,0.12909260445127008,0.05164441892231335
7717882,1.0,285208.0,285208.0,[],50,1.3,0.5,5,5,0.1,0.0723641211124441,0.04,3.12,0.79,0,0.5,0,285208.0,0.0,10,4,0.0,0.0,0.0,18200.37302039814,0.0638143846610128,0.0638143846610128
2198336,0.7920880822510219,286732.0,227117.0,[],50,1.3,0.5,5,5,0.1,0.0814115731491658,0.06,2.76,0.98,0,0.5,0,286732.0,0.0,10,4,0.0,0.0,0.0,15099.787299212774,0.06648461937773383,0.05266167466209831
2961447,0.8000187311517786,266935.0,213553.0,[],50,1.3,0.5,5,5,0.1,0.0667927303603566,0.01,3.16,0.81,0,0.5,0,266935.0,0.0,10,4,0.0,0.0,0.0,33958.74145790999,0.15901786187929925,0.12721726809114575
5487467,0.971629276014742,283003.0,274974.0,[],50,1.3,0.5,5,5,0.1,0.0817386913373889,0.03,2.96,0.9,0,0.5,0,283003.0,0.0,10,4,0.0,0.0,0.0,65153.17858788461,0.23694305129897594,0.23022080539034784
3095457,0.7962305067685088,270222.0,215159.0,[],50,1.3,0.5,5,5,0.1,0.0798007679153256,0.03,2.98,0.91,0,0.5,0,270222.0,0.0,10,4,0.0,0.0,0.0,39495.51012891022,0.18356429491171747,0.1461594915621608
90570,0.8000203132300067,246145.0,196921.0,[],50,1.3,0.5,5,5,0.1,0.0888544825089658,0.03,3.16,0.82,0,0.5,0,246145.0,0.0,10,4,0.0,0.0,0.0,78275.1714189114,0.39749529719487203,0.31800431216929614
5352810,0.8000226726522469,220530.0,176429.0,[],50,1.3,0.5,5,5,0.1,0.0694892654624218,0.02,2.98,0.88,0,0.5,0,220530.0,0.0,10,4,0.0,0.0,0.0,53390.31994241829,0.302616462953473,0.24210003148060713
9643497,0.6000368881183371,271090.0,162664.0,[],50,1.3,0.5,5,5,0.1,0.0826738670992035,0.04,2.74,0.93,0,0.5,0,271090.0,0.0,10,4,0.0,0.0,0.0,47596.77809834478,0.2926079408986917,0.17557555829556523
1928205,0.6000488470071031,245665.0,147411.0,[],50,1.3,0.5,5,7,0.1,0.0682929567340891,0.05,2.94,1.07,0,1.5,0,245665.0,0.0,10,4,0.0,0.0,0.0,22772.68714643909,0.15448431356166833,0.09269813423336287
489111,1.0000037168917864,269042.0,269043.0,[],50,1.3,0.5,5,5,0.1,0.0672247879053616,0.09,2.88,0.86,0,0.5,0,269042.0,0.0,10,4,0.0,0.0,0.0,38954.33113356828,0.14478849527238502,0.14478903343555385
2205673,0.7970244107192046,304948.0,243051.0,[],50,1.3,0.5,5,5,0.1,0.0729165542658584,0.05,3.0,0.89,0,0.5,0,304948.0,0.0,10,4,0.0,0.0,0.0,32590.939869986225,0.13409095156977846,0.10687376165768007
1300115,0.6000355688345871,281145.0,168697.0,[],50,1.3,0.5,5,5,0.1,0.0757713467593984,0.04,2.78,0.92,0,0.5,0,281145.0,0.0,10,4,0.0,0.0,0.0,7343.584363851805,0.04353120899513213,0.026120273751451404
156832,0.7949196934848007,256953.0,204257.0,[],50,1.3,0.5,5,7,0.1,0.07474733299854,0.04,3.12,0.83,0,0.5,0,256953.0,0.0,10,4,0.0,0.0,0.0,61631.56732742783,0.3017353986763138,0.23985541062928953
5752708,0.6000402438779001,248485.0,149101.0,[],50,1.3,0.5,5,6,0.1,0.0636318227065794,0.07,2.86,1.06,0,0.5,0,248485.0,0.0,10,4,0.0,0.0,0.0,35515.152134929616,0.2381952645182099,0.14292674461206759
5948933,0.7947140709457521,261411.0,207747.0,[],50,1.3,0.5,5,5,0.1,0.0877898670274799,0.06,2.98,0.93,0,0.5,0,261411.0,0.0,10,4,0.0,0.0,0.0,56128.73065093895,0.2701782969233681,0.21471449422916003
1579841,0.7951162481928422,271144.0,215591.0,[],50,1.3,0.5,5,5,0.1,0.0710599280227795,0.08,2.88,0.89,0,0.5,0,271144.0,0.0,10,4,0.0,0.0,0.0,22901.974264998044,0.10622880484342132,0.08446424875711077
3489895,0.7920707369855483,258309.0,204599.0,[],50,1.3,0.5,5,5,0.1,0.084619579195754,0.02,2.76,0.97,0,0.5,0,258309.0,0.0,10,4,0.0,0.0,0.0,25886.55703693136,0.12652338006017314,0.10021546689016396
9391329,0.600039355359216,254095.0,152467.0,[],50,1.3,0.5,5,5,0.1,0.0733416098601613,0.04,2.9,0.95,0,0.5,0,254095.0,0.0,10,4,0.0,0.0,0.0,12295.730111346686,0.08064518952525258,0.04839028753555436
7727693,0.7958577808914966,228380.0,181758.0,[],50,1.3,0.5,5,5,0.1,0.0851365360632042,0.03,2.96,0.85,0,0.5,0,228380.0,0.0,10,4,0.0,0.0,0.0,52328.67982058464,0.2879030349177733,0.22912987048158615
9339562,0.5883826919983557,279755.0,164603.0,[],50,1.3,0.5,5,5,0.1,0.0654764221078246,0.04,2.9,0.9,0,0.5,0,279755.0,0.0,10,4,0.0,0.0,0.0,26004.48657874781,0.15798306579313748,0.09295450154151957
1048590,1.0,245710.0,245710.0,[],50,1.3,0.5,5,9,0.1,0.072751841245351,0.05,2.82,1.04,0,1.5,0,245710.0,0.0,10,4,0.0,0.0,0.0,68195.75235602359,0.27754569352498304,0.27754569352498304
9878,0.7948740332763252,252011.0,200317.0,[],50,1.3,0.5,5,5,0.1,0.087876680111765,0.06,2.88,0.99,0,0.5,0,252011.0,0.0,10,4,0.0,0.0,0.0,39728.85558460395,0.1983299249919076,0.15764730739770863
7671616,0.7908438806879552,288856.0,228440.0,[],50,1.3,0.5,5,5,0.1,0.0665607984551759,0.03,2.78,0.94,0,0.5,0,288856.0,0.0,10,4,0.0,0.0,0.0,66489.00173901758,0.2910567402338364,0.23018044194691326
261764,0.600035050209425,285305.0,171193.0,[],50,1.3,0.5,5,5,0.1,0.0805522398477603,0.03,2.84,0.99,0,0.5,0,285305.0,0.0,10,4,0.0,0.0,0.0,30318.701647149697,0.17710246124052792,0.10626768422267292
4043414,0.8000209043209231,239185.0,191353.0,[],50,1.3,0.5,5,5,0.1,0.090456103709751,0.06,2.94,0.89,0,0.5,0,239185.0,0.0,10,4,0.0,0.0,0.0,53437.37087306349,0.2792606903109096,0.22341439000381919
8144613,1.0,285123.0,285123.0,[],50,1.3,0.5,5,5,0.1,0.0637524072986295,0.02,3.06,0.87,0,0.5,0,285123.0,0.0,10,4,0.0,0.0,0.0,37509.91511521174,0.13155696003202738,0.13155696003202738
133904,1.0,287643.0,287643.0,[],50,1.3,0.5,5,6,0.1,0.0785885720416562,0.04,2.86,0.92,0,0.5,0,287643.0,0.0,10,4,0.0,0.0,0.0,65731.25239154516,0.2285167808413386,0.2285167808413386
7080426,1.0,231539.0,231539.0,[],50,1.3,0.5,5,5,0.1,0.078789797060667,0.02,3.06,0.86,0,0.5,0,231539.0,0.0,10,4,0.0,0.0,0.0,43424.17172371951,0.18754582046100013,0.18754582046100013
350540,1.0,237713.0,237713.0,[],50,1.3,0.5,5,5,0.1,0.0876402044865275,0.02,2.88,0.85,0,0.5,0,237713.0,0.0,10,4,0.0,0.0,0.0,38307.83376028304,0.16115161459526,0.16115161459526
2675228,1.0,275906.0,275906.0,[],50,1.3,0.5,5,7,0.1,0.0641371101130649,0.05,3.1,0.81,0,0.5,0,275906.0,0.0,10,4,0.0,0.0,0.0,27159.717329876283,0.09843829902168232,0.09843829902168232
3883687,0.7941576583156819,219056.0,173965.0,[],50,1.3,0.5,5,5,0.1,0.0687414399972098,0.02,2.78,1.01,0,0.5,0,219056.0,0.0,10,4,0.0,0.0,0.0,31512.271356002897,0.18114144429053486,0.1438548652216917
8299928,0.6000335081340995,298435.0,179071.0,[],50,1.3,0.5,5,5,0.1,0.0731743394144732,0.04,2.78,0.99,0,0.5,0,298435.0,0.0,10,4,0.0,0.0,0.0,43980.6169585414,0.24560435223202753,0.14737084108278656
22229,1.0,214701.0,214701.0,[],50,1.3,0.5,5,5,0.1,0.0693775239972583,0.02,3.14,0.77,0,0.5,0,214701.0,0.0,10,4,0.0,0.0,0.0,29614.410315286288,0.13793326680027707,0.13793326680027707
4281554,0.600039481216811,253285.0,151981.0,[],50,1.3,0.5,5,5,0.1,0.067697591241792,0.02,2.7,0.97,0,0.5,0,253285.0,0.0,10,4,0.0,0.0,0.0,19077.79940309369,0.1255275291193879,0.07532147345122565
8249495,0.4000598503740648,250625.0,100265.0,[],50,1.3,0.5,5,5,0.1,0.0909141532207636,0.06,2.78,0.95,0,0.5,0,250625.0,0.0,10,4,0.0,0.0,0.0,7836.872332971528,0.07816159510269315,0.03126931604178165
4726607,1.0,260144.0,260144.0,[],50,1.3,0.5,5,5,0.1,0.0887069127854762,0.05,3.08,0.84,0,0.5,0,260144.0,0.0,10,4,0.0,0.0,0.0,58202.91161503988,0.2237334384611595,0.2237334384611595
2655436,0.6000379182860934,263725.0,158245.0,[],50,1.3,0.5,5,5,0.1,0.0787719309796894,0.02,2.82,1.03,0,0.5,0,263725.0,0.0,10,4,0.0,0.0,0.0,35218.43073639719,0.22255635714491573,0.13354225324257157
180734,0.6000475036815354,210510.0,126316.0,[],50,1.3,0.5,5,5,0.1,0.0685218602541834,0.02,2.72,0.99,0,0.5,0,210510.0,0.0,10,4,0.0,0.0,0.0,24751.809857217388,0.19595150145046858,0.1175802092880024
3155013,1.0,291428.0,291428.0,[],50,1.3,0.5,5,5,0.1,0.0766780493958045,0.03,2.86,0.91,0,0.5,0,291428.0,0.0,10,4,0.0,0.0,0.0,22159.32602498729,0.07603705211917623,0.07603705211917623
8304275,0.7919931205809287,261650.0,207225.0,[],50,1.3,0.5,5,5,0.1,0.0789248336252469,0.02,3.06,0.86,0,0.5,0,261650.0,0.0,10,4,0.0,0.0,0.0,25929.063174630777,0.1251251691380421,0.09909827316885449
5603455,0.7947045676508151,212976.0,169253.0,[],50,1.3,0.5,5,5,0.1,0.0656871980568518,0.02,3.04,0.82,0,0.5,0,212976.0,0.0,10,4,0.0,0.0,0.0,41031.59648098286,0.24242758758180274,0.19265831117582666
521253,1.0,295329.0,295329.0,[],50,1.3,0.5,5,5,0.1,0.0866090044947648,0.03,2.94,0.96,0,0.5,0,295329.0,0.0,10,4,0.0,0.0,0.0,41024.09681237953,0.13890981519721915,0.13890981519721915
3620625,0.60004482294935,223100.0,133870.0,[],50,1.3,0.5,5,5,0.1,0.069038351098476,0.02,2.78,0.97,0,0.5,0,223100.0,0.0,10,4,0.0,0.0,0.0,29351.30583066492,0.2192523032095684,0.1315612094606227
6884490,0.7952313857527128,273245.0,217293.0,[],50,1.3,0.5,5,5,0.1,0.0854187995480352,0.04,2.9,0.91,0,0.5,0,273245.0,0.0,10,4,0.0,0.0,0.0,20074.856017865062,0.09238611468323905,0.07346833800386124
5766130,1.0,241092.0,241092.0,[],50,1.3,0.5,5,5,0.1,0.0790614100911506,0.02,2.86,0.9,0,0.5,0,241092.0,0.0,10,4,0.0,0.0,0.0,57567.90836382908,0.23877983659279065,0.23877983659279065
3430548,0.8000197343753084,253365.0,202697.0,[],50,1.3,0.5,5,5,0.1,0.0673383412399689,0.03,2.82,0.96,0,0.5,0,253365.0,0.0,10,4,0.0,0.0,0.0,36399.44050810152,0.1795756252342241,0.1436640440001639
8814779,0.8000205212394829,243650.0,194925.0,[],50,1.3,0.5,5,5,0.1,0.0737615069612788,0.04,2.94,1.16,0,0.5,0,243650.0,0.0,10,4,0.0,0.0,0.0,43324.64929728384,0.22226317454038136,0.17781510074813806
2427718,0.7853826203587447,303447.0,238322.0,[],50,1.3,0.5,5,5,0.1,0.0686052352610009,0.08,3.1,0.9,0,0.5,0,303447.0,0.0,15,4,0.0,0.0,0.0,19853.6479080519,0.08330598059789654,0.06542706933353072
4646880,0.798876971555318,235791.0,188368.0,[],50,1.3,0.5,5,5,0.1,0.0700692455086191,0.02,2.9,0.93,0,0.5,0,235791.0,0.0,15,4,0.0,0.0,0.0,27517.536021958305,0.14608392095238207,0.11670308036336546
5764737,0.8000197647988931,252975.0,202385.0,[],50,1.3,0.5,5,5,0.1,0.0805345264079518,0.03,3.32,0.75,0,0.5,0,252975.0,0.0,15,4,0.0,0.0,0.0,12634.760968139566,0.062429335020577445,0.049944701919713674
4763467,1.0,298429.0,298429.0,[],50,1.3,0.5,5,5,0.1,0.072622923512809,0.07,2.94,0.91,0,0.5,0,298429.0,0.0,15,4,0.0,0.0,0.0,33897.491252018044,0.11358645189314057,0.11358645189314057
5011872,0.6000434820419167,229980.0,137998.0,[],50,1.3,0.5,5,5,0.1,0.0790244839629444,0.02,2.82,0.97,0,0.5,0,229980.0,0.0,15,4,0.0,0.0,0.0,29909.269174721405,0.21673697571502054,0.13005160959527526
5461094,0.6000429156921229,233015.0,139819.0,[],50,1.3,0.5,5,5,0.1,0.0841632345867489,0.19,2.9,0.97,0,0.5,0,233015.0,0.0,15,4,0.0,0.0,0.0,19679.607852590976,0.1407505979344079,0.08445639916997179
4487859,1.0,317323.0,317323.0,[],50,1.3,0.5,5,17,0.1,0.0755063981816407,0.31,3.08,1.08,0,1.5,0,317323.0,0.0,15,4,0.0,0.0,0.0,46024.95656473184,0.1450413508152004,0.1450413508152004
8022715,0.6000657678395265,273690.0,164232.0,[],50,1.3,0.5,5,64,0.1,0.0646685505896712,68.34,2.86,2.17,0,3.5,0,273690.0,0.0,15,4,0.0,0.0,0.0,34826.99279955875,0.21205972526400915,0.12724978186838667
5705851,0.785651464249493,252416.0,198311.0,[],50,1.3,0.5,5,63,0.1,0.0665086502270304,5.0,2.8,1.47,0,3.5,0,252416.0,0.0,15,4,0.0,0.0,0.0,35739.553971726615,0.18021972543997364,0.1415898911785569
4404120,0.796203537164095,242963.0,193448.0,[],50,1.3,0.5,5,18,0.1,0.0776868144746883,0.19,3.02,1.01,0,1.5,0,242963.0,0.0,15,4,0.0,0.0,0.0,30206.61613026064,0.15614850569796865,0.12432599255961048
9519660,1.0,262305.0,262305.0,[],50,1.3,0.5,5,17,0.1,0.0620090767544989,0.96,2.76,1.57,0,3.5,0,262305.0,0.0,15,4,0.0,0.0,0.0,40232.50621000453,0.15338063022056206,0.15338063022056206
4749275,1.0,288416.0,288416.0,[],50,1.3,0.5,5,5,0.1,0.0750603657781192,0.05,3.02,0.85,0,0.5,0,288416.0,0.0,15,4,0.0,0.0,0.0,26498.592840738864,0.09187629271863858,0.09187629271863858
2372546,0.8000192292900546,260020.0,208021.0,[],50,1.3,0.5,5,5,0.1,0.0625161580563243,0.02,3.0,0.88,0,0.5,0,260020.0,0.0,15,4,0.0,0.0,0.0,12673.812846233532,0.06092564138348307,0.048741684663616384
8516071,1.0,232367.0,232367.0,[],50,1.3,0.5,5,7,0.1,0.0774638003584932,0.19,3.1,0.89,0,0.5,0,232367.0,0.0,15,4,0.0,0.0,0.0,15263.418062783065,0.06568668555682633,0.06568668555682633
6351816,0.7956604426619662,280259.0,222991.0,[],50,1.3,0.5,5,16,0.1,0.0783806470067151,0.78,2.92,1.34,0,2.5,0,280259.0,0.0,15,4,0.0,0.0,0.0,28590.66748515189,0.12821444580791105,0.10201516270718118
6494601,0.7927502996820764,268618.0,212947.0,[],50,1.3,0.5,5,5,0.1,0.0765671281154911,0.03,2.78,0.93,0,0.5,0,268618.0,0.0,15,4,0.0,0.0,0.0,47831.74977882529,0.22461809642223318,0.17806606325274288
5253465,0.8000181867782122,274925.0,219945.0,[],50,1.3,0.5,5,5,0.1,0.0732393227517698,0.02,2.94,0.92,0,0.5,0,274925.0,0.0,15,4,0.0,0.0,0.0,19782.61507383676,0.08994346347421747,0.07195640656119583
8313299,0.600042653017701,281340.0,168816.0,[],50,1.3,0.5,5,15,0.1,0.0703015919327324,0.18,2.86,1.16,0,1.0,0,281340.0,0.0,15,4,0.0,0.0,0.0,14945.01066352496,0.08852840171266325,0.05312081703108324
9868160,0.6000372335474262,268575.0,161155.0,[],50,1.3,0.5,5,5,0.1,0.0830259276776153,0.05,2.92,0.95,0,0.5,0,268575.0,0.0,15,4,0.0,0.0,0.0,22733.940684380137,0.14106878895709185,0.08464652586569911
2328826,0.4000590121368295,254185.0,101689.0,[],50,1.3,0.5,5,6,0.1,0.0830613891536943,0.05,2.74,0.99,0,0.5,0,254185.0,0.0,15,4,0.0,0.0,0.0,8170.139411449125,0.08034437757721213,0.03214249232428792
9521013,0.7974409840329235,196091.0,156371.0,[],50,1.3,0.5,5,5,0.1,0.0721480848192748,0.03,2.96,0.86,0,0.5,0,196091.0,0.0,15,4,0.0,0.0,0.0,19071.67565953218,0.12196427508637905,0.09725931154174429
6167547,1.0,276770.0,276770.0,[],50,1.3,0.5,5,5,0.1,0.0879059183046642,0.1,2.94,0.92,0,0.5,0,276770.0,0.0,15,4,0.0,0.0,0.0,17451.395017396135,0.06305378118074985,0.06305378118074985
2786397,0.7963891175911768,221054.0,176045.0,[],50,1.3,0.5,5,5,0.1,0.083919366104342,0.02,3.0,0.84,0,0.5,0,221054.0,0.0,15,4,0.0,0.0,0.0,21605.43415163811,0.12272676958526575,0.09773826373482547
5421569,0.6000444306215844,225070.0,135052.0,[],50,1.3,0.5,5,7,0.1,0.0793749594709919,0.12,2.98,0.93,0,0.5,0,225070.0,0.0,15,4,0.0,0.0,0.0,27619.743426262485,0.20451191708573352,0.12271623684303766
193342,1.0,318186.0,318186.0,[],50,1.3,0.5,5,5,0.1,0.086071239111517,0.09,2.96,0.92,0,0.5,0,318186.0,0.0,15,4,0.0,0.0,0.0,29072.018658949037,0.09136800066297397,0.09136800066297397
171166,1.0,320612.0,320612.0,[],50,1.3,0.5,5,8,0.1,0.0755043454427415,0.07,2.96,1.08,0,1.5,0,320612.0,0.0,15,4,0.0,0.0,0.0,51986.95836265352,0.1621491346632488,0.1621491346632488
7361384,0.7959343182096981,285315.0,227092.0,[],50,1.3,0.5,5,58,0.1,0.0807611180439927,3.6,2.86,1.48,0,3.0,0,285315.0,0.0,15,4,0.0,0.0,0.0,20823.364689155213,0.09169572106967755,0.07298377123234044
1779783,0.6000403951997038,297065.0,178251.0,[],50,1.3,0.5,5,9,0.1,0.0891391184047845,0.31,2.88,1.2,0,1.5,0,297065.0,0.0,15,4,0.0,0.0,0.0,29916.731887355814,0.1678348614445687,0.10070769658948653
3327612,0.7935355830458077,285192.0,226310.0,[],50,1.3,0.5,5,5,0.1,0.0786948839760978,0.05,3.0,0.85,0,0.5,0,285192.0,0.0,15,4,0.0,0.0,0.0,52099.76831632481,0.23021416780665815,0.1826831338758619
3690281,1.0,334574.0,334574.0,[],50,1.3,0.5,5,5,0.1,0.0738412548512702,0.03,2.9,0.87,0,0.5,0,334574.0,0.0,15,4,0.0,0.0,0.0,40345.74491691264,0.12058840470841321,0.12058840470841321
1752182,1.0,280787.0,280787.0,[],50,1.3,0.5,5,8,0.1,0.0825419821828239,0.19,2.98,1.2,0,2.5,0,280787.0,0.0,15,4,0.0,0.0,0.0,32933.65823018738,0.11729053777485203,0.11729053777485203
1614645,0.7859769443580878,318447.0,250292.0,[],50,1.3,0.5,5,5,0.1,0.0716773779365475,0.07,2.9,1.1,0,0.5,0,318447.0,0.0,15,4,0.0,0.0,0.0,28177.240083831835,0.11257746985054191,0.08848329575669368
4884028,0.7914685059108523,213421.0,168916.0,[],50,1.3,0.5,5,5,0.1,0.0762237912251694,0.03,2.78,0.92,0,0.5,0,213421.0,0.0,15,4,0.0,0.0,0.0,21988.43497176885,0.13017378443586664,0.10302845067621673
7277600,0.6000422725735542,236560.0,141946.0,[],50,1.3,0.5,5,5,0.1,0.0819084493476578,0.04,2.82,0.92,0,0.5,0,236560.0,0.0,15,4,0.0,0.0,0.0,20545.366259561968,0.14474072012992242,0.08685055064069144
8834229,0.6000803930326039,223900.0,134358.0,[],50,1.3,0.5,5,69,0.1,0.0692447864341804,18.59,2.74,1.73,0,3.5,0,223900.0,0.0,15,4,0.0,0.0,0.0,21821.509759017477,0.16241317792031348,0.09746096364009592
6535693,0.6000323451878447,309165.0,185509.0,[],50,1.3,0.5,5,5,0.1,0.0896472816713022,0.04,2.88,0.91,0,0.5,0,309165.0,0.0,15,4,0.0,0.0,0.0,13267.129243023175,0.07151744251234805,0.042912778752521065
6860033,1.0,313314.0,313314.0,[],50,1.3,0.5,5,26,0.1,0.0769376196419047,0.44,3.06,1.18,0,2.5,0,313314.0,0.0,15,4,0.0,0.0,0.0,34418.52956092966,0.10985314911216754,0.10985314911216754
8289030,0.7952685003274395,244320.0,194300.0,[],50,1.3,0.5,5,5,0.1,0.0706490439938675,0.03,2.98,0.91,0,0.5,0,244320.0,0.0,15,4,0.0,0.0,0.0,16653.86793948578,0.08571213556091498,0.06816416150739105
5945328,1.0,285981.0,285981.0,[],50,1.3,0.5,5,5,0.1,0.0687966747015822,0.05,3.18,0.79,0,0.5,0,285981.0,0.0,15,4,0.0,0.0,0.0,22161.659509184145,0.07749346812964548,0.07749346812964548
7880018,1.0,285136.0,285136.0,[],50,1.3,0.5,5,5,0.1,0.078687744206253,0.04,3.14,0.84,0,0.5,0,285136.0,0.0,15,4,0.0,0.0,0.0,32155.160354368447,0.11277131037248347,0.11277131037248347
3239168,0.5891935147467576,234933.0,138421.0,[],50,1.3,0.5,5,5,0.1,0.0912813867873868,0.03,2.98,0.94,0,0.5,0,234933.0,0.0,15,4,0.0,0.0,0.0,26254.161685656632,0.18966892079710906,0.11175169808267307
9695533,0.7950799850809278,243983.0,193986.0,[],50,1.3,0.5,5,5,0.1,0.0757955070965641,0.04,2.86,0.92,0,0.5,0,243983.0,0.0,15,4,0.0,0.0,0.0,61917.20487839415,0.3191838837771496,0.25377671755160874
2836606,0.7957301786273895,255280.0,203134.0,[],50,1.3,0.5,5,5,0.1,0.090069068895779,0.03,2.88,0.92,0,0.5,0,255280.0,0.0,15,4,0.0,0.0,0.0,14258.173478624658,0.07019097481772947,0.05585307692974247
384215,0.7864525689156245,271963.0,213886.0,[],50,1.3,0.5,5,5,0.1,0.0835138605657738,0.07,2.84,0.88,0,0.5,0,271963.0,0.0,15,4,0.0,0.0,0.0,13007.226826936803,0.060813829923121676,0.04782719276863692
2947834,0.7936288480442424,282806.0,224443.0,[],50,1.3,0.5,5,11,0.1,0.0733415342698703,0.1,2.78,1.18,0,1.5,0,282806.0,0.0,15,4,0.0,0.0,0.0,45751.73602532087,0.20384568030778802,0.16177781244146472
3523609,1.0,311643.0,311643.0,[],50,1.3,0.5,5,6,0.1,0.0860642571115011,0.06,3.04,0.84,0,0.5,0,311643.0,0.0,15,4,0.0,0.0,0.0,44696.24949600488,0.14342131700697555,0.14342131700697555
5845878,0.7926930336493611,230465.0,182688.0,[],50,1.3,0.5,5,5,0.1,0.0897105285332858,0.07,3.04,0.86,0,0.5,0,230465.0,0.0,15,4,0.0,0.0,0.0,34029.56360490322,0.18627147708061403,0.1476561022493794
9880705,0.5903372052472033,223662.0,132036.0,[],50,1.3,0.5,5,5,0.1,0.0778508838202689,0.03,2.78,1.09,0,0.5,0,223662.0,0.0,15,4,0.0,0.0,0.0,16136.904253293224,0.1222159430253357,0.07214861824222811
9982533,0.6000387416705408,258120.0,154882.0,[],50,1.3,0.5,5,12,0.1,0.0585500125920343,0.12,2.86,0.95,0,0.5,0,258120.0,0.0,15,4,0.0,0.0,0.0,7369.44226837862,0.04758101179206505,0.02855045044312188
1005536,1.0,268426.0,268426.0,[],50,1.3,0.5,5,5,0.1,0.0749243248144852,0.05,2.84,0.94,0,0.5,0,268426.0,0.0,15,4,0.0,0.0,0.0,20388.12793907751,0.07595437081012088,0.07595437081012088
5683210,0.6000364637459206,274245.0,164557.0,[],50,1.3,0.5,5,5,0.1,0.0761512754400664,0.03,2.86,0.94,0,0.5,0,274245.0,0.0,15,4,0.0,0.0,0.0,20135.251567906307,0.12236034667565833,0.07342066972198694
5570825,0.7957870448297144,285168.0,226933.0,[],50,1.3,0.5,5,8,0.1,0.0777507071729339,0.05,2.8,0.95,0,0.5,0,285168.0,0.0,15,4,0.0,0.0,0.0,30035.699309313077,0.1323549210970334,0.10532633152847821
4750674,1.0,226350.0,226350.0,[],50,1.3,0.5,5,10,0.1,0.0755029918678566,0.18,2.92,1.29,0,2.5,0,226350.0,0.0,15,4,0.0,0.0,0.0,33814.854118845746,0.14939188919304505,0.14939188919304505
2005484,1.0,212436.0,212436.0,[],50,1.3,0.5,5,6,0.1,0.085834015042584,0.09,2.9,0.93,0,0.5,0,212436.0,0.0,15,4,0.0,0.0,0.0,16373.548029184858,0.07707520396347539,0.07707520396347539
571902,0.6000735682920662,217485.0,130507.0,[],50,1.3,0.5,5,44,0.1,0.0767666506286389,2.68,2.98,1.43,0,3.5,0,217485.0,0.0,15,4,0.0,0.0,0.0,19818.44810015837,0.1518573570778454,0.09112558613310513
4634697,0.7946480118351735,221712.0,176183.0,[],50,1.3,0.5,5,6,0.1,0.0763998493337164,0.04,2.92,0.94,0,0.5,0,221712.0,0.0,15,4,0.0,0.0,0.0,57369.38437556038,0.32562383644029436,0.25875633423342165
1234014,0.8000184141715464,271530.0,217229.0,[],50,1.3,0.5,5,5,0.1,0.0791956835098583,0.03,3.18,0.8,0,0.5,0,271530.0,0.0,15,4,0.0,0.0,0.0,13930.043952426371,0.06412607871152734,0.05130204379783586
5750781,0.6000402909003002,248195.0,148927.0,[],50,1.3,0.5,5,5,0.1,0.0645836862767018,0.03,2.72,0.99,0,0.5,0,248195.0,0.0,15,4,0.0,0.0,0.0,19247.164039602823,0.12923891597630263,0.07754855673806009
3272894,1.0,314095.0,314095.0,[],50,1.3,0.5,5,10,0.1,0.0761854380576926,0.14,3.22,0.98,0,1.5,0,314095.0,0.0,15,4,0.0,0.0,0.0,29738.220335940907,0.09467906313676087,0.09467906313676087
7770696,1.0,270870.0,270870.0,[],50,1.3,0.5,5,9,0.1,0.0805793632341812,0.23,2.94,0.94,0,0.5,0,270870.0,0.0,15,4,0.0,0.0,0.0,33863.66732712812,0.12501815382703185,0.12501815382703185
3808233,1.0,297487.0,297487.0,[],50,1.3,0.5,5,10,0.1,0.0773030015907916,0.1,3.4,0.87,0,1.5,0,297487.0,0.0,15,4,0.0,0.0,0.0,28270.886856348563,0.09503234378762286,0.09503234378762286
3929768,0.7948802910477788,295759.0,235093.0,[],50,1.3,0.5,5,5,0.1,0.0847302442323685,0.03,2.98,0.89,0,0.5,0,295759.0,0.0,15,4,0.0,0.0,0.0,32139.36206023354,0.13670914089417183,0.10866740170285111
8663127,1.0,300486.0,300486.0,[],50,1.3,0.5,5,10,0.1,0.080999881019556,0.78,3.12,1.0,0,0.5,0,300486.0,0.0,15,4,0.0,0.0,0.0,38302.67163208404,0.12746907220996667,0.12746907220996667
9916276,0.7956348729498769,291263.0,231739.0,[],50,1.3,0.5,5,5,0.1,0.0736422603820072,0.04,2.78,0.97,0,0.5,0,291263.0,0.0,15,4,0.0,0.0,0.0,25309.356937819182,0.10921492255433563,0.08689520103074946
3023329,0.7921119700361875,284076.0,225020.0,[],50,1.3,0.5,5,19,0.1,0.0876569198981146,0.36,2.74,1.59,0,3.5,0,284076.0,0.0,15,4,0.0,0.0,0.0,43545.78216192231,0.19351960786562222,0.15328919782706849
9070938,0.6000396141581001,252435.0,151471.0,[],50,1.3,0.5,5,6,0.1,0.0688342700094362,0.06,2.84,0.96,0,0.5,0,252435.0,0.0,15,4,0.0,0.0,0.0,19472.97808671693,0.12855911749917098,0.07714056326070841
636469,0.8000210770365687,237225.0,189785.0,[],50,1.3,0.5,5,5,0.1,0.0720086121355115,0.03,3.06,0.84,0,0.5,0,237225.0,0.0,15,4,0.0,0.0,0.0,22819.235703138416,0.12023729853854845,0.09619237307677697
7609835,0.6000388734474917,257245.0,154357.0,[],50,1.3,0.5,5,5,0.1,0.0822095050891997,0.03,2.78,0.9,0,0.5,0,257245.0,0.0,15,4,0.0,0.0,0.0,16836.78810069416,0.1090769326994834,0.0654503998161059
7184732,0.7800074863762536,205707.0,160453.0,[],50,1.3,0.5,5,5,0.1,0.0774367295238358,0.05,2.96,0.86,0,0.5,0,205707.0,0.0,15,4,0.0,0.0,0.0,24878.38359315531,0.15505090956950204,0.1209408702336591
7538585,0.7958858005943097,304555.0,242391.0,[],50,1.3,0.5,5,12,0.1,0.0822998855527629,0.33,2.86,1.18,0,1.5,0,304555.0,0.0,15,4,0.0,0.0,0.0,66455.52257452917,0.2741666257184845,0.21820532440619647
3261001,0.6000353020086843,283270.0,169972.0,[],50,1.3,0.5,5,6,0.1,0.0797719349075258,0.09,2.82,0.99,0,0.5,0,283270.0,0.0,15,4,0.0,0.0,0.0,25232.26398179833,0.14844953275715017,0.08907496022098467
3540348,1.0,282248.0,282248.0,[],50,1.3,0.5,5,5,0.1,0.075548086976452,0.02,3.24,0.8,0,0.5,0,282248.0,0.0,15,4,0.0,0.0,0.0,29160.051477169072,0.10331358052907044,0.10331358052907044
3515274,0.7917769811025946,230402.0,182427.0,[],50,1.3,0.5,5,5,0.1,0.0841024128107965,0.02,2.74,0.98,0,0.5,0,230402.0,0.0,15,4,0.0,0.0,0.0,24511.31068801196,0.13436229663378754,0.10638497360271161
971813,0.5891821340673913,288079.0,169731.0,[],50,1.3,0.5,5,15,0.1,0.0827269634799084,0.45,2.9,0.95,0,0.5,0,288079.0,0.0,15,4,0.0,0.0,0.0,22408.407877279165,0.1320230710788198,0.07778563476434994
881134,0.6000424971314436,235310.0,141196.0,[],50,1.3,0.5,5,5,0.1,0.0709380016297843,0.02,2.82,0.93,0,0.5,0,235310.0,0.0,15,4,0.0,0.0,0.0,20633.932351689065,0.14613680523307362,0.08768829353486493
4124216,0.600031997952131,312520.0,187522.0,[],50,1.3,0.5,5,5,0.1,0.0778194254795426,0.03,2.78,0.98,0,0.5,0,312520.0,0.0,15,4,0.0,0.0,0.0,35735.04346433113,0.19056453890386799,0.11434482101731451
9116946,0.8000464945078363,258095.0,206488.0,[],50,1.3,0.5,5,118,0.1,0.0758760334935106,142.57,2.98,2.57,0,3.5,0,258095.0,0.0,15,4,0.0,0.0,0.0,34587.462321240695,0.16750349812696474,0.13401058649427805
4311955,1.0,258227.0,258227.0,[],50,1.3,0.5,5,5,0.1,0.0741445994687094,0.03,3.26,0.77,0,0.5,0,258227.0,0.0,15,4,0.0,0.0,0.0,27090.252358303725,0.1049086747640786,0.1049086747640786
2998452,0.7926346653880908,271135.0,214911.0,[],50,1.3,0.5,5,5,0.1,0.0806622135850736,0.08,2.92,0.95,0,0.5,0,271135.0,0.0,15,4,0.0,0.0,0.0,14409.570049425804,0.06704901121592567,0.053145370569737595
6480173,0.600042184384108,260760.0,156467.0,[],50,1.3,0.5,5,5,0.1,0.0748735649131214,0.03,2.74,1.04,0,0.5,0,260760.0,0.0,15,4,0.0,0.0,0.0,18157.32591989006,0.11604572158915337,0.06963232827078562
2186598,0.6000506928016222,236720.0,142044.0,[],50,1.3,0.5,5,14,0.1,0.0733314941109766,0.29,2.76,1.14,0,1.5,0,236720.0,0.0,15,4,0.0,0.0,0.0,9392.450383018531,0.06612352780137515,0.039677468667702484
9696339,0.7934646951221784,268419.0,212981.0,[],50,1.3,0.5,5,5,0.1,0.0671825851761729,0.07,3.22,0.85,0,0.5,0,268419.0,0.0,15,4,0.0,0.0,0.0,20733.051553829624,0.0973469537368574,0.07724137096788836
9458224,1.0,180555.0,180555.0,[],50,1.3,0.5,5,14,0.1,0.0702014895535051,0.08,2.94,1.05,0,1.5,0,180555.0,0.0,15,4,0.0,0.0,0.0,12565.83168584683,0.06959558963111977,0.06959558963111977
8428911,0.7936590065658008,280240.0,222415.0,[],50,1.3,0.5,5,9,0.1,0.0737543844480568,0.08,2.94,0.87,0,0.5,0,280240.0,0.0,15,4,0.0,0.0,0.0,39128.929751702446,0.17592756671853269,0.13962649782936928
9218867,0.7911892721655878,261227.0,206680.0,[],50,1.3,0.5,5,5,0.1,0.0764659891186977,0.06,3.02,0.86,0,0.5,0,261227.0,0.0,15,4,0.0,0.0,0.0,30713.834731449497,0.1486057418785054,0.1175752687564819
2819002,0.6000773544768904,258550.0,155150.0,[],50,1.3,0.5,5,23,0.1,0.0814223472719813,9.0,3.1,2.02,0,3.5,0,258550.0,0.0,15,4,0.0,0.0,0.0,26579.21363596953,0.1713130108667066,0.10280105834836406
5232099,0.554078011311154,308545.0,170958.0,[],50,1.3,0.5,5,27,0.1,0.0756246704614118,3.25,2.7,1.74,0,3.5,0,308545.0,0.0,15,4,0.0,0.0,0.0,25959.539866781997,0.15184747052949846,0.08413534449361357
7111937,0.7933366528683011,269114.0,213498.0,[],50,1.3,0.5,5,5,0.1,0.0857700477401781,0.06,2.86,0.93,0,0.5,0,269114.0,0.0,15,4,0.0,0.0,0.0,35112.57208063118,0.16446323656723333,0.13047471361813648
8596524,0.7915641005014346,186465.0,147599.0,[],50,1.3,0.5,5,5,0.1,0.0843611064177844,0.05,3.08,0.82,0,0.5,0,186465.0,0.0,15,4,0.0,0.0,0.0,12918.49314948198,0.0875242593071903,0.06928106159055039
9399339,0.8000311314330187,256975.0,205588.0,[],50,1.3,0.5,5,31,0.1,0.0684314603046451,4.19,2.9,1.51,0,3.5,0,256975.0,0.0,15,4,0.0,0.0,0.0,51523.386167966826,0.2506147545964104,0.20049960567357458
2685339,0.7734287533203082,227765.0,176160.0,[],50,1.3,0.5,5,12,0.1,0.0775734289182305,0.84,3.14,0.93,0,0.5,0,227765.0,0.0,15,4,0.0,0.0,0.0,16339.909997500905,0.09275607400942838,0.07174021468399844
5707271,0.7966871525192847,252532.0,201189.0,[],50,1.3,0.5,5,5,0.1,0.0785316930578145,0.04,2.98,0.92,0,0.5,0,252532.0,0.0,15,4,0.0,0.0,0.0,35856.361320616394,0.17822227517715378,0.14198739692639503
8642143,0.800016127471535,310030.0,248029.0,[],50,1.3,0.5,5,9,0.1,0.0736244728520557,1.28,3.02,1.03,0,0.5,0,310030.0,0.0,15,4,0.0,0.0,0.0,34196.586111998025,0.13787333784355066,0.11030089382317203
8800741,0.4000720389010065,249865.0,99964.0,[],50,1.3,0.5,5,15,0.1,0.0759513537586274,0.95,2.8,1.54,0,1.5,0,249865.0,0.0,15,4,0.0,0.0,0.0,7743.355937462496,0.07746144549500315,0.0309901584354051
7015086,0.7908155608033398,326487.0,258191.0,[],50,1.3,0.5,5,5,0.1,0.0710621646338766,0.05,2.96,0.89,0,0.5,0,326487.0,0.0,15,4,0.0,0.0,0.0,44637.510501577126,0.17288561763027033,0.136720636661114
5977022,0.7934022065758592,227955.0,180860.0,[],50,1.3,0.5,5,5,0.1,0.0881497764829479,0.04,3.3,0.75,0,0.5,0,227955.0,0.0,15,4,0.0,0.0,0.0,23808.284075883075,0.13163930153645403,0.10444291231112753
5847676,1.0,286749.0,286749.0,[],50,1.3,0.5,5,27,0.1,0.0758615495529937,0.4,3.06,1.22,0,2.0,0,286749.0,0.0,15,4,0.0,0.0,0.0,44311.28021077024,0.15452985088272406,0.15452985088272406
6827943,0.7935194760427439,232080.0,184160.0,[],50,1.3,0.5,5,8,0.1,0.0704004993389375,0.55,2.98,1.18,0,1.5,0,232080.0,0.0,15,4,0.0,0.0,0.0,22000.5013918451,0.11946406055519711,0.09479705873769864
5686741,0.7938567391571446,244170.0,193836.0,[],50,1.3,0.5,5,59,0.1,0.0763845909608437,177.73,2.96,2.2,0,3.0,0,244170.0,0.0,15,4,0.0,0.0,0.0,14614.629301515257,0.07539687829667996,0.05985431994723044
9137202,0.5895156621393717,278091.0,163939.0,[],50,1.3,0.5,5,5,0.1,0.0846427461379019,0.08,2.92,0.89,0,0.5,0,278091.0,0.0,15,4,0.0,0.0,0.0,15500.926838419164,0.09455301568521927,0.05574048364894644
268219,1.0,298196.0,298196.0,[],50,1.3,0.5,5,5,0.1,0.081943105611577,0.03,3.14,0.83,0,0.5,0,298196.0,0.0,15,4,0.0,0.0,0.0,41723.65102877821,0.13992022370782373,0.13992022370782373
2683209,0.7848669122121051,277749.0,217996.0,[],50,1.3,0.5,5,17,0.1,0.0818973949433161,0.15,2.82,1.07,0,1.5,0,277749.0,0.0,15,4,0.0,0.0,0.0,12764.674067968605,0.05855462516729024,0.045957587850788316
365997,0.6000385074511918,259690.0,155824.0,[],50,1.3,0.5,5,5,0.1,0.0739928145068048,0.03,3.0,0.87,0,0.5,0,259690.0,0.0,15,4,0.0,0.0,0.0,15816.972264080516,0.10150536672194602,0.06090712874612236
4386734,0.6000312636778591,319860.0,191926.0,[],50,1.3,0.5,5,5,0.1,0.0660379553223188,0.05,2.8,1.02,0,0.5,0,319860.0,0.0,15,4,0.0,0.0,0.0,22239.64000737593,0.11587611895926518,0.06952929408921381
5267511,0.600044777790216,223325.0,134005.0,[],50,1.3,0.5,5,5,0.1,0.064210792401342,0.03,2.78,1.0,0,0.5,0,223325.0,0.0,15,4,0.0,0.0,0.0,11960.691805888644,0.08925556364231665,0.053557334852294386
255051,1.0,259445.0,259445.0,[],50,1.3,0.5,5,6,0.1,0.0850652915093461,0.04,2.94,0.92,0,0.5,0,259445.0,0.0,15,4,0.0,0.0,0.0,44037.74626564916,0.16973827310470105,0.16973827310470105
5799995,1.0,315276.0,315276.0,[],50,1.3,0.5,5,5,0.1,0.0751098223981615,0.04,2.94,0.87,0,0.5,0,315276.0,0.0,15,4,0.0,0.0,0.0,33113.053156951726,0.10502877845745229,0.10502877845745229
678646,0.8000199541055573,250575.0,200465.0,[],50,1.3,0.5,5,7,0.1,0.0787828666181806,0.03,2.82,0.93,0,0.5,0,250575.0,0.0,15,4,0.0,0.0,0.0,29757.288854271355,0.1484413182065266,0.11875601657895382
8409749,0.6000546821599453,182875.0,109735.0,[],50,1.3,0.5,5,6,0.1,0.0673762129402897,0.04,2.84,0.95,0,0.5,0,182875.0,0.0,15,4,0.0,0.0,0.0,14937.86357322234,0.13612670135528626,0.08168346451522811
1253244,1.0,286072.0,286072.0,[],50,1.3,0.5,5,82,0.1,0.0665963414857133,4.28,2.78,2.0,0,3.5,0,286072.0,0.0,15,4,0.0,0.0,0.0,32175.632450528403,0.11247389625873347,0.11247389625873347
3599749,1.0,248796.0,248796.0,[],50,1.3,0.5,5,12,0.1,0.0718985222397888,0.09,3.08,0.96,0,1.0,0,248796.0,0.0,15,4,0.0,0.0,0.0,18962.65622046851,0.07621768927341481,0.07621768927341481
4447206,0.6000312729660845,319765.0,191869.0,[],50,1.3,0.5,5,6,0.1,0.083322068401536,0.02,2.78,0.93,0,0.5,0,319765.0,0.0,15,4,0.0,0.0,0.0,26625.642679938708,0.1387699038403218,0.08326628205068944
8173840,0.7937166687524979,247703.0,196606.0,[],50,1.3,0.5,5,27,0.1,0.0701578689414036,4.49,2.86,1.35,0,1.5,0,247703.0,0.0,15,4,0.0,0.0,0.0,17554.88697150642,0.08928968073968455,0.0708707079506765
3776283,0.5934880583304627,278688.0,165398.0,[],50,1.3,0.5,5,5,0.1,0.0631680387997709,0.02,2.92,0.93,0,0.5,0,278688.0,0.0,15,4,0.0,0.0,0.0,17944.435108927744,0.10849245522272183,0.06438897659363785
7108299,0.7979205904695977,222467.0,177511.0,[],50,1.3,0.5,5,5,0.1,0.0699917465626158,0.06,2.92,0.94,0,0.5,0,222467.0,0.0,15,4,0.0,0.0,0.0,21884.6909480576,0.12328639322665975,0.09837275168028337
9326958,0.7961994995225709,242968.0,193451.0,[],50,1.3,0.5,5,64,0.1,0.0838289199431876,6.29,2.98,1.9,0,2.5,0,242968.0,0.0,15,4,0.0,0.0,0.0,29416.459475111467,0.15206155292612325,0.12107133233640424
2614975,1.000233183135398,262185.0,262246.1371203543,[],50,1.3,0.5,5,11,0.1,0.0778606314505306,0.09,2.98,1.03,0,1.5,0,262185.0,0.0,15,4,0.0,0.0,0.0,48199.57129776309,0.1837951621595957,0.18383802009177905
1806986,1.0,201420.0,201420.0,[],50,1.3,0.5,5,5,0.1,0.0821995968009614,0.05,2.96,0.87,0,0.5,0,201420.0,0.0,15,4,0.0,0.0,0.0,40520.01750986105,0.2011717679965299,0.2011717679965299
5627530,0.796638390155715,266063.0,211956.0,[],50,1.3,0.5,5,6,0.1,0.0755465343108422,0.04,3.28,0.78,0,0.5,0,266063.0,0.0,15,4,0.0,0.0,0.0,20217.181305740512,0.0953838594129938,0.07598644420960642
601607,0.6000452673034268,220910.0,132556.0,[],50,1.3,0.5,5,9,0.1,0.0844092208708932,0.1,2.92,0.91,0,0.5,0,220910.0,0.0,15,4,0.0,0.0,0.0,38190.41513993144,0.2881077819180682,0.17287771101322458
8879855,1.0,301972.0,301972.0,[],50,1.3,0.5,5,10,0.1,0.07404187106275,0.14,2.74,1.38,0,2.5,0,301972.0,0.0,15,4,0.0,0.0,0.0,76244.58630640016,0.2524889271402652,0.2524889271402652
9742207,0.600056378724079,283795.0,170293.0,[],50,1.3,0.5,5,14,0.1,0.0730780596574209,0.79,2.86,1.61,0,3.5,0,283795.0,0.0,15,4,0.0,0.0,0.0,24104.669826796588,0.1415482129435537,0.08493690807377363
9506790,1.0,237391.0,237391.0,[],50,1.3,0.5,5,7,0.1,0.0771733905490728,0.05,2.84,0.92,0,0.5,0,237391.0,0.0,15,4,0.0,0.0,0.0,15445.508748369291,0.06506358180541508,0.06506358180541508
2065966,0.7909103221706321,287953.0,227745.0,[],50,1.3,0.5,5,5,0.1,0.0705366518898045,0.06,2.9,0.92,0,0.5,0,287953.0,0.0,15,4,0.0,0.0,0.0,37255.29735877484,0.16358338211058351,0.1293797854468432
8262109,1.0,248313.0,248313.0,[],50,1.3,0.5,5,9,0.1,0.070668690740669,0.07,3.1,1.01,0,1.5,0,248313.0,0.0,15,4,0.0,0.0,0.0,43700.01674657573,0.1759876315238257,0.1759876315238257
3420706,0.797506068436301,255420.0,203699.0,[],50,1.3,0.5,5,5,0.1,0.0791190506907362,0.06,2.86,0.94,0,0.5,0,255420.0,0.0,15,4,0.0,0.0,0.0,31910.036081110786,0.15665288529207697,0.12493162665848714
6996569,1.0,289359.0,289359.0,[],50,1.3,0.5,5,5,0.1,0.0815020258643735,0.02,2.98,0.85,0,0.5,0,289359.0,0.0,15,4,0.0,0.0,0.0,56230.30328005365,0.1943271274785082,0.1943271274785082
5697705,0.600033411293017,299300.0,179590.0,[],50,1.3,0.5,5,5,0.1,0.0766641415748121,0.04,2.96,0.92,0,0.5,0,299300.0,0.0,15,4,0.0,0.0,0.0,22148.73281526836,0.1233294326814876,0.0740017802047055
419801,1.0,299190.0,299190.0,[],50,1.3,0.5,5,5,0.1,0.0747096398990872,0.03,2.94,0.88,0,0.5,0,299190.0,0.0,15,4,0.0,0.0,0.0,42729.79578895951,0.1428182619370952,0.1428182619370952
5688365,0.4000836922218541,286765.0,114730.0,[],50,1.3,0.5,5,23,0.1,0.069138374292739,0.28,3.0,1.44,0,2.5,0,286765.0,0.0,15,4,0.0,0.0,0.0,15703.731972570236,0.13687555105526222,0.05476167584109022
1362287,0.8000189654354938,316365.0,253098.0,[],50,1.3,0.5,5,13,0.1,0.0715487764184236,0.17,2.94,1.08,0,1.5,0,316365.0,0.0,15,4,0.0,0.0,0.0,33069.23710968177,0.13065783652846633,0.10452874720554352
1303592,0.6000416207104655,240265.0,144169.0,[],50,1.3,0.5,5,5,0.1,0.0769821333101021,0.04,2.94,0.92,0,0.5,0,240265.0,0.0,15,4,0.0,0.0,0.0,15177.31854830816,0.10527449415830144,0.06316907809422163
2581260,1.0,300592.0,300592.0,[],50,1.3,0.5,5,7,0.1,0.063161961855312,0.1,2.9,1.09,0,1.5,0,300592.0,0.0,15,4,0.0,0.0,0.0,33651.677983277485,0.11195134262813876,0.11195134262813876
8663282,0.7936257003097442,295405.0,234441.0,[],50,1.3,0.5,5,5,0.1,0.0806726055770744,0.07,3.22,0.83,0,0.5,0,295405.0,0.0,15,4,0.0,0.0,0.0,25062.637862088137,0.10690381742992112,0.08484161697360619
1551915,1.0,165949.0,165949.0,[],50,1.3,0.5,5,5,0.1,0.0721044212649581,0.03,3.0,0.85,0,0.5,0,165949.0,0.0,15,4,0.0,0.0,0.0,24322.19277900939,0.14656426238789863,0.14656426238789863
8738833,0.8000262518868544,304740.0,243800.0,[],50,1.3,0.5,5,25,0.1,0.0637894280154816,2.7,2.86,1.49,0,3.5,0,304740.0,0.0,15,4,0.0,0.0,0.0,28907.47440367649,0.11857044464182318,0.09485946841135555
9650288,0.7846122501289816,304307.0,238763.0,[],50,1.3,0.5,5,6,0.1,0.0747401638809497,0.08,2.94,0.91,0,0.5,0,304307.0,0.0,15,4,0.0,0.0,0.0,26656.050983681165,0.11164230213090456,0.08759591788450863
5224744,0.8000234192037471,213500.0,170805.0,[],50,1.3,0.5,5,6,0.1,0.0703143356571946,0.03,2.92,0.89,0,0.5,0,213500.0,0.0,15,4,0.0,0.0,0.0,18679.042681603925,0.10935887521796156,0.08748966127214954
7306449,0.6000422877682631,236475.0,141895.0,[],50,1.3,0.5,5,5,0.1,0.082838808459546,0.05,2.94,1.1,0,0.5,0,236475.0,0.0,15,4,0.0,0.0,0.0,15728.488087927784,0.11084596418427559,0.06651226593901167
5665996,0.6000453977982068,220275.0,132175.0,[],50,1.3,0.5,5,5,0.1,0.0774116070515538,0.04,2.86,0.93,0,0.5,0,220275.0,0.0,15,4,0.0,0.0,0.0,29781.26269246019,0.22531691085651742,0.1352003754055621
997046,1.0,246499.0,246499.0,[],50,1.3,0.5,5,5,0.1,0.0766141135578213,0.02,3.02,0.87,0,0.5,0,246499.0,0.0,15,4,0.0,0.0,0.0,23734.726085564194,0.09628731185750934,0.09628731185750934
8141299,0.6000380958427911,314995.0,189009.0,[],50,1.3,0.5,5,15,0.1,0.0867059171230602,8.47,2.98,2.17,0,1.5,0,314995.0,0.0,15,4,0.0,0.0,0.0,18392.02716495782,0.09730767934308854,0.05838831462390775
3669947,1.0,227089.0,227089.0,[],50,1.3,0.5,5,5,0.1,0.0840851457507634,0.09,2.9,0.94,0,0.5,0,227089.0,0.0,15,4,0.0,0.0,0.0,16698.414017071515,0.07353246532007941,0.07353246532007941
876510,0.7951337676671973,204758.0,162810.0,[],50,1.3,0.5,5,5,0.1,0.0804999713698817,0.04,2.9,0.91,0,0.5,0,204758.0,0.0,15,4,0.0,0.0,0.0,35020.31201442184,0.21509926917524624,0.1710326923217742
1844004,0.5928643390654855,287850.0,170656.0,[],50,1.3,0.5,5,5,0.1,0.0857253200730186,0.06,2.88,1.0,0,0.5,0,287850.0,0.0,15,4,0.0,0.0,0.0,29249.928952253736,0.17139701476803473,0.10161517787824817
8238346,0.8000176687810308,282985.0,226393.0,[],50,1.3,0.5,5,7,0.1,0.0809131973046604,0.2,3.02,0.9,0,0.5,0,282985.0,0.0,15,4,0.0,0.0,0.0,52736.46031119608,0.2329420976408108,0.18635779391556473
7312056,0.600043505057463,275830.0,165510.0,[],50,1.3,0.5,5,23,0.1,0.0679937137732414,11.62,2.82,2.13,0,1.0,0,275830.0,0.0,15,4,0.0,0.0,0.0,31178.609110471465,0.18837900495723198,0.11303559841377467
3291472,0.7954033608592712,277072.0,220384.0,[],50,1.3,0.5,5,5,0.1,0.0770696393900135,0.09,2.88,0.98,0,0.5,0,277072.0,0.0,15,4,0.0,0.0,0.0,54985.78245864141,0.2494998841052046,0.19845304635127842
3540009,0.9632910153283216,296249.0,285374.0,[],50,1.3,0.5,5,7,0.1,0.0743062409805834,0.08,2.98,0.9,0,0.5,0,296249.0,0.0,15,4,0.0,0.0,0.0,31866.185480299697,0.11166464176939629,0.10756554614631508
9667521,0.4000550075176941,272690.0,109091.0,[],50,1.3,0.5,5,7,0.1,0.0741764539627758,0.09,2.82,1.0,0,0.5,0,272690.0,0.0,20,4,0.0,0.0,0.0,7214.246472145465,0.06613053755255213,0.026455852697735396
2804163,1.0,325548.0,325548.0,[],50,1.3,0.5,5,85,0.1,0.069705695822428,83.92,2.96,1.58,0,3.5,0,325548.0,0.0,20,4,0.0,0.0,0.0,25176.690991243,0.0773363405434621,0.0773363405434621
5950765,0.7905913923567833,293646.0,232154.0,[],50,1.3,0.5,5,42,0.1,0.0742570670293076,17.92,2.82,1.57,0,3.5,0,293646.0,0.0,20,4,0.0,0.0,0.0,21986.51895367832,0.0947066126522839,0.07487423276216369
3241050,0.6000690101358637,231850.0,139126.0,[],50,1.3,0.5,5,65,0.1,0.0696223231996183,10.95,2.94,1.48,0,3.5,0,231850.0,0.0,20,4,0.0,0.0,0.0,30073.62287946954,0.21616105457980206,0.12971155005162624
2487144,0.8000173903970228,287515.0,230017.0,[],50,1.3,0.5,5,5,0.1,0.0776963975802015,0.05,2.86,0.96,0,0.5,0,287515.0,0.0,20,4,0.0,0.0,0.0,24181.391955307303,0.10512871637882114,0.08410480133317323
1692971,0.6000414318859795,241360.0,144826.0,[],50,1.3,0.5,5,9,0.1,0.0765334088214909,0.09,2.72,0.99,0,0.5,0,241360.0,0.0,20,4,0.0,0.0,0.0,8316.337014522842,0.05742295592312735,0.03445615269523882
3915947,0.6000427822738779,280490.0,168306.0,[],50,1.3,0.5,5,21,0.1,0.0806882125901461,22.66,2.86,1.76,0,1.5,0,280490.0,0.0,20,4,0.0,0.0,0.0,14989.141906488949,0.08905886840926021,0.053439131186455664
7093927,0.6000477982912111,251055.0,150645.0,[],50,1.3,0.5,5,8,0.1,0.0845285984631655,0.33,2.74,1.33,0,1.0,0,251055.0,0.0,20,4,0.0,0.0,0.0,18127.42103633224,0.12033204577869987,0.07220497913338608
1986757,0.6000330060235993,302975.0,181795.0,[],50,1.3,0.5,5,5,0.1,0.072588020138388,0.05,2.86,1.07,0,0.5,0,302975.0,0.0,20,4,0.0,0.0,0.0,17263.64758334145,0.09496216938497457,0.0569804359545885
6317024,1.0,262354.0,262354.0,[],50,1.3,0.5,5,18,0.1,0.0791011030874336,0.2,3.08,1.25,0,2.5,0,262354.0,0.0,20,4,,,,,,
