ID,TransmissionRatio,FilterUsed,Nodes,EventSkew,EventNodeRatio,WorkloadSize,NumberProjections,MinimalSelectivity,MedianSelectivity,CombigenComputationTime,Efficiency,PlacementComputationTime,HopCount,Depth,ProcessingLatencyRatio,CentralTransmission,LowerBound,EventTypes
8723806,0.009350622803082909,"[(<tree.AND object at 0x7fecba6ce520>, 'C'), (<tree.AND object at 0x7fecba6ce520>, 'C'), (<tree.AND object at 0x7fecba6cbbb0>, 'F')]",20,1.3,0.5,20,96,0.1,0.04510711604568122,22.35,4.3,3.07,0,3.5,0,1137039.0,0.0,6
6816684,0.01598787547329167,"[(<tree.AND object at 0x7f065a51fb50>, 'C'), (<tree.AND object at 0x7f065a51fb50>, 'C')]",20,1.3,0.5,20,44,0.1,0.08893919638632701,2.57,4.3,1.54,0,1.5,0,1137039.0,0.0,6
5275017,0.005618453446685237,[],20,1.3,0.5,20,88,0.1,0.041049800330560236,13.23,4.3,1.86,0,3.5,0,1137039.0,0.0,6
7151189,1.0,[],20,1.3,0.5,20,67,0.1,0.050902066301677866,3.04,4.3,0.51,0,2.5,0,1137039.0,0.0,6
6561649,1.0,[],20,1.3,0.5,20,57,0.1,0.08147646250796739,4.14,4.3,0.45,0,2.5,0,1137039.0,0.0,6
3536790,0.28251376448848026,"[(<tree.SEQ object at 0x7fa04389afd0>, 'F'), (<tree.AND object at 0x7fa04389e1c0>, 'F'), (<tree.AND object at 0x7fa043895af0>, 'C')]",20,1.3,0.5,20,40,0.1,0.08170374645149833,1.22,4.3,2.21,0,3.5,0,1137039.0,0.0,6
6368908,1.0,"[(<tree.AND object at 0x7f4e89c98e20>, 'C'), (<tree.AND object at 0x7f4e89c98e20>, 'C')]",20,1.3,0.5,20,41,0.1,0.09886485218016725,1.85,4.3,0.36,0,1.5,0,1137039.0,0.0,6
5261242,0.20241736563985366,"[(<tree.SEQ object at 0x7f85a01d59a0>, 'C'), (<tree.AND object at 0x7f85a01dc5b0>, 'A'), (<tree.AND object at 0x7f85a01dc5b0>, 'A'), (<tree.AND object at 0x7f85a01de160>, 'F'), (<tree.AND object at 0x7f85a01de160>, 'F'), (<tree.AND object at 0x7f85a01de160>, 'F')]",20,1.3,0.5,20,38,0.1,0.079313239334932,2.8,4.3,1.6,0,2.5,0,1137039.0,0.0,6
6241374,0.004537417182657704,"[(<tree.SEQ object at 0x7f6c2531a190>, 'C')]",20,1.3,0.5,20,40,0.1,0.057526811243890176,2.37,4.3,0.65,0,1.5,0,1137039.0,0.0,6
6936456,0.004587143091215504,[],20,1.3,0.5,20,51,0.1,0.07822778645467285,3.47,4.3,0.94,0,2.0,0,1137039.0,0.0,6
9266322,0.16187375786757913,"[(<tree.AND object at 0x7f646dda42e0>, 'A'), (<tree.AND object at 0x7f646dda4ca0>, 'C'), (<tree.AND object at 0x7f646dda4e50>, 'F')]",20,1.3,0.5,20,40,0.1,0.0925245934136223,2.24,4.3,2.14,0,1.5,0,1137039.0,0.0,6
6529630,0.007828972523056817,[],20,1.3,0.5,20,43,0.1,0.08225126166595428,1.88,4.3,0.94,0,2.5,0,1137039.0,0.0,6
445889,1.0,"[(<tree.AND object at 0x7fb959d571f0>, 'C')]",20,1.3,0.5,20,40,0.1,0.06851543975452692,1.28,4.3,0.54,0,1.5,0,1137039.0,0.0,6
327775,0.006122167552151313,[],20,1.3,0.5,20,33,0.1,0.09343461829067079,1.0,4.3,1.02,0,1.0,0,1137039.0,0.0,6
6926321,1.0,"[(<tree.AND object at 0x7fdd19b7c250>, 'C'), (<tree.SEQ object at 0x7fdd19b00610>, 'C')]",20,1.3,0.5,20,72,0.1,0.07610698246922584,5.18,4.3,0.38,0,1.5,0,1137039.0,0.0,6
9810014,0.0045505314266144565,[],20,1.3,0.5,20,40,0.1,0.08021957977162653,0.88,4.3,1.19,0,1.0,0,1137039.0,0.0,6
7446344,0.5933342449201703,"[(<tree.AND object at 0x7f76a2de1190>, 'C'), (<tree.AND object at 0x7f76a2de1340>, 'C'), (<tree.AND object at 0x7f76a2de8b50>, 'F')]",20,1.3,0.5,20,38,0.1,0.08953772480144742,4.04,4.3,2.36,0,2.5,0,1137039.0,0.0,6
6600958,0.004476539503042552,[],20,1.3,0.5,20,19,0.1,1.0,0.26,4.3,1.19,0,0.5,0,1137039.0,0.0,6
1442205,1.0,"[(<tree.AND object at 0x7fb244359190>, 'C'), (<tree.AND object at 0x7fb244359190>, 'C')]",20,1.3,0.5,20,43,0.1,0.059600707638140835,1.46,4.3,0.4,0,2.5,0,1137039.0,0.0,6
6959349,0.05351471781770176,"[(<tree.AND object at 0x7f6151b288b0>, 'C')]",20,1.3,0.5,20,49,0.1,0.07369662183326947,2.8,4.3,1.58,0,1.5,0,1137039.0,0.0,6
8241234,1.0,[],20,1.3,0.5,20,77,0.1,0.049100485347684596,9.61,4.3,0.32,0,3.5,0,1137039.0,0.0,6
2786890,1.0,"[(<tree.AND object at 0x7fbf7f6cc1f0>, 'F'), (<tree.AND object at 0x7fbf7f6cc1f0>, 'F')]",20,1.3,0.5,20,26,0.1,1.0,0.75,4.3,0.48,0,1.5,0,1137039.0,0.0,6
8215159,1.0,"[(<tree.AND object at 0x7f7330b99b80>, 'C'), (<tree.AND object at 0x7f7330b9e790>, 'F')]",20,1.3,0.5,20,38,0.1,0.07571854535617623,0.84,4.3,0.42,0,1.5,0,1137039.0,0.0,6
8059309,0.5759536221800902,"[(<tree.AND object at 0x7f33f75295e0>, 'F')]",20,1.3,0.5,20,54,0.1,0.07445674391257674,2.91,4.3,1.8,0,2.5,0,1137039.0,0.0,6
7986699,0.05667286471126968,"[(<tree.AND object at 0x7fd2c97643d0>, 'C'), (<tree.SEQ object at 0x7fd2c9764610>, 'C')]",20,1.3,0.5,20,64,0.1,0.03346959143335501,3.03,4.3,2.33,0,2.5,0,1137039.0,0.0,6
7468481,0.007854741358758974,[],20,1.3,0.5,20,79,0.1,0.07436001489176124,36.4,4.3,1.19,0,3.0,0,1137039.0,0.0,6
4996865,0.2708177820064128,"[(<tree.AND object at 0x7f8c3096f730>, 'C'), (<tree.AND object at 0x7f8c3096f8e0>, 'C'), (<tree.AND object at 0x7f8c30976130>, 'F'), (<tree.AND object at 0x7f8c309762e0>, 'F')]",20,1.3,0.5,20,60,0.1,0.0774328397591463,6.35,4.3,2.54,0,2.5,0,1137039.0,0.0,6
2047026,1.0,[],20,1.3,0.5,20,49,0.1,0.06638379543049278,2.26,4.3,0.21,0,1.5,0,1137039.0,0.0,6
8858481,0.006352792320226792,[],20,1.3,0.5,20,32,0.1,0.08449528205895213,1.16,4.3,0.99,0,1.0,0,1137039.0,0.0,6
8195532,0.008308957095965077,[],20,1.3,0.5,20,44,0.1,0.054386607756506986,3.42,4.3,1.54,0,2.5,0,1137039.0,0.0,6
1839966,1.0,"[(<tree.AND object at 0x7fce58e94670>, 'C'), (<tree.AND object at 0x7fce58e9a430>, 'E'), (<tree.SEQ object at 0x7fce58e9a9d0>, 'C')]",20,1.3,0.5,20,31,0.1,0.09591411393723105,2.79,4.3,0.51,0,2.5,0,1137039.0,0.0,6
2526749,1.0,[],20,1.3,0.5,20,57,0.1,0.07055300773731032,4.22,4.3,0.3,0,3.5,0,1137039.0,0.0,6
9909688,1.0,[],20,1.3,0.5,20,60,0.1,0.059930144222155764,3.77,4.3,0.23,0,3.5,0,1137039.0,0.0,6
6330752,0.005448719156512463,[],20,1.3,0.5,20,75,0.1,0.06307809914928117,13.35,4.3,0.99,0,3.0,0,1137039.0,0.0,6
1847107,0.005850259194064486,[],20,1.3,0.5,20,31,0.1,0.08160907887720781,0.47,4.3,1.13,0,1.0,0,1137039.0,0.0,6
969390,0.014881178926131144,"[(<tree.AND object at 0x7fdc8e120f40>, 'A'), (<tree.AND object at 0x7fdc8e124130>, 'A')]",20,1.3,0.5,20,42,0.1,0.05700014501723694,2.59,4.3,1.22,0,1.5,0,1137039.0,0.0,6
3960804,0.0034271791642918924,[],20,1.3,0.5,20,77,0.1,0.07220474360725196,30.08,4.3,0.84,0,3.0,0,1137039.0,0.0,6
9026654,0.006638263960570309,[],20,1.3,0.5,20,56,0.1,0.06025637741056102,1.42,4.3,1.28,0,2.5,0,1137039.0,0.0,6
1587479,1.0,"[(<tree.SEQ object at 0x7fb6c6adb250>, 'F'), (<tree.AND object at 0x7fb6c6adb4f0>, 'F'), (<tree.AND object at 0x7fb6c6adef40>, 'C')]",20,1.3,0.5,20,36,0.1,0.0946343836548534,1.09,4.3,0.35,0,1.5,0,1137039.0,0.0,6
7684684,1.0001257652551936,[],20,1.3,0.5,20,27,0.1,0.08519915974125418,0.37,4.3,0.37,0,1.5,0,1137039.0,0.0,6
2222041,1.0000474917746884,[],20,1.3,0.5,20,55,0.1,0.08951899945645236,4.91,4.3,0.35,0,2.5,0,1137039.0,0.0,6
7863823,1.0,[],20,1.3,0.5,20,29,0.1,0.09289252834139534,0.59,4.3,0.42,0,1.5,0,1137039.0,0.0,6
3712851,1.0,"[(<tree.SEQ object at 0x7fae4b313a60>, 'C')]",20,1.3,0.5,20,24,0.1,0.09537668061127491,0.47,4.3,0.62,0,2.5,0,1137039.0,0.0,6
8480503,0.004669511548758002,"[(<tree.AND object at 0x7fc1675093d0>, 'C')]",20,1.3,0.5,20,22,0.1,1.0,0.27,4.3,1.19,0,1.0,0,1137039.0,0.0,6
6009949,0.007922141067691306,[],20,1.3,0.5,20,96,0.1,0.04183063941540328,37.28,4.3,1.2,0,3.0,0,1137039.0,0.0,6
231169,1.0,[],20,1.3,0.5,20,39,0.1,0.07883695328705713,1.07,4.3,0.57,0,1.5,0,1137039.0,0.0,6
3744164,0.0071046265949909525,[],20,1.3,0.5,20,76,0.1,0.03975260823130824,3.81,4.3,1.8,0,2.0,0,1137039.0,0.0,6
8443770,0.006299590352106667,[],20,1.3,0.5,20,74,0.1,0.07545998740026845,6.46,4.3,0.84,0,3.0,0,1137039.0,0.0,6
5140396,1.0,[],20,1.3,0.5,20,28,0.1,0.09314022092328837,0.63,4.3,0.44,0,0.5,0,1137039.0,0.0,6
5357058,0.007821271089890204,"[(<tree.AND object at 0x7f29fb5d7bb0>, 'F')]",20,1.3,0.5,20,34,0.1,0.0696484120006991,0.67,4.3,1.03,0,1.0,0,1137039.0,0.0,6
9178139,0.32416176112465844,"[(<tree.SEQ object at 0x7f57e5915eb0>, 'A'), (<tree.SEQ object at 0x7f57e591ffa0>, 'E')]",20,1.3,0.5,20,115,0.1,0.06360705697844735,13.25,5.8,2.19,0,3.0,0,1065657.0,0.0,10
6178667,0.3286870944669505,"[(<tree.SEQ object at 0x7f913fe9b8e0>, 'A'), (<tree.AND object at 0x7f913fea8a00>, 'F'), (<tree.AND object at 0x7f913feabc10>, 'A')]",20,1.3,0.5,20,201,0.1,0.06746782846232066,88.24,5.8,3.03,0,4.0,0,1065657.0,0.0,10
243889,0.0225991343079656,"[(<tree.AND object at 0x7f3479ac18b0>, 'F'), (<tree.SEQ object at 0x7f3479ac1e20>, 'G')]",20,1.3,0.5,20,83,0.1,0.06327192622262864,4.51,5.8,1.43,0,2.5,0,1065657.0,0.0,10
6495020,0.35458059240075346,"[(<tree.SEQ object at 0x7fe452bd1790>, 'E'), (<tree.AND object at 0x7fe452bd1d90>, 'G'), (<tree.AND object at 0x7fe452bd8a90>, 'F'), (<tree.SEQ object at 0x7fe452bdce80>, 'A'), (<tree.SEQ object at 0x7fe452bcfe20>, 'A')]",20,1.3,0.5,20,87,0.1,0.0909600151545919,14.91,5.8,2.34,0,4.5,0,1065657.0,0.0,10
7377681,0.016252992456631907,"[(<tree.SEQ object at 0x7f54c85c7ac0>, 'F')]",20,1.3,0.5,20,177,0.1,0.06675070522150327,76.46,5.8,1.72,0,4.5,0,1065657.0,0.0,10
6046074,0.3625532717447164,"[(<tree.SEQ object at 0x7f65812f8910>, 'G')]",20,1.3,0.5,20,156,0.1,0.06054656282709052,61.93,5.8,2.67,0,4.5,0,1065657.0,0.0,10
8005721,0.4814180005475947,"[(<tree.SEQ object at 0x7f1f836f3100>, 'A'), (<tree.SEQ object at 0x7f1f836f3550>, 'E')]",20,1.3,0.5,20,119,0.1,0.07286105835208025,24.05,5.8,1.44,0,3.5,0,1065657.0,0.0,10
705468,0.283076593504953,[],20,1.3,0.5,20,144,0.1,0.07595861431853697,17.72,5.8,1.51,0,3.5,0,1065657.0,0.0,10
6379393,0.013087260609667332,"[(<tree.AND object at 0x7f26ae2ef790>, 'C'), (<tree.SEQ object at 0x7f26ae2e8400>, 'A')]",20,1.3,0.5,20,120,0.1,0.08272070949289873,9.44,5.8,1.87,0,3.0,0,1065657.0,0.0,10
6582260,0.0743048913881949,"[(<tree.AND object at 0x7efd41f695e0>, 'F')]",20,1.3,0.5,20,113,0.1,0.07160442784330781,36.03,5.8,1.27,0,3.5,0,1065657.0,0.0,10
4998334,0.3619828107759655,"[(<tree.SEQ object at 0x7fca96281580>, 'A'), (<tree.SEQ object at 0x7fca96283bb0>, 'G'), (<tree.SEQ object at 0x7fca96287d30>, 'F'), (<tree.AND object at 0x7fca962812b0>, 'A')]",20,1.3,0.5,20,97,0.1,0.07705726870595095,4.21,5.8,1.4,0,3.5,0,1065657.0,0.0,10
5473864,0.30100654728548587,"[(<tree.SEQ object at 0x7f4171b1e0d0>, 'F'), (<tree.AND object at 0x7f4171b248b0>, 'A')]",20,1.3,0.5,20,107,0.1,0.09372806550439712,15.78,5.8,2.15,0,3.5,0,1065657.0,0.0,10
2775964,0.0070690340991383755,[],20,1.3,0.5,20,201,0.1,0.06867107622236196,38.0,5.8,1.75,0,3.0,0,1065657.0,0.0,10
912337,0.3298435852054863,"[(<tree.SEQ object at 0x7fe9ec3f8910>, 'F'), (<tree.AND object at 0x7fe9ec3f85b0>, 'F'), (<tree.SEQ object at 0x7fe9ec3fd730>, 'G'), (<tree.AND object at 0x7fe9ec384be0>, 'G'), (<tree.AND object at 0x7fe9ec384d90>, 'G')]",20,1.3,0.5,20,146,0.1,0.05413782034575856,37.14,5.8,3.07,0,4.5,0,1065657.0,0.0,10
1749358,0.006459141128449725,"[(<tree.AND object at 0x7f5bc16f1400>, 'G')]",20,1.3,0.5,20,125,0.1,0.08105600937317153,45.17,5.8,1.47,0,4.5,0,1065657.0,0.0,10
3816831,0.27835825105769163,"[(<tree.AND object at 0x7fe902fb3070>, 'F'), (<tree.AND object at 0x7fe902faf160>, 'G')]",20,1.3,0.5,20,112,0.1,0.08111880739199387,20.45,5.8,1.47,0,3.5,0,1065657.0,0.0,10
128343,0.28216753813995993,"[(<tree.AND object at 0x7faa260f17c0>, 'F'), (<tree.AND object at 0x7faa260ea7f0>, 'E'), (<tree.SEQ object at 0x7faa260eddf0>, 'G')]",20,1.3,0.5,20,211,0.1,0.06097094083023248,68.44,5.8,1.66,0,4.0,0,1065657.0,0.0,10
6700598,0.04048859279754552,"[(<tree.SEQ object at 0x7f127c9e5a00>, 'G')]",20,1.3,0.5,20,131,0.1,0.07558623756140664,28.63,5.8,1.85,0,3.5,0,1065657.0,0.0,10
4448050,0.2788915445099599,"[(<tree.AND object at 0x7fb279f8c190>, 'G')]",20,1.3,0.5,20,165,0.1,0.060474116256837136,62.47,5.8,1.56,0,4.0,0,1065657.0,0.0,10
9691913,0.28439825912090244,"[(<tree.SEQ object at 0x7fd81d725550>, 'E'), (<tree.SEQ object at 0x7fd81d725550>, 'E'), (<tree.SEQ object at 0x7fd81d719160>, 'G')]",20,1.3,0.5,20,111,0.1,0.07941483662009899,12.83,5.8,1.48,0,3.0,0,1065657.0,0.0,10
6810801,0.10105937259977826,"[(<tree.AND object at 0x7fd7a9cb8a00>, 'E'), (<tree.AND object at 0x7fd7a9cb4670>, 'A'), (<tree.SEQ object at 0x7fd7a9cb29a0>, 'E'), (<tree.AND object at 0x7fd7a99c36d0>, 'F')]",20,1.3,0.5,20,140,0.1,0.09331680627678701,27.72,5.8,3.49,0,3.5,0,1065657.0,0.0,10
8922895,0.27722776506950003,[],20,1.3,0.5,20,115,0.1,0.08733211745440968,19.08,5.8,2.04,0,3.5,0,1065657.0,0.0,10
9515742,0.059902380699672034,"[(<tree.SEQ object at 0x7f983d087f40>, 'C'), (<tree.AND object at 0x7f983d083bb0>, 'A')]",20,1.3,0.5,20,159,0.1,0.058658395159109915,20.69,5.8,1.43,0,3.5,0,1065657.0,0.0,10
8594808,0.06402822072438967,"[(<tree.SEQ object at 0x7f105071a820>, 'E'), (<tree.SEQ object at 0x7f1050721370>, 'G'), (<tree.SEQ object at 0x7f10507219a0>, 'F'), (<tree.AND object at 0x7f1050716280>, 'G')]",20,1.3,0.5,20,103,0.1,0.0760466368709821,6.63,5.8,2.59,0,3.5,0,1065657.0,0.0,10
2290097,0.2790326434891192,"[(<tree.AND object at 0x7f4d3b32f6a0>, 'A')]",20,1.3,0.5,20,135,0.1,0.08217129149812558,48.46,5.8,2.61,0,4.0,0,1065657.0,0.0,10
1154937,0.4356800585868942,"[(<tree.SEQ object at 0x7f98168b9670>, 'F'), (<tree.SEQ object at 0x7f98165c9400>, 'G'), (<tree.AND object at 0x7f98165c98b0>, 'F'), (<tree.AND object at 0x7f98168bbfa0>, 'F'), (<tree.AND object at 0x7f98168b9bb0>, 'A')]",20,1.3,0.5,20,70,0.1,0.08506430008949253,5.87,5.8,1.32,0,3.0,0,1065657.0,0.0,10
6022358,0.0119602283266339,"[(<tree.AND object at 0x7f02314b6a60>, 'C')]",20,1.3,0.5,20,170,0.1,0.06322153640325479,48.25,5.8,2.03,0,4.5,0,1065657.0,0.0,10
4880223,0.28170756367826444,[],20,1.3,0.5,20,134,0.1,0.08774227012369015,19.83,5.8,1.6,0,3.5,0,1065657.0,0.0,10
7514432,0.2778543707967135,"[(<tree.AND object at 0x7f9e6c291b50>, 'F')]",20,1.3,0.5,20,193,0.1,0.08428534991750121,72.43,5.8,1.53,0,4.5,0,1065657.0,0.0,10
4261985,0.02408667190588033,"[(<tree.AND object at 0x7f778ccc8fa0>, 'A'), (<tree.AND object at 0x7f778ccc8550>, 'F'), (<tree.SEQ object at 0x7f778ccc1c10>, 'F'), (<tree.AND object at 0x7f778ccc81f0>, 'G')]",20,1.3,0.5,20,89,0.1,0.09811109245174554,6.97,5.8,1.55,0,2.5,0,1065657.0,0.0,10
8581503,1.0278737267143296,"[(<tree.AND object at 0x7fdf1d9e0be0>, 'G'), (<tree.AND object at 0x7fdf1d9e09d0>, 'G'), (<tree.AND object at 0x7fdf1d9ec400>, 'G')]",20,1.3,0.5,20,107,0.1,0.07619151587860948,14.96,5.8,0.43,0,2.5,0,1065657.0,0.0,10
6132396,0.011091822287389518,"[(<tree.AND object at 0x7f6ee08e4970>, 'E')]",20,1.3,0.5,20,206,0.1,0.06636940410164807,48.09,5.8,2.16,0,4.5,0,1065657.0,0.0,10
6320783,0.16676540255896607,"[(<tree.SEQ object at 0x7f2c7130e490>, 'E'), (<tree.SEQ object at 0x7f2c71311f40>, 'E'), (<tree.SEQ object at 0x7f2c71301670>, 'G'), (<tree.SEQ object at 0x7f2c7130a220>, 'G'), (<tree.SEQ object at 0x7f2c71316460>, 'E')]",20,1.3,0.5,20,156,0.1,0.08131654072793672,75.79,5.8,2.0,0,4.5,0,1065657.0,0.0,10
86762,0.31028507298284624,"[(<tree.SEQ object at 0x7effef4d1f10>, 'G')]",20,1.3,0.5,20,92,0.1,0.0853024664452199,9.0,5.8,0.94,0,4.5,0,1065657.0,0.0,10
3204636,0.27551295505958756,[],20,1.3,0.5,20,121,0.1,0.06911685473178197,13.56,5.8,0.73,0,4.0,0,1065657.0,0.0,10
9922355,0.06898415377503947,"[(<tree.AND object at 0x7fd99c4a0280>, 'A'), (<tree.AND object at 0x7fd99c4a0280>, 'A')]",20,1.3,0.5,20,182,0.1,0.06396202375904225,40.93,5.8,1.14,0,4.0,0,1065657.0,0.0,10
4259581,0.03784839997379947,"[(<tree.AND object at 0x7f79dc0cbf70>, 'A'), (<tree.AND object at 0x7f79dc0cb340>, 'G'), (<tree.AND object at 0x7f79dc0c46d0>, 'A'), (<tree.SEQ object at 0x7f79dc0c8130>, 'G'), (<tree.AND object at 0x7f79dc0cb790>, 'E')]",20,1.3,0.5,20,177,0.1,0.057666778914966646,29.24,5.8,1.74,0,3.0,0,1065657.0,0.0,10
2286534,0.2784218350111922,"[(<tree.AND object at 0x7f52b6d7e160>, 'E')]",20,1.3,0.5,20,76,0.1,0.08228472685025282,4.42,5.8,0.86,0,3.5,0,1065657.0,0.0,10
239402,0.28386662270368784,"[(<tree.SEQ object at 0x7f24b4dfdf40>, 'G'), (<tree.SEQ object at 0x7f24b4def580>, 'F')]",20,1.3,0.5,20,143,0.1,0.07275221326430292,42.9,5.8,0.81,0,4.0,0,1065657.0,0.0,10
6172594,0.037389324313921626,"[(<tree.SEQ object at 0x7f54a48a5970>, 'E'), (<tree.SEQ object at 0x7f54a48a9970>, 'G'), (<tree.SEQ object at 0x7f54a48a56a0>, 'E'), (<tree.SEQ object at 0x7f54a48ac460>, 'F')]",20,1.3,0.5,20,113,0.1,0.0714558956620785,15.37,5.8,1.36,0,3.0,0,1065657.0,0.0,10
313195,0.06645041602571322,"[(<tree.AND object at 0x7f1c186ab040>, 'F'), (<tree.SEQ object at 0x7f1c186af610>, 'A'), (<tree.SEQ object at 0x7f1c186b6b20>, 'G')]",20,1.3,0.5,20,134,0.1,0.07306986894096616,17.8,5.8,2.24,0,3.5,0,1065657.0,0.0,10
5133529,0.31410166438767045,"[(<tree.AND object at 0x7f48b6733d60>, 'G'), (<tree.SEQ object at 0x7f48b672ee80>, 'G'), (<tree.AND object at 0x7f48b67331c0>, 'A'), (<tree.AND object at 0x7f48b6737a00>, 'F'), (<tree.AND object at 0x7f48b6730640>, 'A')]",20,1.3,0.5,20,123,0.1,0.08265968092610221,8.05,5.8,1.09,0,4.5,0,1065657.0,0.0,10
5521488,0.01154834743509286,"[(<tree.AND object at 0x7fadb1106280>, 'F')]",20,1.3,0.5,20,161,0.1,0.06317078647801569,20.84,5.8,1.55,0,4.5,0,1065657.0,0.0,10
8906875,0.2877429234675347,"[(<tree.AND object at 0x7f626f691f70>, 'C'), (<tree.SEQ object at 0x7f626f694370>, 'F')]",20,1.3,0.5,20,173,0.1,0.06654623916840316,41.73,5.8,1.04,0,4.5,0,1065657.0,0.0,10
3630031,0.011283396210160728,"[(<tree.SEQ object at 0x7f8ac45ddcd0>, 'G'), (<tree.SEQ object at 0x7f8ac45ddf10>, 'G'), (<tree.AND object at 0x7f8ac45e4490>, 'A'), (<tree.SEQ object at 0x7f8ac45dd910>, 'G')]",20,1.3,0.5,20,190,0.1,0.06993230540885767,46.9,5.8,3.62,0,4.5,0,1065657.0,0.0,10
7034082,0.0076223180001930724,"[(<tree.AND object at 0x7f25a48ad910>, 'F')]",20,1.3,0.5,20,59,0.1,0.08893903573692816,1.03,5.8,1.17,0,2.5,0,1065657.0,0.0,10
4193014,0.2775623092476576,[],20,1.3,0.5,20,97,0.1,0.09358923531445025,5.48,5.8,0.91,0,3.5,0,1065657.0,0.0,10
2211866,0.012651022482008174,"[(<tree.AND object at 0x7f929a09df40>, 'F')]",20,1.3,0.5,20,104,0.1,0.07750431023097351,6.55,5.8,1.7,0,4.5,0,1065657.0,0.0,10
6718256,0.02152178378693155,"[(<tree.AND object at 0x7fe3e60ae520>, 'G')]",20,1.3,0.5,20,121,0.1,0.08038296106019788,21.1,5.8,1.52,0,4.5,0,1065657.0,0.0,10
1850714,0.2753872329676336,[],20,1.3,0.5,20,170,0.1,0.08545657602438694,49.58,5.8,2.03,0,3.5,0,1065657.0,0.0,10
9837962,1.004516223191786,[],20,1.3,0.5,20,198,0.1,0.0744016858618099,54.93,4.6,0.76,0,3.5,0,2967.0,0.0,15
5021815,1.313305390741559,[],20,1.3,0.5,20,121,0.1,0.0842747628814154,11.88,4.6,1.66,0,4.5,0,2967.0,0.0,15
4263931,1.0,[],20,1.3,0.5,20,157,0.1,0.07620832708387852,9.65,4.6,0.75,0,4.5,0,2967.0,0.0,15
7686451,1.0148831440321617,[],20,1.3,0.5,20,269,0.1,0.06400415991637584,45.46,4.6,1.8,0,4.5,0,2967.0,0.0,15
1814910,0.8952539356311993,[],20,1.3,0.5,20,203,0.1,0.0734024808618839,21.07,4.6,0.86,0,4.0,0,2967.0,0.0,15
5892359,1.147833112637595,"[(<tree.AND object at 0x7efc46d80760>, 'E'), (<tree.AND object at 0x7efc46d808b0>, 'E')]",20,1.3,0.5,20,145,0.1,0.06829578760583646,23.97,4.6,2.67,0,4.5,0,2967.0,0.0,15
8922486,1.0856801200477815,"[(<tree.SEQ object at 0x7f4d0a574280>, 'M'), (<tree.SEQ object at 0x7f4d0a57c850>, 'H')]",20,1.3,0.5,20,123,0.1,0.07511975313995292,4.79,4.6,1.62,0,3.5,0,2967.0,0.0,15
2395287,1.0709675290459046,"[(<tree.SEQ object at 0x7f6ed624c220>, 'B'), (<tree.SEQ object at 0x7f6ed624c370>, 'B')]",20,1.3,0.5,20,202,0.1,0.07969541108344859,52.09,4.6,2.26,0,3.5,0,2967.0,0.0,15
2388993,1.0361275963960452,[],20,1.3,0.5,20,172,0.1,0.0735275142555717,18.54,4.6,1.01,0,4.5,0,2967.0,0.0,15
1965315,1.1651826767058344,"[(<tree.AND object at 0x7f85cccd9850>, 'H'), (<tree.AND object at 0x7f85cccefd90>, 'H')]",20,1.3,0.5,20,185,0.1,0.07686093754956172,24.98,4.6,1.28,0,4.5,0,2967.0,0.0,15
2541772,1.0930006599837265,[],20,1.3,0.5,20,180,0.1,0.07423319998392718,29.86,4.6,0.88,0,4.5,0,2967.0,0.0,15
5181916,1.0896528479946073,[],20,1.3,0.5,20,106,0.1,0.08803032025375696,5.41,4.6,0.84,0,3.5,0,2967.0,0.0,15
7548130,1.0,[],20,1.3,0.5,20,218,0.1,0.07782802260245217,50.52,4.6,1.09,0,4.5,0,2967.0,0.0,15
9421124,1.0726985943607863,[],20,1.3,0.5,20,212,0.1,0.08416364606125011,26.02,4.6,2.1,0,4.5,0,2967.0,0.0,15
5428177,1.1746277793865423,"[(<tree.SEQ object at 0x7f3e45d2e190>, 'E'), (<tree.AND object at 0x7f3e45d2e2e0>, 'E')]",20,1.3,0.5,20,109,0.1,0.08171851805621881,3.34,4.6,1.62,0,3.5,0,2967.0,0.0,15
2305561,0.8983707787013481,[],20,1.3,0.5,20,161,0.1,0.07292432419545054,7.94,4.6,1.03,0,4.5,0,2967.0,0.0,15
7733908,1.0,[],20,1.3,0.5,20,219,0.1,0.0753604078733523,53.88,4.6,1.01,0,4.5,0,2967.0,0.0,15
2132839,0.9145030660713173,"[(<tree.AND object at 0x7f1aebf873a0>, 'H')]",20,1.3,0.5,20,228,0.1,0.08164803274691773,52.34,4.6,1.3,0,4.5,0,2967.0,0.0,15
5057771,1.1026871723523528,[],20,1.3,0.5,20,97,0.1,0.0685369541360796,8.43,4.6,0.6,0,3.5,0,2967.0,0.0,15
9751625,1.0,"[(<tree.SEQ object at 0x7f7b2f778730>, 'B')]",20,1.3,0.5,20,128,0.1,0.0811567342418805,6.49,4.6,0.63,0,4.5,0,2967.0,0.0,15
1891984,1.0201280124974699,"[(<tree.SEQ object at 0x7fc190fd8eb0>, 'B'), (<tree.AND object at 0x7fc190fdb040>, 'B')]",20,1.3,0.5,20,179,0.1,0.08205331406697518,16.79,4.6,0.81,0,4.5,0,2967.0,0.0,15
1024210,1.0,[],20,1.3,0.5,20,215,0.1,0.0844431904759243,34.0,4.6,0.99,0,4.5,0,2967.0,0.0,15
6771563,1.0,[],20,1.3,0.5,20,273,0.1,0.07809210448437243,133.4,4.6,1.32,0,4.5,0,2967.0,0.0,15
3184090,1.0787557043923548,[],20,1.3,0.5,20,165,0.1,0.08563150093071156,41.26,4.6,1.69,0,4.5,0,2967.0,0.0,15
6140928,1.1132625229426067,[],20,1.3,0.5,20,103,0.1,0.08528781857054504,5.94,4.6,0.67,0,3.5,0,2967.0,0.0,15
1181372,1.0672926160123208,"[(<tree.AND object at 0x7f234f163190>, 'H')]",20,1.3,0.5,20,180,0.1,0.0813183113238495,10.67,4.6,1.3,0,4.5,0,2967.0,0.0,15
3065558,1.1090003095504908,[],20,1.3,0.5,20,174,0.1,0.06838964954610177,20.58,4.6,1.12,0,3.5,0,2967.0,0.0,15
8304520,1.332825717937811,"[(<tree.SEQ object at 0x7f9d00ea1280>, 'G'), (<tree.AND object at 0x7f9d00e8e8e0>, 'H'), (<tree.SEQ object at 0x7f9d00e8e4f0>, 'H')]",20,1.3,0.5,20,242,0.1,0.07411455883212228,70.95,4.6,3.25,0,4.5,0,2967.0,0.0,15
5968271,1.1555178034060223,[],20,1.3,0.5,20,246,0.1,0.07943994474179823,74.81,4.6,3.37,0,4.5,0,2967.0,0.0,15
5122963,1.0,[],20,1.3,0.5,20,211,0.1,0.08163535570455384,16.71,4.6,2.05,0,4.5,0,2967.0,0.0,15
5767392,1.1790105747289203,[],20,1.3,0.5,20,216,0.1,0.07886858830134663,75.73,4.6,3.52,0,4.0,0,2967.0,0.0,15
8055701,1.191015065533279,[],20,1.3,0.5,20,172,0.1,0.08042779869610575,19.22,4.6,1.1,0,4.5,0,2967.0,0.0,15
1087307,1.0,[],20,1.3,0.5,20,211,0.1,0.07806803773025789,48.08,4.6,0.74,0,3.5,0,2967.0,0.0,15
750046,1.0,"[(<tree.AND object at 0x7f8684eaed30>, 'M')]",20,1.3,0.5,20,205,0.1,0.07953565083448351,19.96,4.6,0.7,0,3.5,0,2967.0,0.0,15
1351985,1.2016517727874114,[],20,1.3,0.5,20,167,0.1,0.0791124541917208,27.16,4.6,1.56,0,3.5,0,2967.0,0.0,15
1109918,1.2129258856262302,[],20,1.3,0.5,20,237,0.1,0.0740011097412159,19.86,4.6,1.71,0,3.5,0,2967.0,0.0,15
8308782,1.0,[],20,1.3,0.5,20,91,0.1,0.09139851549836492,4.65,4.6,0.51,0,3.5,0,2967.0,0.0,15
4417002,1.0258914384044862,"[(<tree.SEQ object at 0x7fd40fb36700>, 'E')]",20,1.3,0.5,20,133,0.1,0.08495234957158242,7.27,4.6,0.45,0,4.5,0,2967.0,0.0,15
2888235,1.008034939211175,[],20,1.3,0.5,20,159,0.1,0.07514294458215168,6.51,4.6,0.86,0,4.5,0,2967.0,0.0,15
8923800,1.054515595368302,[],20,1.3,0.5,20,234,0.1,0.06511095664618097,34.86,4.6,1.68,0,3.5,0,2967.0,0.0,15
7842402,1.187630637682584,[],20,1.3,0.5,20,108,0.1,0.08601365931896375,3.07,4.6,0.89,0,3.5,0,2967.0,0.0,15
5684423,1.0301139801468226,[],20,1.3,0.5,20,210,0.1,0.07264711123495066,43.03,4.6,1.06,0,3.5,0,2967.0,0.0,15
9314397,0.9823168145930281,"[(<tree.SEQ object at 0x7f0f2f5204c0>, 'H'), (<tree.AND object at 0x7f0f2f520610>, 'H'), (<tree.AND object at 0x7f0f2f520610>, 'H')]",20,1.3,0.5,20,175,0.1,0.08621799295645176,12.29,4.6,2.54,0,4.5,0,2967.0,0.0,15
5278805,1.0217871642301621,[],20,1.3,0.5,20,106,0.1,0.08136729002830374,3.71,4.6,0.62,0,3.5,0,2967.0,0.0,15
3120685,1.0212952425209771,"[(<tree.AND object at 0x7fde5a8a2dc0>, 'H'), (<tree.AND object at 0x7fde5a8a2f10>, 'H')]",20,1.3,0.5,20,183,0.1,0.07317993099177947,31.81,4.6,0.97,0,3.5,0,2967.0,0.0,15
1395838,1.0135806733093249,"[(<tree.SEQ object at 0x7f843add5a60>, 'H'), (<tree.AND object at 0x7f843addb190>, 'E')]",20,1.3,0.5,20,159,0.1,0.07654941157484615,15.98,4.6,0.78,0,3.5,0,2967.0,0.0,15
462635,1.151816468941963,[],20,1.3,0.5,20,142,0.1,0.07534802668137498,5.58,4.6,0.85,0,2.5,0,2967.0,0.0,15
2419017,1.1804641307849497,[],20,1.3,0.5,20,194,0.1,0.0761027887461698,29.59,4.6,1.35,0,4.5,0,2967.0,0.0,15
7076767,1.0,[],20,1.3,0.5,20,175,0.1,0.09009866156819141,67.82,4.6,0.76,0,4.5,0,2935.0,0.0,15
6184287,1.047891743342377,"[(<tree.AND object at 0x7f50bcca86d0>, 'H')]",20,1.3,0.5,20,174,0.1,0.07247562223544006,31.1,4.6,0.84,0,3.5,0,2967.0,0.0,15
7949945,0.04329904462187073,[],20,1.3,0.5,20,264,0.1,0.07290308782981286,2126.66,4.6,0.79,0,4.0,0,3491868.0,0.0,20
8662286,0.014419407510348477,[],20,1.3,0.5,20,171,0.1,0.08812695653479188,9.61,4.6,0.8,0,4.5,0,3492120.0,0.0,20
8534175,0.001206109295684975,"[(<tree.AND object at 0x7f10d79a5460>, 'R')]",20,1.3,0.5,20,277,0.1,0.07593881220984075,65.15,4.6,1.57,0,3.5,0,3492103.0,0.0,20
3423867,0.8177549926237095,"[(<tree.SEQ object at 0x7f6dba045f70>, 'H')]",20,1.3,0.5,20,136,0.1,0.07847321399004867,601.24,4.6,1.38,0,3.5,0,3491814.0,0.0,20
9401914,1.2862043964551142,"[(<tree.AND object at 0x7f66af999f70>, 'F'), (<tree.SEQ object at 0x7f66af9a2190>, 'F'), (<tree.AND object at 0x7f66af99b7f0>, 'F')]",20,1.3,0.5,20,33,0.1,1.0,0.8,4.15,0.67,0,1.5,0,9232.0,0.0,6
1902982,1.0,"[(<tree.AND object at 0x7f390c0c9cd0>, 'E')]",20,1.3,0.5,20,90,0.1,0.06663914025992518,14.88,4.15,0.25,0,4.5,0,9232.0,0.0,6
991601,1.0,"[(<tree.SEQ object at 0x7f2be991ba60>, 'E')]",20,1.3,0.5,20,52,0.1,0.074259716419391,1.7,4.15,0.2,0,3.5,0,9232.0,0.0,6
9656805,1.0,"[(<tree.AND object at 0x7fbd21b74fd0>, 'F'), (<tree.AND object at 0x7fbd21b7e250>, 'E'), (<tree.AND object at 0x7fbd21b77b20>, 'F'), (<tree.AND object at 0x7fbd21b77d60>, 'F')]",20,1.3,0.5,20,74,0.1,0.07014388612588998,8.99,4.15,0.18,0,3.5,0,9232.0,0.0,6
9918677,1.0,"[(<tree.AND object at 0x7fca453a8eb0>, 'E'), (<tree.AND object at 0x7fca453ad550>, 'E'), (<tree.AND object at 0x7fca453a8eb0>, 'E')]",20,1.3,0.5,20,60,0.1,0.06390071818781165,4.82,4.15,0.15,0,3.5,0,9232.0,0.0,6
9641522,1.279176489258966,"[(<tree.AND object at 0x7f178e196130>, 'F')]",20,1.3,0.5,20,41,0.1,0.05393985873915496,0.65,4.15,0.42,0,2.5,0,9232.0,0.0,6
580871,0.6473058036368622,"[(<tree.SEQ object at 0x7fb7828c0910>, 'F'), (<tree.SEQ object at 0x7fb782933fa0>, 'E'), (<tree.SEQ object at 0x7fb7828c0730>, 'F')]",20,1.3,0.5,20,78,0.1,0.05916264829465791,11.32,4.15,0.89,0,3.5,0,9232.0,0.0,6
596401,1.9070855130962494,"[(<tree.AND object at 0x7fbd8a34a130>, 'F'), (<tree.AND object at 0x7fbd8a350070>, 'F')]",20,1.3,0.5,20,29,0.1,0.06838428176145275,0.34,4.15,0.78,0,1.5,0,9232.0,0.0,6
2362150,1.0,"[(<tree.AND object at 0x7fba25f0bbb0>, 'E')]",20,1.3,0.5,20,30,0.1,0.09532847348343564,0.56,4.15,0.14,0,2.5,0,9232.0,0.0,6
2154630,1.0,"[(<tree.SEQ object at 0x7f7df6d6adc0>, 'E'), (<tree.SEQ object at 0x7f7df6d6adc0>, 'E'), (<tree.AND object at 0x7f7df6d6a370>, 'E'), (<tree.AND object at 0x7f7df6d709d0>, 'B'), (<tree.AND object at 0x7f7df6d70c10>, 'B'), (<tree.SEQ object at 0x7f7df6d6adc0>, 'E')]",20,1.3,0.5,20,89,0.1,0.0458452265990245,10.55,4.15,0.21,0,4.5,0,9232.0,0.0,6
9077801,1.0,"[(<tree.AND object at 0x7fb004aa3460>, 'F'), (<tree.AND object at 0x7fb004aa0f40>, 'F')]",20,1.3,0.5,20,57,0.1,0.06762472589833177,4.81,4.15,0.14,0,4.5,0,9232.0,0.0,6
9900931,1.4353275359862434,"[(<tree.SEQ object at 0x7f7780d1b4c0>, 'E'), (<tree.SEQ object at 0x7f7780d1b610>, 'E'), (<tree.AND object at 0x7f7780d1e6d0>, 'F'), (<tree.AND object at 0x7f7780d1bb80>, 'E'), (<tree.AND object at 0x7f7780d21e50>, 'F'), (<tree.SEQ object at 0x7f7780d1e340>, 'F'), (<tree.SEQ object at 0x7f7780d1e490>, 'F')]",20,1.3,0.5,20,45,0.1,0.06424141445502085,1.54,4.15,0.77,0,2.5,0,9232.0,0.0,6
8116440,0.9880166542948411,"[(<tree.AND object at 0x7f42ebee42b0>, 'E'), (<tree.SEQ object at 0x7f42ebee08b0>, 'F'), (<tree.SEQ object at 0x7f42ebee0a00>, 'F'), (<tree.AND object at 0x7f42ebedd790>, 'F')]",20,1.3,0.5,20,56,0.1,0.06936577951322756,2.51,4.15,0.93,0,2.5,0,9232.0,0.0,6
6533550,1.0,"[(<tree.AND object at 0x7f9070ae55b0>, 'E'), (<tree.SEQ object at 0x7f9070ae5700>, 'E'), (<tree.AND object at 0x7f9070ae55b0>, 'E'), (<tree.SEQ object at 0x7f9070ae5700>, 'E'), (<tree.AND object at 0x7f9070ae55b0>, 'E'), (<tree.AND object at 0x7f9070ae89d0>, 'E')]",20,1.3,0.5,20,49,0.1,0.09482608069563679,4.32,4.15,0.14,0,3.5,0,9232.0,0.0,6
1160995,1.0,"[(<tree.AND object at 0x7f054573a9a0>, 'F'), (<tree.AND object at 0x7f054573ab50>, 'F')]",20,1.3,0.5,20,64,0.1,0.08696860018337328,9.76,4.15,0.15,0,4.5,0,9232.0,0.0,6
9453064,1.033362218370884,"[(<tree.SEQ object at 0x7efd0311f040>, 'E'), (<tree.AND object at 0x7efd0311d310>, 'E'), (<tree.AND object at 0x7efd0311d9d0>, 'F')]",20,1.3,0.5,20,51,0.1,0.053332400905067016,1.53,4.15,0.29,0,3.5,0,9232.0,0.0,6
7328883,1.0,"[(<tree.SEQ object at 0x7f2c50e98ac0>, 'F')]",20,1.3,0.5,20,56,0.1,0.05112991745607305,3.24,4.15,0.21,0,3.5,0,9232.0,0.0,6
2359470,1.0,"[(<tree.AND object at 0x7fe657130880>, 'F'), (<tree.AND object at 0x7fe6571309d0>, 'F'), (<tree.AND object at 0x7fe6571309d0>, 'F'), (<tree.AND object at 0x7fe6571309d0>, 'F'), (<tree.AND object at 0x7fe6571309d0>, 'F'), (<tree.AND object at 0x7fe65713a250>, 'F'), (<tree.AND object at 0x7fe6571309d0>, 'F'), (<tree.SEQ object at 0x7fe657132e50>, 'F')]",20,1.3,0.5,20,58,0.1,0.09954483793424487,5.17,4.15,0.1,0,1.5,0,9232.0,0.0,6
3675519,1.0,"[(<tree.AND object at 0x7fc79e72aa00>, 'E'), (<tree.SEQ object at 0x7fc79e72d250>, 'E'), (<tree.AND object at 0x7fc79e72dd30>, 'E')]",20,1.3,0.5,20,56,0.1,0.09271965036948354,6.35,4.15,0.22,0,4.5,0,9232.0,0.0,6
7097374,1.0,"[(<tree.AND object at 0x7f4d92f5e340>, 'F')]",20,1.3,0.5,20,47,0.1,0.08239873257048896,0.9,4.15,0.1,0,1.5,0,9232.0,0.0,6
7082455,1.0,"[(<tree.SEQ object at 0x7fa78b715280>, 'E')]",20,1.3,0.5,20,40,0.1,0.06684226878232996,0.71,4.15,0.17,0,3.5,0,9232.0,0.0,6
3532528,1.338258947446295,"[(<tree.AND object at 0x7f1118f1d400>, 'F'), (<tree.SEQ object at 0x7f1118f1d5b0>, 'F')]",20,1.3,0.5,20,47,0.1,0.06329519989186316,1.77,4.15,0.88,0,1.5,0,9232.0,0.0,6
5609216,1.0,[],20,1.3,0.5,20,54,0.1,0.05309967853641667,1.49,4.15,0.27,0,3.5,0,9232.0,0.0,6
3606900,1.0,"[(<tree.AND object at 0x7f9afa97ea60>, 'E'), (<tree.AND object at 0x7f9afa9095e0>, 'E'), (<tree.AND object at 0x7f9afa97ea60>, 'E'), (<tree.AND object at 0x7f9afa9095e0>, 'E'), (<tree.AND object at 0x7f9afa901250>, 'F')]",20,1.3,0.5,20,85,0.1,0.06837142744213433,15.16,4.15,0.22,0,3.5,0,9232.0,0.0,6
3303484,1.0,"[(<tree.SEQ object at 0x7f22018ad130>, 'B')]",20,1.3,0.5,20,62,0.1,0.0818193096022268,4.45,4.15,0.13,0,2.5,0,9232.0,0.0,6
9225150,1.0,"[(<tree.SEQ object at 0x7fd9b450d2b0>, 'F'), (<tree.SEQ object at 0x7fd9b4511850>, 'F')]",20,1.3,0.5,20,39,0.1,0.051306073064845616,0.76,4.15,0.17,0,2.5,0,9232.0,0.0,6
4222718,1.0,"[(<tree.SEQ object at 0x7fc744d9dd90>, 'E'), (<tree.AND object at 0x7fc744da31f0>, 'E'), (<tree.AND object at 0x7fc744da3b20>, 'F'), (<tree.AND object at 0x7fc744da62e0>, 'F'), (<tree.AND object at 0x7fc744d9d7f0>, 'F')]",20,1.3,0.5,20,46,0.1,0.07120942584082668,1.37,4.15,0.26,0,3.5,0,9232.0,0.0,6
7825631,1.0,"[(<tree.AND object at 0x7fcda84e2fa0>, 'E'), (<tree.AND object at 0x7fcda84ec340>, 'F'), (<tree.AND object at 0x7fcda84ec340>, 'F'), (<tree.AND object at 0x7fcda84ec340>, 'F'), (<tree.AND object at 0x7fcda84e2fa0>, 'E'), (<tree.SEQ object at 0x7fcda84e6880>, 'F')]",20,1.3,0.5,20,52,0.1,0.07497633760422233,4.2,4.15,0.21,0,3.5,0,9232.0,0.0,6
6931977,1.0,"[(<tree.AND object at 0x7f4840f76490>, 'F'), (<tree.AND object at 0x7f4840f76490>, 'F'), (<tree.AND object at 0x7f4840f79fd0>, 'F'), (<tree.AND object at 0x7f4840f79fd0>, 'F'), (<tree.SEQ object at 0x7f4840f73af0>, 'E')]",20,1.3,0.5,20,77,0.1,0.05339993303345565,3.43,4.15,0.18,0,3.5,0,9232.0,0.0,6
735166,1.0,"[(<tree.SEQ object at 0x7f803b9b5df0>, 'F'), (<tree.SEQ object at 0x7f803b9b5df0>, 'F'), (<tree.SEQ object at 0x7f803b9b5df0>, 'F'), (<tree.SEQ object at 0x7f803b9b61c0>, 'E'), (<tree.SEQ object at 0x7f803b9ba520>, 'F')]",20,1.3,0.5,20,79,0.1,0.05704512731006914,4.04,4.15,0.24,0,3.5,0,9232.0,0.0,6
2770859,1.0,"[(<tree.AND object at 0x7f93b43e3580>, 'E'), (<tree.AND object at 0x7f93b43e6970>, 'F'), (<tree.AND object at 0x7f93b43e6970>, 'F')]",20,1.3,0.5,20,44,0.1,0.08700017042730301,2.38,4.15,0.18,0,2.5,0,9232.0,0.0,6
2132971,1.0,"[(<tree.SEQ object at 0x7f4344a9b4c0>, 'F'), (<tree.SEQ object at 0x7f4344a9b4c0>, 'F'), (<tree.SEQ object at 0x7f4344a9eee0>, 'F')]",20,1.3,0.5,20,54,0.1,0.08369321470291524,2.66,4.15,0.18,0,3.5,0,9232.0,0.0,6
8100133,1.0,"[(<tree.SEQ object at 0x7f8fbcb0f8e0>, 'E')]",20,1.3,0.5,20,96,0.1,0.0753307081598604,32.77,4.15,0.19,0,4.5,0,9232.0,0.0,6
113605,1.0,[],20,1.3,0.5,20,36,0.1,1.0,0.45,4.15,0.12,0,1.5,0,9232.0,0.0,6
8762086,1.0,"[(<tree.AND object at 0x7fb01d2c2910>, 'E'), (<tree.SEQ object at 0x7fb01d33e550>, 'F')]",20,1.3,0.5,20,79,0.1,0.058872721136630626,31.09,4.15,0.25,0,3.5,0,9232.0,0.0,6
3817583,1.0,[],20,1.3,0.5,20,50,0.1,0.05732808188489861,1.67,4.15,0.15,0,2.5,0,9232.0,0.0,6
1703958,1.0,"[(<tree.AND object at 0x7f80a489d730>, 'F'), (<tree.AND object at 0x7f80a489d880>, 'F'), (<tree.AND object at 0x7f80a48a0a90>, 'E')]",20,1.3,0.5,20,50,0.1,0.08307214123542918,0.98,4.15,0.22,0,3.5,0,9232.0,0.0,6
9763757,1.0,"[(<tree.AND object at 0x7fc3e279ec10>, 'E'), (<tree.SEQ object at 0x7fc3e279a7f0>, 'E')]",20,1.3,0.5,20,43,0.1,0.07502578983387737,0.9,4.15,0.15,0,2.5,0,9232.0,0.0,6
361363,1.0,[],20,1.3,0.5,20,53,0.1,0.07829227222396003,4.16,4.15,0.16,0,3.5,0,9232.0,0.0,6
8104599,1.0,"[(<tree.SEQ object at 0x7fbd28317280>, 'F'), (<tree.SEQ object at 0x7fbd2831a250>, 'E'), (<tree.SEQ object at 0x7fbd283211f0>, 'F'), (<tree.AND object at 0x7fbd28314910>, 'F'), (<tree.SEQ object at 0x7fbd28317d30>, 'E'), (<tree.SEQ object at 0x7fbd28317ee0>, 'E'), (<tree.AND object at 0x7fbd28314910>, 'F'), (<tree.SEQ object at 0x7fbd2831ef40>, 'F')]",20,1.3,0.5,20,51,0.1,0.06084828535692711,1.51,4.15,0.2,0,2.5,0,9232.0,0.0,6
7336519,1.0,"[(<tree.AND object at 0x7f90bc58f820>, 'F'), (<tree.AND object at 0x7f90bc59d3d0>, 'B'), (<tree.AND object at 0x7f90bc59d520>, 'E'), (<tree.AND object at 0x7f90bc59da00>, 'F'), (<tree.SEQ object at 0x7f90bc591130>, 'F'), (<tree.AND object at 0x7f90bc594280>, 'F')]",20,1.3,0.5,20,100,0.1,0.07731036488524584,20.32,4.15,0.3,0,4.5,0,9232.0,0.0,6
5639704,1.0,"[(<tree.AND object at 0x7ff9ea135340>, 'F'), (<tree.SEQ object at 0x7ff9ea1382b0>, 'E'), (<tree.SEQ object at 0x7ff9ea0c0250>, 'E')]",20,1.3,0.5,20,72,0.1,0.060150466544201635,4.45,4.15,0.21,0,3.5,0,9232.0,0.0,6
5439432,1.0,"[(<tree.AND object at 0x7ff326bb91c0>, 'E'), (<tree.SEQ object at 0x7ff326bb9ca0>, 'E')]",20,1.3,0.5,20,73,0.1,0.08033870019862732,10.98,4.15,0.22,0,4.5,0,9232.0,0.0,6
1406670,1.0,"[(<tree.SEQ object at 0x7f859ed1a850>, 'E'), (<tree.SEQ object at 0x7f859ed1abb0>, 'F'), (<tree.SEQ object at 0x7f859ed1a850>, 'E')]",20,1.3,0.5,20,45,0.1,0.06626870537089913,2.01,4.15,0.15,0,3.5,0,9232.0,0.0,6
2629853,1.0,"[(<tree.AND object at 0x7f7ecab7f430>, 'F'), (<tree.AND object at 0x7f7ecab04790>, 'B'), (<tree.AND object at 0x7f7ecab048e0>, 'B'), (<tree.AND object at 0x7f7ecab04790>, 'B'), (<tree.AND object at 0x7f7ecab048e0>, 'B'), (<tree.AND object at 0x7f7ecab0b280>, 'F'), (<tree.AND object at 0x7f7ecab7feb0>, 'F'), (<tree.AND object at 0x7f7ecab7feb0>, 'F')]",20,1.3,0.5,20,83,0.1,0.06086817329116434,42.42,4.15,0.34,0,4.5,0,9232.0,0.0,6
3715165,1.0,"[(<tree.SEQ object at 0x7feab27eeac0>, 'E')]",20,1.3,0.5,20,62,0.1,0.07271195362698948,3.15,4.15,0.19,0,2.5,0,9232.0,0.0,6
1596962,1.0,"[(<tree.AND object at 0x7fb0361a6550>, 'F'), (<tree.SEQ object at 0x7fb0361a66a0>, 'F'), (<tree.AND object at 0x7fb0361a1d00>, 'B'), (<tree.AND object at 0x7fb0361a1d00>, 'B'), (<tree.AND object at 0x7fb0361a9700>, 'E'), (<tree.SEQ object at 0x7fb0361ad8e0>, 'E')]",20,1.3,0.5,20,52,0.1,0.0825301352965244,3.01,4.15,0.19,0,3.5,0,9232.0,0.0,6
1439451,1.0366593991956585,"[(<tree.AND object at 0x7f95faa8f820>, 'F'), (<tree.AND object at 0x7f95faa8f970>, 'F'), (<tree.AND object at 0x7f95faa92dc0>, 'E'), (<tree.SEQ object at 0x7f95faa8fdf0>, 'E')]",20,1.3,0.5,20,37,0.1,0.06200832643517462,0.43,4.15,0.56,0,2.5,0,9232.0,0.0,6
967761,1.0,"[(<tree.AND object at 0x7f2bad0a6e50>, 'F'), (<tree.SEQ object at 0x7f2bad0aff40>, 'F'), (<tree.AND object at 0x7f2bad0b33d0>, 'E'), (<tree.AND object at 0x7f2bad0a6a90>, 'E'), (<tree.SEQ object at 0x7f2bad0af160>, 'F'), (<tree.AND object at 0x7f2bad0af760>, 'F')]",20,1.3,0.5,20,63,0.1,0.05617295833789005,2.43,4.15,0.19,0,3.5,0,9232.0,0.0,6
9966580,1.0,"[(<tree.AND object at 0x7f80dc71f7f0>, 'F'), (<tree.AND object at 0x7f80dc7226d0>, 'E'), (<tree.AND object at 0x7f80dc726130>, 'E')]",20,1.3,0.5,20,56,0.1,0.09027794242992479,3.19,4.15,0.18,0,3.5,0,9232.0,0.0,6
3378313,0.07376908279785536,[],20,1.3,0.5,20,23,0.1,0.08482036978210636,0.09,4.0,0.88,0,0.5,0,1832475.0,0.0,10
7317340,0.07200977444928665,[],20,1.3,0.5,20,31,0.1,0.09281160452632468,0.28,4.0,0.62,0,2.0,0,1832475.0,0.0,10
4143961,0.07533162271800871,"[(<tree.SEQ object at 0x7f141a1b75e0>, 'H')]",20,1.3,0.5,20,22,0.1,0.0803158828461239,0.2,4.0,0.83,0,1.0,0,1832475.0,0.0,10
4253363,0.07160861676148378,[],20,1.3,0.5,20,25,0.1,0.09180109852545058,0.22,4.0,0.67,0,2.5,0,1832475.0,0.0,10
3726280,0.05392566145056975,"[(<tree.AND object at 0x7fb8fd109760>, 'H'), (<tree.AND object at 0x7fb8fd109e80>, 'H'), (<tree.SEQ object at 0x7fb8fd113d60>, 'A')]",20,1.3,0.5,20,64,0.1,0.0567832303909086,1.84,4.0,0.71,0,2.5,0,1832475.0,0.0,10
2066420,0.0744059314243627,"[(<tree.SEQ object at 0x7faaa3714ee0>, 'H'), (<tree.SEQ object at 0x7faaa3721910>, 'H'), (<tree.AND object at 0x7faaa3721b50>, 'H'), (<tree.SEQ object at 0x7faaa37214c0>, 'H')]",20,1.3,0.5,20,55,0.1,0.07512157003996577,2.46,4.0,1.08,0,3.5,0,1832475.0,0.0,10
1687800,0.06921882080978405,"[(<tree.SEQ object at 0x7f7a27d33c70>, 'A'), (<tree.SEQ object at 0x7f7a27d33c70>, 'A'), (<tree.SEQ object at 0x7f7a27d2dc70>, 'A')]",20,1.3,0.5,20,25,0.1,0.08179143423588955,0.34,4.0,0.57,0,1.5,0,1832475.0,0.0,10
216189,0.07288830679818278,[],20,1.3,0.5,20,30,0.1,0.07946010351194807,0.14,4.0,0.69,0,1.5,0,1832475.0,0.0,10
5142351,0.07405095542543806,[],20,1.3,0.5,20,31,0.1,0.06651336153155855,0.25,4.0,0.76,0,1.5,0,1832475.0,0.0,10
8314766,0.0738161250035345,"[(<tree.SEQ object at 0x7fbb0b3cfc70>, 'H')]",20,1.3,0.5,20,58,0.1,0.062412532336719694,1.28,4.0,0.82,0,3.5,0,1832475.0,0.0,10
3613762,0.07300363963295607,"[(<tree.SEQ object at 0x7f90b90cd160>, 'H')]",20,1.3,0.5,20,34,0.1,0.08682369052053267,1.07,4.0,0.87,0,2.5,0,1832475.0,0.0,10
4853718,0.0707436663528834,[],20,1.3,0.5,20,29,0.1,0.08553708644934077,0.4,4.0,0.55,0,1.5,0,1832475.0,0.0,10
4274621,0.06024756519114152,"[(<tree.AND object at 0x7fbc55d03640>, 'H')]",20,1.3,0.5,20,49,0.1,0.0643902796517693,1.12,4.0,0.63,0,3.5,0,1832475.0,0.0,10
5067802,0.037847719614183005,[],20,1.3,0.5,20,21,0.1,0.0982956750731259,0.12,4.0,0.68,0,0.5,0,1832475.0,0.0,10
986809,0.0489509021054644,"[(<tree.SEQ object at 0x7f6f4b044c10>, 'H')]",20,1.3,0.5,20,59,0.1,0.06254353454133786,1.61,4.0,0.77,0,2.5,0,1832475.0,0.0,10
3133262,0.07310165117294998,"[(<tree.SEQ object at 0x7fe4a4cee1f0>, 'H')]",20,1.3,0.5,20,22,0.1,0.07355657895945572,0.1,4.0,0.82,0,1.0,0,1832475.0,0.0,10
2271793,0.07406149358398986,"[(<tree.SEQ object at 0x7f440293c3a0>, 'H'), (<tree.SEQ object at 0x7f44028c4070>, 'H'), (<tree.AND object at 0x7f44028c07c0>, 'H'), (<tree.SEQ object at 0x7f44029394f0>, 'H')]",20,1.3,0.5,20,36,0.1,0.06399202028868897,0.84,4.0,1.21,0,2.5,0,1832475.0,0.0,10
2126626,0.07191257725207711,[],20,1.3,0.5,20,32,0.1,0.07456307657131464,0.22,4.0,0.65,0,3.5,0,1832475.0,0.0,10
2571560,0.07386877635930889,"[(<tree.SEQ object at 0x7f05ea97ff70>, 'A'), (<tree.AND object at 0x7f05ea907550>, 'A'), (<tree.SEQ object at 0x7f05ea97ff70>, 'A'), (<tree.AND object at 0x7f05ea9041c0>, 'H')]",20,1.3,0.5,20,41,0.1,0.06968337939882208,0.99,4.0,0.87,0,3.5,0,1832475.0,0.0,10
880263,0.07313278489474617,[],20,1.3,0.5,20,23,0.1,0.06013158423272556,0.08,4.0,0.72,0,0.5,0,1832475.0,0.0,10
4341045,0.05519970510562946,[],20,1.3,0.5,20,37,0.1,0.0817457965855233,0.43,4.0,0.48,0,2.0,0,1832475.0,0.0,10
764851,0.07345510314608258,"[(<tree.SEQ object at 0x7f5b04913e50>, 'H'), (<tree.AND object at 0x7f5b0491a550>, 'H')]",20,1.3,0.5,20,68,0.1,0.06304715972598082,1.0,4.0,0.79,0,2.5,0,1832475.0,0.0,10
2509185,0.07389799441980172,"[(<tree.SEQ object at 0x7f6adeb785b0>, 'J')]",20,1.3,0.5,20,30,0.1,0.07589873697763401,0.21,4.0,0.89,0,1.5,0,1832475.0,0.0,10
199527,0.05213348258800503,"[(<tree.AND object at 0x7f5ce092f310>, 'H')]",20,1.3,0.5,20,24,0.1,0.07987099549690617,0.13,4.0,0.79,0,1.0,0,1832475.0,0.0,10
2724193,0.07753684890687554,"[(<tree.AND object at 0x7f1555487250>, 'A'), (<tree.SEQ object at 0x7f1555484100>, 'A')]",20,1.3,0.5,20,51,0.1,0.07035396395883901,1.55,4.0,0.73,0,2.5,0,1832475.0,0.0,10
6855314,0.07448150621074213,"[(<tree.SEQ object at 0x7f459bcf5d30>, 'H')]",20,1.3,0.5,20,27,0.1,0.09565427078381328,0.44,4.0,0.74,0,1.0,0,1832475.0,0.0,10
6316476,0.07353333606188352,[],20,1.3,0.5,20,24,0.1,0.07906220013090878,0.14,4.0,0.83,0,0.5,0,1832475.0,0.0,10
9400906,0.07349571823269097,"[(<tree.AND object at 0x7f383f8cebe0>, 'H')]",20,1.3,0.5,20,43,0.1,0.07554075222738016,0.9,4.0,0.86,0,2.5,0,1832475.0,0.0,10
60325,0.07439469073054931,[],20,1.3,0.5,20,21,0.1,0.08078504208461153,0.11,4.0,0.72,0,1.0,0,1832475.0,0.0,10
3594302,0.08445186846819777,"[(<tree.AND object at 0x7f7080575ac0>, 'H'), (<tree.SEQ object at 0x7f70804febe0>, 'H'), (<tree.AND object at 0x7f708057beb0>, 'H'), (<tree.AND object at 0x7f708057beb0>, 'H'), (<tree.AND object at 0x7f708057b8b0>, 'H')]",20,1.3,0.5,20,37,0.1,0.0733377879620148,0.44,4.0,0.8,0,2.5,0,1832475.0,0.0,10
153653,0.07539348723596775,"[(<tree.SEQ object at 0x7f5cc6b00280>, 'A'), (<tree.AND object at 0x7f5cc6b780d0>, 'A')]",20,1.3,0.5,20,29,0.1,0.06496913202689539,0.28,4.0,0.78,0,2.5,0,1832475.0,0.0,10
1152108,0.07356596868981012,"[(<tree.SEQ object at 0x7f335e902520>, 'H')]",20,1.3,0.5,20,36,0.1,0.07753097468580125,0.57,4.0,0.86,0,2.5,0,1832475.0,0.0,10
9648910,0.28758384666504855,"[(<tree.SEQ object at 0x7f33ee1b7550>, 'J'), (<tree.AND object at 0x7f33ee1b77f0>, 'C')]",20,1.3,0.5,20,27,0.1,0.07640221704301163,0.21,4.0,1.16,0,1.5,0,1832475.0,0.0,10
572813,0.07428187998139854,"[(<tree.AND object at 0x7f4d1e6b13a0>, 'H')]",20,1.3,0.5,20,24,0.1,0.08306475614827327,0.22,4.0,0.93,0,1.0,0,1832475.0,0.0,10
3671852,0.07238101933934192,"[(<tree.SEQ object at 0x7f27e7da6be0>, 'H'), (<tree.SEQ object at 0x7f27e7da6be0>, 'H')]",20,1.3,0.5,20,27,0.1,0.08123222577976792,0.2,4.0,0.65,0,2.5,0,1832475.0,0.0,10
4683341,0.0736288353183536,[],20,1.3,0.5,20,22,0.1,0.08578310423851998,0.15,4.0,0.82,0,0.5,0,1832475.0,0.0,10
6649221,0.0759508893413584,"[(<tree.SEQ object at 0x7fe9800b7d00>, 'H'), (<tree.SEQ object at 0x7fe9800b3a00>, 'A')]",20,1.3,0.5,20,36,0.1,0.06754484517545256,0.33,4.0,0.97,0,2.5,0,1832475.0,0.0,10
1055668,0.0738310263354976,[],20,1.3,0.5,20,55,0.1,0.07795712772815588,1.07,4.0,0.83,0,3.5,0,1832475.0,0.0,10
2940155,0.07714086372716913,"[(<tree.AND object at 0x7f45168d6c10>, 'H'), (<tree.AND object at 0x7f45168d9130>, 'H'), (<tree.SEQ object at 0x7f45168d9a90>, 'A')]",20,1.3,0.5,20,79,0.1,0.07006831518649914,2.95,4.0,0.81,0,3.5,0,1832475.0,0.0,10
6672016,0.07344968743192898,[],20,1.3,0.5,20,29,0.1,0.08593990649912274,0.46,4.0,0.85,0,2.0,0,1832475.0,0.0,10
8346586,0.07227383729655247,"[(<tree.SEQ object at 0x7fa6d8f71a60>, 'J'), (<tree.AND object at 0x7fa6d8f71ca0>, 'H')]",20,1.3,0.5,20,25,0.1,0.0868021819678727,0.14,4.0,0.82,0,2.5,0,1832475.0,0.0,10
87127,0.0565739187710619,"[(<tree.SEQ object at 0x7f6ad2339250>, 'H')]",20,1.3,0.5,20,31,0.1,0.08137104302921744,0.39,4.0,0.7,0,2.0,0,1832475.0,0.0,10
7190760,0.07281681878333947,[],20,1.3,0.5,20,28,0.1,0.09020637534809528,0.18,4.0,0.64,0,1.5,0,1832475.0,0.0,10
6337749,0.40604804955912244,"[(<tree.AND object at 0x7f5d4fe87c70>, 'H'), (<tree.SEQ object at 0x7f5d4fe85b20>, 'H'), (<tree.AND object at 0x7f5d4fe873a0>, 'F')]",20,1.3,0.5,20,47,0.1,0.09550168500533712,0.52,4.0,0.97,0,3.5,0,1832475.0,0.0,10
5195451,0.07359792498984173,"[(<tree.SEQ object at 0x7f5054fad100>, 'A')]",20,1.3,0.5,20,31,0.1,0.0692340965807157,0.15,4.0,0.83,0,1.0,0,1832475.0,0.0,10
2844313,0.060557459524241665,"[(<tree.AND object at 0x7f11eaf59e80>, 'A'), (<tree.SEQ object at 0x7f11eaf51760>, 'H'), (<tree.AND object at 0x7f11eaf519a0>, 'H'), (<tree.AND object at 0x7f11eaf4dbe0>, 'A'), (<tree.AND object at 0x7f11eaf4d910>, 'A')]",20,1.3,0.5,20,64,0.1,0.08117748164414701,3.11,4.0,0.74,0,3.5,0,1832475.0,0.0,10
4366264,0.072342982916387,"[(<tree.SEQ object at 0x7f84bf29bdc0>, 'A')]",20,1.3,0.5,20,24,0.1,0.08218864165349983,0.11,4.0,0.64,0,1.0,0,1832475.0,0.0,10
9673194,0.07528442499539234,[],20,1.3,0.5,20,39,0.1,0.061642542554035056,0.57,4.0,0.71,0,4.5,0,1832475.0,0.0,10
7470267,0.07299144599517046,"[(<tree.AND object at 0x7f567b2e8670>, 'H'), (<tree.SEQ object at 0x7f567b2e88b0>, 'H')]",20,1.3,0.5,20,27,0.1,0.06801065316000404,0.11,4.0,0.66,0,1.5,0,1832475.0,0.0,10
4700780,1.2535111128942262,"[(<tree.AND object at 0x7ff8dcebca30>, 'D')]",20,1.3,0.5,20,115,0.1,0.08503493074929099,6.71,5.35,0.74,0,3.5,0,350087.0,0.0,15
6736599,0.963242888189281,"[(<tree.AND object at 0x7f44a971a910>, 'F'), (<tree.AND object at 0x7f44a971c9a0>, 'K'), (<tree.AND object at 0x7f44a972a5e0>, 'G'), (<tree.SEQ object at 0x7f44a971f520>, 'H'), (<tree.SEQ object at 0x7f44a971f160>, 'H'), (<tree.SEQ object at 0x7f44a97238b0>, 'G')]",20,1.3,0.5,20,101,0.1,0.0808606872152809,2.22,5.35,0.6,0,3.5,0,350087.0,0.0,15
1376586,1.076325292151927,"[(<tree.AND object at 0x7f3fe677df40>, 'M'), (<tree.SEQ object at 0x7f3fe6713460>, 'F'), (<tree.SEQ object at 0x7f3fe670a220>, 'A'), (<tree.SEQ object at 0x7f3fe6703fd0>, 'F')]",20,1.3,0.5,20,237,0.1,0.0796947617219562,20.76,5.35,1.3,0,4.5,0,350087.0,0.0,15
3619089,0.6139929991661853,"[(<tree.AND object at 0x7fc8360daa60>, 'F'), (<tree.SEQ object at 0x7fc8360d6e20>, 'K'), (<tree.AND object at 0x7fc8360e2a60>, 'A'), (<tree.SEQ object at 0x7fc8360da4f0>, 'F'), (<tree.SEQ object at 0x7fc8360da790>, 'F')]",20,1.3,0.5,20,144,0.1,0.06786423862867977,9.09,5.35,1.54,0,3.5,0,350087.0,0.0,15
6886118,0.2629099609767442,"[(<tree.SEQ object at 0x7f306932f2e0>, 'D'), (<tree.SEQ object at 0x7f306932c160>, 'D'), (<tree.AND object at 0x7f306932c700>, 'G'), (<tree.SEQ object at 0x7f30693333d0>, 'G')]",20,1.3,0.5,20,121,0.1,0.07233957009861629,4.65,5.35,1.08,0,4.5,0,350087.0,0.0,15
5290154,0.3456253703769173,"[(<tree.SEQ object at 0x7fc8380c3730>, 'D'), (<tree.SEQ object at 0x7fc8380d5ca0>, 'K'), (<tree.AND object at 0x7fc8380c9190>, 'D'), (<tree.SEQ object at 0x7fc8380d55e0>, 'D')]",20,1.3,0.5,20,146,0.1,0.07669004361615528,10.94,5.35,1.53,0,4.5,0,350087.0,0.0,15
6035418,1.038165190134129,"[(<tree.AND object at 0x7f01c96d50a0>, 'K'), (<tree.AND object at 0x7f01c96d5940>, 'G'), (<tree.AND object at 0x7f01c96dcc10>, 'F'), (<tree.AND object at 0x7f01c96d39a0>, 'K'), (<tree.AND object at 0x7f01c96d3be0>, 'K')]",20,1.3,0.5,20,66,0.1,0.0777822453154247,1.84,5.35,0.39,0,2.5,0,350087.0,0.0,15
8124915,0.5241751982180617,"[(<tree.AND object at 0x7f7786f65100>, 'F'), (<tree.SEQ object at 0x7f7786f73a30>, 'K'), (<tree.SEQ object at 0x7f7786f65820>, 'F'), (<tree.AND object at 0x7f7786f65100>, 'F'), (<tree.AND object at 0x7f7786f63e50>, 'F'), (<tree.AND object at 0x7f7786f6bac0>, 'D')]",20,1.3,0.5,20,86,0.1,0.07314552552703611,4.84,5.35,1.29,0,4.5,0,350087.0,0.0,15
4642240,0.7299078379351162,"[(<tree.SEQ object at 0x7faa32e81bb0>, 'F'), (<tree.SEQ object at 0x7faa32efc7f0>, 'O'), (<tree.AND object at 0x7faa32e85a60>, 'F'), (<tree.SEQ object at 0x7faa32ef6d60>, 'K')]",20,1.3,0.5,20,138,0.1,0.08736969609496131,8.05,5.35,0.83,0,4.5,0,350087.0,0.0,15
5655346,0.09281500339462356,"[(<tree.SEQ object at 0x7f84de3f2970>, 'K'), (<tree.AND object at 0x7f84de3838b0>, 'L'), (<tree.AND object at 0x7f84de3f67f0>, 'G'), (<tree.AND object at 0x7f84de3f90a0>, 'F'), (<tree.AND object at 0x7f84de383e80>, 'G'), (<tree.SEQ object at 0x7f84de3f2400>, 'D')]",20,1.3,0.5,20,115,0.1,0.06577120777680592,7.93,5.35,2.33,0,4.0,0,350087.0,0.0,15
2940871,0.08190314325450382,"[(<tree.SEQ object at 0x7f201924a190>, 'G'), (<tree.SEQ object at 0x7f2019246ca0>, 'G'), (<tree.AND object at 0x7f2019244fd0>, 'D'), (<tree.SEQ object at 0x7f201924d550>, 'F'), (<tree.AND object at 0x7f2019244b80>, 'D')]",20,1.3,0.5,20,144,0.1,0.0894983312090774,14.46,5.35,1.28,0,4.0,0,350087.0,0.0,15
4573452,0.17974941209995743,"[(<tree.AND object at 0x7f7a60ea9e50>, 'O'), (<tree.SEQ object at 0x7f7a60e9d490>, 'G'), (<tree.AND object at 0x7f7a60ea9b80>, 'O')]",20,1.3,0.5,20,93,0.1,0.07286569286508891,2.93,5.35,0.48,0,4.5,0,350087.0,0.0,15
36566,0.986854456402473,"[(<tree.AND object at 0x7f14f2cc2310>, 'K'), (<tree.SEQ object at 0x7f14f2d3ca30>, 'K'), (<tree.AND object at 0x7f14f2cc2a00>, 'K'), (<tree.AND object at 0x7f14f2d3f4f0>, 'F')]",20,1.3,0.5,20,113,0.1,0.08908935501369147,8.91,5.35,1.35,0,3.5,0,350087.0,0.0,15
7378311,1.0446876656543655,"[(<tree.AND object at 0x7f29ac9ed250>, 'K'), (<tree.SEQ object at 0x7f29ac9f5670>, 'G')]",20,1.3,0.5,20,120,0.1,0.07801697402538334,4.8,5.35,0.93,0,3.5,0,350087.0,0.0,15
4266561,0.36557083997579504,"[(<tree.AND object at 0x7f24f20cc4f0>, 'G'), (<tree.AND object at 0x7f24f20c4e80>, 'D'), (<tree.AND object at 0x7f24f20c7a00>, 'G'), (<tree.SEQ object at 0x7f24f20c7e50>, 'G')]",20,1.3,0.5,20,156,0.1,0.0786857239769877,8.12,5.35,1.07,0,3.5,0,350087.0,0.0,15
8459902,0.12278966033876489,"[(<tree.AND object at 0x7f091f6c70d0>, 'K'), (<tree.SEQ object at 0x7f091f73f070>, 'G'), (<tree.SEQ object at 0x7f091f73f1c0>, 'G')]",20,1.3,0.5,20,126,0.1,0.07961285825156346,9.94,5.35,1.24,0,3.0,0,350087.0,0.0,15
381908,1.169766128087411,"[(<tree.SEQ object at 0x7fbcc19daa30>, 'K'), (<tree.SEQ object at 0x7fbcc19e38b0>, 'K'), (<tree.SEQ object at 0x7fbcc19e3a00>, 'K'), (<tree.SEQ object at 0x7fbcc19d7ee0>, 'D')]",20,1.3,0.5,20,77,0.1,0.0795485356933075,2.33,5.35,0.28,0,1.5,0,350087.0,0.0,15
4859598,1.4521276859721004,"[(<tree.SEQ object at 0x7f1593b6cbe0>, 'K'), (<tree.SEQ object at 0x7f1593b6c940>, 'K'), (<tree.SEQ object at 0x7f1593b78520>, 'F'), (<tree.SEQ object at 0x7f1593b6c520>, 'K'), (<tree.AND object at 0x7f1593b780d0>, 'F'), (<tree.AND object at 0x7f1593b5ed90>, 'K')]",20,1.3,0.5,20,152,0.1,0.07662245606532062,29.66,5.35,1.67,0,4.5,0,350087.0,0.0,15
1475544,1.5256515615067978,"[(<tree.SEQ object at 0x7fefc0f75f40>, 'F'), (<tree.SEQ object at 0x7fefc0f79d30>, 'F'), (<tree.SEQ object at 0x7fefc0f79e80>, 'F')]",20,1.3,0.5,20,115,0.1,0.07864381781636885,5.77,5.35,1.19,0,4.5,0,350087.0,0.0,15
3581465,0.3592870473817636,"[(<tree.AND object at 0x7f514a8efc70>, 'G'), (<tree.AND object at 0x7f514a8f8940>, 'K'), (<tree.SEQ object at 0x7f514a8e2760>, 'K'), (<tree.AND object at 0x7f514a8e29a0>, 'K'), (<tree.AND object at 0x7f514a8e5130>, 'K')]",20,1.3,0.5,20,169,0.1,0.07599509939014462,26.54,5.35,1.17,0,4.5,0,350087.0,0.0,15
426474,0.7851044457790484,"[(<tree.AND object at 0x7fdde78cddf0>, 'K'), (<tree.AND object at 0x7fdde78d8400>, 'K'), (<tree.SEQ object at 0x7fdde78dc430>, 'D'), (<tree.AND object at 0x7fdde78d8c10>, 'D'), (<tree.AND object at 0x7fdde78d8f40>, 'D'), (<tree.SEQ object at 0x7fdde78d4550>, 'G')]",20,1.3,0.5,20,136,0.1,0.07690119455999828,15.87,5.35,2.07,0,3.5,0,350087.0,0.0,15
5285631,0.969219524435456,"[(<tree.SEQ object at 0x7f8cac369250>, 'G'), (<tree.SEQ object at 0x7f8cac36c970>, 'F'), (<tree.AND object at 0x7f8cac36cbb0>, 'F'), (<tree.AND object at 0x7f8cac36c070>, 'K'), (<tree.AND object at 0x7f8cac373cd0>, 'G')]",20,1.3,0.5,20,103,0.1,0.07493359433880448,3.22,5.35,1.23,0,3.5,0,350087.0,0.0,15
3080113,1.1227624545004804,"[(<tree.SEQ object at 0x7f7d0f1e7dc0>, 'K'), (<tree.SEQ object at 0x7f7d0f1e7f10>, 'K')]",20,1.3,0.5,20,120,0.1,0.07767011092780604,10.26,5.35,0.3,0,3.5,0,350087.0,0.0,15
1401685,0.36631854562462546,"[(<tree.SEQ object at 0x7f640d56cf10>, 'K'), (<tree.AND object at 0x7f640d574040>, 'F')]",20,1.3,0.5,20,185,0.1,0.07638268990004303,15.69,5.35,1.21,0,3.0,0,350087.0,0.0,15
8763062,1.0787648426945173,"[(<tree.SEQ object at 0x7f2ea5ca0be0>, 'G'), (<tree.AND object at 0x7f2ea5ca3070>, 'K'), (<tree.SEQ object at 0x7f2ea5c99130>, 'A'), (<tree.AND object at 0x7f2ea5c9c7c0>, 'K'), (<tree.AND object at 0x7f2ea5ca3a30>, 'F'), (<tree.AND object at 0x7f2ea5ca3a30>, 'F'), (<tree.SEQ object at 0x7f2ea5c9cf40>, 'F'), (<tree.AND object at 0x7f2ea5ca00d0>, 'F')]",20,1.3,0.5,20,85,0.1,0.07739589121088175,2.52,5.35,0.96,0,3.5,0,349884.0,0.0,15
1010859,0.7325282283594855,"[(<tree.SEQ object at 0x7f22acfbe1f0>, 'K'), (<tree.SEQ object at 0x7f22acfb1970>, 'G'), (<tree.AND object at 0x7f22acfb3f70>, 'K'), (<tree.AND object at 0x7f22acfba820>, 'F')]",20,1.3,0.5,20,117,0.1,0.06815428486383264,7.3,5.35,1.4,0,4.5,0,350087.0,0.0,15
9884912,1.111549858294624,"[(<tree.AND object at 0x7faafdea9f10>, 'K'), (<tree.SEQ object at 0x7faafdeb41c0>, 'G')]",20,1.3,0.5,20,97,0.1,0.0697632060105362,9.0,5.35,0.73,0,4.5,0,350087.0,0.0,15
3358197,1.1529256343919523,"[(<tree.SEQ object at 0x7f06260b7df0>, 'G'), (<tree.SEQ object at 0x7f063cf90370>, 'F'), (<tree.AND object at 0x7f0625dc0820>, 'K'), (<tree.SEQ object at 0x7f0625dc7a90>, 'F'), (<tree.SEQ object at 0x7f063cf90370>, 'F')]",20,1.3,0.5,20,125,0.1,0.08534180276557544,9.89,5.35,1.35,0,3.5,0,350087.0,0.0,15
4726969,0.042345185020698575,"[(<tree.AND object at 0x7f97466d6b50>, 'G')]",20,1.3,0.5,20,87,0.1,0.08376677930136142,4.65,5.35,1.56,0,3.0,0,350087.0,0.0,15
6436892,1.1334158993339356,"[(<tree.SEQ object at 0x7f34361e35b0>, 'D'), (<tree.AND object at 0x7f34361e1340>, 'F'), (<tree.SEQ object at 0x7f34361e8160>, 'D')]",20,1.3,0.5,20,91,0.1,0.09035176425752466,5.02,5.35,1.58,0,3.5,0,350087.0,0.0,15
7861191,1.01758862092998,"[(<tree.SEQ object at 0x7fed35b7fac0>, 'F'), (<tree.AND object at 0x7fed35b795e0>, 'K'), (<tree.AND object at 0x7fed35b03a30>, 'D'), (<tree.SEQ object at 0x7fed35b7c820>, 'D'), (<tree.SEQ object at 0x7fed35b76700>, 'K')]",20,1.3,0.5,20,115,0.1,0.07859687462297872,6.0,5.35,0.95,0,3.5,0,350087.0,0.0,15
1239923,0.8793264682791917,"[(<tree.AND object at 0x7f51e9cb99d0>, 'F')]",20,1.3,0.5,20,128,0.1,0.06985220036136888,24.28,5.35,1.4,0,4.0,0,350087.0,0.0,15
739776,0.37028254447545245,"[(<tree.AND object at 0x7fadd56a35e0>, 'K'), (<tree.SEQ object at 0x7fadd569ffd0>, 'K'), (<tree.AND object at 0x7fadd56a3370>, 'K'), (<tree.AND object at 0x7fadd5694580>, 'F'), (<tree.AND object at 0x7fadd569fc10>, 'K')]",20,1.3,0.5,20,130,0.1,0.08121035305840779,18.5,5.35,2.57,0,4.5,0,350087.0,0.0,15
1440042,0.34522010182572077,"[(<tree.SEQ object at 0x7f15bb19a040>, 'O'), (<tree.AND object at 0x7f15bb197ac0>, 'D'), (<tree.AND object at 0x7f15bb194c40>, 'K'), (<tree.SEQ object at 0x7f15bb19ec10>, 'D'), (<tree.AND object at 0x7f15bb1a21c0>, 'G'), (<tree.AND object at 0x7f15bb1a2370>, 'G'), (<tree.AND object at 0x7f15bb1a2ca0>, 'G')]",20,1.3,0.5,20,165,0.1,0.06842988577244571,21.0,5.35,2.3,0,4.5,0,350087.0,0.0,15
8823712,0.37717794098155394,"[(<tree.SEQ object at 0x7f4e1f738550>, 'D'), (<tree.SEQ object at 0x7f4e1f72df10>, 'K'), (<tree.SEQ object at 0x7f4e1f72afa0>, 'K'), (<tree.SEQ object at 0x7f4e1f7319d0>, 'F'), (<tree.SEQ object at 0x7f4e1f738b80>, 'D')]",20,1.3,0.5,20,111,0.1,0.08250952298900818,11.4,5.35,0.92,0,3.5,0,350087.0,0.0,15
8423273,1.2173924822954123,"[(<tree.SEQ object at 0x7fd2fff888e0>, 'F'), (<tree.AND object at 0x7fd2fff8edf0>, 'K'), (<tree.SEQ object at 0x7fd2fff92b20>, 'D')]",20,1.3,0.5,20,67,0.1,0.08780858698450837,1.85,5.35,1.4,0,2.5,0,350087.0,0.0,15
462583,1.0003442134011777,"[(<tree.AND object at 0x7f636cacd520>, 'F'), (<tree.AND object at 0x7f636cacdbb0>, 'F'), (<tree.AND object at 0x7f636cad91c0>, 'D'), (<tree.SEQ object at 0x7f636cad9370>, 'G'), (<tree.SEQ object at 0x7f636cad95b0>, 'G'), (<tree.AND object at 0x7f636cacd100>, 'K')]",20,1.3,0.5,20,143,0.1,0.08118910625856776,22.23,5.35,0.67,0,4.5,0,350087.0,0.0,15
9963399,0.5983686762670426,"[(<tree.SEQ object at 0x7f9c2db71ca0>, 'O'), (<tree.SEQ object at 0x7f9c2db795e0>, 'F'), (<tree.SEQ object at 0x7f9c2db79730>, 'F')]",20,1.3,0.5,20,99,0.1,0.0795847064331429,8.77,5.35,1.88,0,4.5,0,350087.0,0.0,15
1769117,0.5785371671881632,"[(<tree.AND object at 0x7fbc59784310>, 'O'), (<tree.SEQ object at 0x7fbc597f6580>, 'K'), (<tree.AND object at 0x7fbc597fdca0>, 'K'), (<tree.AND object at 0x7fbc597fafd0>, 'F'), (<tree.SEQ object at 0x7fbc597f4e80>, 'K'), (<tree.SEQ object at 0x7fbc597f6160>, 'K'), (<tree.AND object at 0x7fbc597fa4c0>, 'K'), (<tree.SEQ object at 0x7fbc597f4b50>, 'K')]",20,1.3,0.5,20,111,0.1,0.07993676784925004,4.84,5.35,1.41,0,3.5,0,350087.0,0.0,15
3979372,1.7646197995390145,[],20,1.3,0.5,20,70,0.1,0.09063416303556196,4.4,5.35,1.0,0,3.5,0,350087.0,0.0,15
8450015,0.3959328055692262,"[(<tree.AND object at 0x7f16d658c550>, 'D'), (<tree.AND object at 0x7f16d6598e80>, 'F'), (<tree.AND object at 0x7f16d658c550>, 'D'), (<tree.SEQ object at 0x7f16d6589b20>, 'K'), (<tree.AND object at 0x7f16d6598c10>, 'F'), (<tree.SEQ object at 0x7f16d6591880>, 'K')]",20,1.3,0.5,20,143,0.1,0.07452022676520431,10.06,5.35,0.9,0,3.5,0,350087.0,0.0,15
9118677,0.361391255504811,"[(<tree.SEQ object at 0x7fe585cd5730>, 'K'), (<tree.AND object at 0x7fe585cda0d0>, 'D'), (<tree.SEQ object at 0x7fe585cd5160>, 'K')]",20,1.3,0.5,20,100,0.1,0.078053318616265,4.73,5.35,1.52,0,3.0,0,350087.0,0.0,15
8621488,1.113481734121859,"[(<tree.SEQ object at 0x7fc43e0d7d00>, 'F'), (<tree.SEQ object at 0x7fc43e0d7e50>, 'F'), (<tree.SEQ object at 0x7fc43e0d08b0>, 'G')]",20,1.3,0.5,20,135,0.1,0.0740110936686513,10.72,5.35,0.75,0,4.5,0,350087.0,0.0,15
7785569,1.0009766791913854,"[(<tree.AND object at 0x7fdf6d311ac0>, 'K'), (<tree.SEQ object at 0x7fdf6d3167f0>, 'K')]",20,1.3,0.5,20,77,0.1,0.07034952718936682,3.38,5.35,0.53,0,2.5,0,350087.0,0.0,15
5855561,1.0594038025585535,"[(<tree.AND object at 0x7f9a2ef21190>, 'K'), (<tree.SEQ object at 0x7f9a2ef275e0>, 'D'), (<tree.AND object at 0x7f9a2ef24550>, 'F')]",20,1.3,0.5,20,95,0.1,0.06973820042258325,6.82,5.35,0.68,0,3.5,0,350087.0,0.0,15
3259551,0.9671183025780008,"[(<tree.SEQ object at 0x7efc95e91700>, 'F'), (<tree.SEQ object at 0x7efc95e91100>, 'G')]",20,1.3,0.5,20,160,0.1,0.06874316630501137,19.18,5.35,1.16,0,4.0,0,350087.0,0.0,15
2333180,0.9495140112049095,"[(<tree.SEQ object at 0x7f6fe0c81520>, 'K'), (<tree.AND object at 0x7f6fe0cf9640>, 'K'), (<tree.AND object at 0x7f6fe0c85d30>, 'K')]",20,1.3,0.5,20,174,0.1,0.07232771287309601,27.08,5.35,1.84,0,4.5,0,350087.0,0.0,15
1273081,1.0658257443636343,"[(<tree.SEQ object at 0x7f7b2809b820>, 'G'), (<tree.AND object at 0x7f7b28096a00>, 'O'), (<tree.AND object at 0x7f7b2809beb0>, 'K')]",20,1.3,0.5,20,89,0.1,0.07220117999404778,3.13,5.35,1.01,0,3.5,0,350087.0,0.0,15
2675559,0.7765702312700049,"[(<tree.SEQ object at 0x7f50d1ed02e0>, 'O'), (<tree.AND object at 0x7f50d1ec34f0>, 'D'), (<tree.AND object at 0x7f50d1ec5190>, 'F')]",20,1.3,0.5,20,137,0.1,0.08095923186162757,17.57,5.35,1.88,0,4.5,0,350087.0,0.0,15
6918477,1.4073623387326664,"[(<tree.AND object at 0x7fda3eb728e0>, 'A'), (<tree.SEQ object at 0x7fda3eb78b80>, 'G'), (<tree.SEQ object at 0x7fda3eb78cd0>, 'G'), (<tree.SEQ object at 0x7fda3eb78070>, 'M'), (<tree.AND object at 0x7fda3eb785b0>, 'K'), (<tree.AND object at 0x7fda3eb78700>, 'K'), (<tree.AND object at 0x7fda3eb72370>, 'G')]",20,1.3,0.5,20,56,0.1,0.08765350891931412,0.9,5.35,1.81,0,2.5,0,350087.0,0.0,15
113976,0.016610786411793938,"[(<tree.AND object at 0x7f00af5283a0>, 'T'), (<tree.SEQ object at 0x7f00af525d30>, 'Q'), (<tree.SEQ object at 0x7f00af51b9a0>, 'I'), (<tree.AND object at 0x7f00af51bfd0>, 'Q')]",20,1.3,0.5,20,83,0.1,0.07855813346049992,3.44,4.025,1.54,0,3.5,0,1551176.0,0.0,20
8516877,0.045950990958108326,"[(<tree.SEQ object at 0x7f3455b684c0>, 'T'), (<tree.AND object at 0x7f3455b68d90>, 'J')]",20,1.3,0.5,20,147,0.1,0.08395358737446795,6.89,4.025,1.94,0,3.5,0,1551240.0,0.0,20
1906596,0.010321131812951786,"[(<tree.SEQ object at 0x7f676152e8b0>, 'Q'), (<tree.AND object at 0x7f676151b0a0>, 'S'), (<tree.SEQ object at 0x7f6761518d00>, 'S'), (<tree.SEQ object at 0x7f6761526df0>, 'J'), (<tree.SEQ object at 0x7f6761529070>, 'J')]",20,1.3,0.5,20,223,0.1,0.07379336396213544,52.71,4.025,3.33,0,4.5,0,1549410.0,0.0,20
3390887,0.240156736260084,[],20,1.3,0.5,20,153,0.1,0.08109218919243832,29.26,4.025,1.16,0,3.5,0,1551212.0,0.0,20
1175893,0.21378130467218423,[],20,1.3,0.5,20,125,0.1,0.08238825257400305,15.63,4.025,0.77,0,3.5,0,1551240.0,0.0,20
4750980,0.2479252286147515,"[(<tree.SEQ object at 0x7f29e729eee0>, 'L'), (<tree.SEQ object at 0x7f29e72a7250>, 'S'), (<tree.AND object at 0x7f29e72a7a60>, 'J')]",20,1.3,0.5,20,156,0.1,0.08093598577993835,14.09,4.025,1.26,0,3.5,0,1551240.0,0.0,20
8309670,0.21487234440868017,"[(<tree.AND object at 0x7f00b489c370>, 'A')]",20,1.3,0.5,20,144,0.1,0.07347510783740568,24.36,4.025,1.2,0,3.5,0,1551120.0,0.0,20
1535307,0.04110680621729875,"[(<tree.AND object at 0x7fa315521af0>, 'L'), (<tree.SEQ object at 0x7fa315524e50>, 'T')]",20,1.3,0.5,20,155,0.1,0.08703150296559561,8.62,4.025,1.53,0,4.0,0,1551240.0,0.0,20
616377,0.05226019528079441,"[(<tree.SEQ object at 0x7f88e2e9ac40>, 'L'), (<tree.SEQ object at 0x7f88e2e9e490>, 'Q'), (<tree.SEQ object at 0x7f88e2ea2160>, 'L'), (<tree.SEQ object at 0x7f88e2e9e490>, 'Q'), (<tree.SEQ object at 0x7f88e2e9e5e0>, 'Q'), (<tree.SEQ object at 0x7f88e2e9eb20>, 'L'), (<tree.SEQ object at 0x7f88e2e9ed60>, 'L'), (<tree.SEQ object at 0x7f88e2ea6130>, 'Q'), (<tree.AND object at 0x7f88e2e8fdc0>, 'L'), (<tree.AND object at 0x7f88e2e91340>, 'L')]",20,1.3,0.5,20,144,0.1,0.08107408753240582,12.26,4.025,1.62,0,3.5,0,1551240.0,0.0,20
2200848,0.013913914883139554,"[(<tree.AND object at 0x7efc0b7d4fd0>, 'O'), (<tree.SEQ object at 0x7efc0b7c1070>, 'L')]",20,1.3,0.5,20,230,0.1,0.08155346447380973,25.38,4.025,1.34,0,3.5,0,1551240.0,0.0,20
5097923,0.21522688862732833,"[(<tree.SEQ object at 0x7f639ba98610>, 'P')]",20,1.3,0.5,20,145,0.1,0.07823095746963274,15.14,4.025,1.48,0,4.0,0,1551240.0,0.0,20
9430241,0.021178153758525563,"[(<tree.SEQ object at 0x7f36aa05d490>, 'S')]",20,1.3,0.5,20,131,0.1,0.07875223709039561,9.63,4.025,2.36,0,4.5,0,1551240.0,0.0,20
5209084,0.24412763820464634,"[(<tree.SEQ object at 0x7faf3c173c40>, 'J'), (<tree.SEQ object at 0x7faf3c173c40>, 'J')]",20,1.3,0.5,20,81,0.1,0.08827486831513653,2.81,4.025,0.95,0,3.5,0,1551240.0,0.0,20
1344927,0.044679745565355776,"[(<tree.SEQ object at 0x7f1fffca1910>, 'Q')]",20,1.3,0.5,20,154,0.1,0.07662298457401381,13.58,4.025,1.91,0,3.5,0,1551240.0,0.0,20
9628219,0.041778182764724614,"[(<tree.SEQ object at 0x7f8ad459b8e0>, 'A'), (<tree.AND object at 0x7f8ad459ba90>, 'D')]",20,1.3,0.5,20,145,0.1,0.07685279306674961,8.54,4.025,1.9,0,4.5,0,1551240.0,0.0,20
1180931,0.012537418288603521,"[(<tree.AND object at 0x7fc3807d5f10>, 'L')]",20,1.3,0.5,20,207,0.1,0.07614780488856045,36.95,4.025,1.78,0,3.5,0,1551240.0,0.0,20
3455184,0.011061103797539266,"[(<tree.AND object at 0x7fcfc58b5d90>, 'L')]",20,1.3,0.5,20,200,0.1,0.07058065803506833,47.05,4.025,1.42,0,3.5,0,1551240.0,0.0,20
8400053,0.008881819810784373,"[(<tree.AND object at 0x7f1cf7478730>, 'L'), (<tree.SEQ object at 0x7f1cf747ca90>, 'L')]",20,1.3,0.5,20,264,0.1,0.07205333692783092,59.67,4.025,1.96,0,4.0,0,1551240.0,0.0,20
5581567,0.04369718001178617,"[(<tree.SEQ object at 0x7fba878510a0>, 'L'), (<tree.SEQ object at 0x7fba8784ee80>, 'L'), (<tree.SEQ object at 0x7fba8784ec70>, 'L')]",20,1.3,0.5,20,139,0.1,0.08248748924055269,23.5,4.025,0.75,0,4.5,0,1551240.0,0.0,20
5827927,0.013212121970728073,"[(<tree.SEQ object at 0x7f696b6a2490>, 'O'), (<tree.AND object at 0x7f696b6a5370>, 'L')]",20,1.3,0.5,20,154,0.1,0.0713513897188418,6.09,4.025,0.8,0,4.0,0,1551240.0,0.0,20
1971539,0.2117061846631866,"[(<tree.AND object at 0x7f2624cb38b0>, 'A'), (<tree.SEQ object at 0x7f2624cb7760>, 'S')]",20,1.3,0.5,20,182,0.1,0.08117281210131652,9.58,4.025,0.92,0,3.5,0,1551240.0,0.0,20
8767051,0.23971508272221356,"[(<tree.SEQ object at 0x7fa2218a6fa0>, 'S'), (<tree.SEQ object at 0x7fa2218a9df0>, 'J'), (<tree.AND object at 0x7fa2218b1580>, 'S'), (<tree.SEQ object at 0x7fa2218a6a00>, 'S')]",20,1.3,0.5,20,153,0.1,0.07994728238321483,4.8,4.025,1.41,0,3.5,0,1551240.0,0.0,20
7919869,0.013381993372280259,"[(<tree.SEQ object at 0x7fd848cfe730>, 'C'), (<tree.SEQ object at 0x7fd848c89a90>, 'S'), (<tree.AND object at 0x7fd848c89130>, 'L'), (<tree.SEQ object at 0x7fd848cf7b50>, 'S'), (<tree.SEQ object at 0x7fd848cf7d30>, 'S')]",20,1.3,0.5,20,181,0.1,0.08043941079631305,14.79,4.025,2.27,0,4.5,0,1551240.0,0.0,20
9056801,0.09180162269414671,"[(<tree.SEQ object at 0x7f3ff08ebc10>, 'S'), (<tree.SEQ object at 0x7f3ff08f7610>, 'T'), (<tree.SEQ object at 0x7f3ff08f09a0>, 'T'), (<tree.AND object at 0x7f3ff08f70d0>, 'Q'), (<tree.SEQ object at 0x7f3ff08f32e0>, 'Q'), (<tree.AND object at 0x7f3ff08f3430>, 'L'), (<tree.SEQ object at 0x7f3ff08ffb20>, 'Q'), (<tree.AND object at 0x7f3ff08ffc70>, 'Q')]",20,1.3,0.5,20,161,0.1,0.07829113820837258,7.35,4.025,0.81,0,4.5,0,1551240.0,0.0,20
2269430,0.2509659859654481,"[(<tree.AND object at 0x7f79ba057a00>, 'T')]",20,1.3,0.5,20,131,0.1,0.08017580539796756,9.26,4.025,0.66,0,3.5,0,1551240.0,0.0,20
4416358,0.2403584690385932,"[(<tree.SEQ object at 0x7fb2c675d670>, 'L')]",20,1.3,0.5,20,149,0.1,0.07610093736214008,8.07,4.025,1.26,0,3.5,0,1551240.0,0.0,20
5714904,0.05670295065097457,"[(<tree.SEQ object at 0x7f5b22063f40>, 'Q'), (<tree.SEQ object at 0x7f5b2205ca00>, 'L'), (<tree.SEQ object at 0x7f5b2204afd0>, 'T'), (<tree.AND object at 0x7f5b2205c250>, 'L'), (<tree.AND object at 0x7f5b22063490>, 'Q'), (<tree.AND object at 0x7f5b22063640>, 'Q'), (<tree.AND object at 0x7f5b22063490>, 'Q'), (<tree.AND object at 0x7f5b22063640>, 'Q')]",20,1.3,0.5,20,226,0.1,0.07205746801151958,30.5,4.025,1.49,0,4.5,0,1551240.0,0.0,20
3528417,0.22055358859136115,"[(<tree.AND object at 0x7f9947190be0>, 'O'), (<tree.SEQ object at 0x7f994719bd90>, 'S'), (<tree.SEQ object at 0x7f994719ba30>, 'S'), (<tree.SEQ object at 0x7f9947198760>, 'L'), (<tree.SEQ object at 0x7f99471988b0>, 'L'), (<tree.AND object at 0x7f99471a73d0>, 'L')]",20,1.3,0.5,20,238,0.1,0.07949113360434175,35.47,4.025,2.9,0,4.0,0,1551240.0,0.0,20
5139614,0.006049619353213683,"[(<tree.SEQ object at 0x7f472aa4bb50>, 'T'), (<tree.SEQ object at 0x7f472aa4d7c0>, 'T'), (<tree.AND object at 0x7f472aa581f0>, 'L'), (<tree.AND object at 0x7f472aa58430>, 'L'), (<tree.AND object at 0x7f472aa55370>, 'L')]",20,1.3,0.5,20,135,0.1,0.0778550218201543,11.02,4.025,1.65,0,4.5,0,1551240.0,0.0,20
1597764,0.02452582965424797,"[(<tree.SEQ object at 0x7fa9aab1ea30>, 'F'), (<tree.AND object at 0x7fa9aab23d60>, 'A'), (<tree.SEQ object at 0x7fa9aab326d0>, 'L'), (<tree.SEQ object at 0x7fa9aab27af0>, 'S'), (<tree.SEQ object at 0x7fa9aab32c40>, 'Q')]",20,1.3,0.5,20,153,0.1,0.07305467430548193,8.33,4.025,2.45,0,4.0,0,1551240.0,0.0,20
4141303,0.013445342976607315,"[(<tree.SEQ object at 0x7ff9af4ae940>, 'L'), (<tree.SEQ object at 0x7ff9af4ab490>, 'L'), (<tree.AND object at 0x7ff9af4b2cd0>, 'O'), (<tree.AND object at 0x7ff9af4b5370>, 'J'), (<tree.AND object at 0x7ff9af4bd310>, 'Q'), (<tree.SEQ object at 0x7ff9af4ae160>, 'A')]",20,1.3,0.5,20,192,0.1,0.0756169263729548,11.11,4.025,1.87,0,3.5,0,1551240.0,0.0,20
1158312,0.0767904870531809,"[(<tree.AND object at 0x7f0802fac670>, 'F'), (<tree.AND object at 0x7f0802fac8b0>, 'F'), (<tree.AND object at 0x7f0802fb3640>, 'J'), (<tree.AND object at 0x7f0802fbb730>, 'Q')]",20,1.3,0.5,20,177,0.1,0.07956232699792364,22.03,4.025,2.12,0,4.0,0,1551240.0,0.0,20
992443,0.20855712750715819,"[(<tree.SEQ object at 0x7f5c790ecd30>, 'Q'), (<tree.SEQ object at 0x7f5c790ecb50>, 'Q')]",20,1.3,0.5,20,252,0.1,0.07961848217672711,42.62,4.025,2.29,0,3.5,0,1551240.0,0.0,20
4987814,0.2509943268565349,"[(<tree.SEQ object at 0x7f24bf2801f0>, 'Q')]",20,1.3,0.5,20,123,0.1,0.08689548468182708,5.49,4.025,1.02,0,3.5,0,1551240.0,0.0,20
4706293,0.012569290557925775,"[(<tree.SEQ object at 0x7ff8c3cb2850>, 'L'), (<tree.SEQ object at 0x7ff8c3cb2850>, 'L'), (<tree.AND object at 0x7ff8c3cb8dc0>, 'L'), (<tree.AND object at 0x7ff8c3c475b0>, 'J'), (<tree.AND object at 0x7ff8c3c4c7f0>, 'L')]",20,1.3,0.5,20,189,0.1,0.07481264114226827,18.99,4.025,1.94,0,4.0,0,1551240.0,0.0,20
7488342,0.127552236901251,"[(<tree.SEQ object at 0x7f5cd09083d0>, 'T'), (<tree.SEQ object at 0x7f5cd097c640>, 'S'), (<tree.SEQ object at 0x7f5cd090f580>, 'Q'), (<tree.SEQ object at 0x7f5cd0912220>, 'J'), (<tree.SEQ object at 0x7f5cd090f580>, 'Q'), (<tree.AND object at 0x7f5cd097c370>, 'S'), (<tree.SEQ object at 0x7f5cd090f160>, 'J'), (<tree.AND object at 0x7f5cd090f3a0>, 'J'), (<tree.SEQ object at 0x7f5cd09003a0>, 'J'), (<tree.SEQ object at 0x7f5cd090be50>, 'J')]",20,1.3,0.5,20,198,0.1,0.08032328045338358,23.27,4.025,2.61,0,3.5,0,1551240.0,0.0,20
254345,0.04906476782749525,[],20,1.3,0.5,20,227,0.1,0.07475995514325856,17.26,4.025,1.73,0,4.5,0,1551240.0,0.0,20
5290883,0.039813353988029945,"[(<tree.AND object at 0x7f8b4265d130>, 'L')]",20,1.3,0.5,20,232,0.1,0.0864874550740022,39.83,4.025,2.04,0,4.0,0,1551055.0,0.0,20
9276631,0.04832248118819362,"[(<tree.SEQ object at 0x7f85a5146520>, 'T'), (<tree.AND object at 0x7f85a5143f70>, 'T'), (<tree.SEQ object at 0x7f85a5155ca0>, 'J'), (<tree.AND object at 0x7f85a51511c0>, 'L')]",20,1.3,0.5,20,200,0.1,0.06539771061726816,39.13,4.025,1.83,0,3.5,0,1551240.0,0.0,20
6112181,0.009758091457829687,"[(<tree.SEQ object at 0x7fc81f482340>, 'J'), (<tree.SEQ object at 0x7fc81f485970>, 'L'), (<tree.AND object at 0x7fc81f485fd0>, 'J')]",20,1.3,0.5,20,131,0.1,0.0843099177175396,16.99,4.025,1.43,0,3.5,0,1467376.0,0.0,20
1687751,0.042511581988027194,[],20,1.3,0.5,20,194,0.1,0.07149340239109639,21.46,4.025,1.09,0,3.0,0,1551240.0,0.0,20
1153597,0.00884179664423797,"[(<tree.AND object at 0x7ff8bfc8fbe0>, 'Q'), (<tree.AND object at 0x7ff8bfc8f250>, 'Q')]",20,1.3,0.5,20,202,0.1,0.0761525715805996,14.55,4.025,2.61,0,4.5,0,1551225.0,0.0,20
3861150,0.008464111416522537,"[(<tree.AND object at 0x7fdd2f2f3d60>, 'L'), (<tree.SEQ object at 0x7fdd2f2fd550>, 'A')]",20,1.3,0.5,20,197,0.1,0.077666004684866,39.85,4.025,1.51,0,3.0,0,1550904.0,0.0,20
5747160,0.015029455241348097,"[(<tree.SEQ object at 0x7fc07679dfa0>, 'S'), (<tree.AND object at 0x7fc076799310>, 'A')]",20,1.3,0.5,20,159,0.1,0.07314858336231544,21.2,4.025,1.89,0,4.0,0,1551225.0,0.0,20
5393460,0.008573623428293814,"[(<tree.AND object at 0x7f205b341cd0>, 'O'), (<tree.AND object at 0x7f205b3414c0>, 'L'), (<tree.SEQ object at 0x7f205b341a00>, 'O')]",20,1.3,0.5,20,132,0.1,0.07504063427526855,4.69,4.025,1.99,0,3.0,0,1551240.0,0.0,20
6127929,0.21423724943154943,"[(<tree.SEQ object at 0x7f4686ade340>, 'L'), (<tree.AND object at 0x7f4686ae1610>, 'L'), (<tree.AND object at 0x7f4686ae1760>, 'L'), (<tree.AND object at 0x7f4686acfc40>, 'Q'), (<tree.SEQ object at 0x7f4686ae1cd0>, 'J'), (<tree.AND object at 0x7f4686adef40>, 'L')]",20,1.3,0.5,20,132,0.1,0.07102603877571242,18.48,4.025,0.98,0,3.0,0,1551240.0,0.0,20
6589383,0.011773611135907906,"[(<tree.SEQ object at 0x7f1f62bb9e50>, 'O')]",20,1.3,0.5,20,102,0.1,0.07978456526202102,3.61,4.025,1.47,0,3.5,0,1550904.0,0.0,20
9836285,0.012355358371943886,"[(<tree.AND object at 0x7f8bdd3ec370>, 'J'), (<tree.AND object at 0x7f8bdd3ec370>, 'J'), (<tree.AND object at 0x7f8bdd3863d0>, 'T'), (<tree.AND object at 0x7f8bdd383610>, 'L'), (<tree.AND object at 0x7f8bdd3fba30>, 'S'), (<tree.AND object at 0x7f8bdd3f3d90>, 'L'), (<tree.SEQ object at 0x7f8bdd386070>, 'T'), (<tree.AND object at 0x7f8bdd383310>, 'L'), (<tree.SEQ object at 0x7f8bdd3ef5e0>, 'T'), (<tree.SEQ object at 0x7f8bdd3fe550>, 'L'), (<tree.SEQ object at 0x7f8bdd3eccd0>, 'T'), (<tree.SEQ object at 0x7f8bdd3ef040>, 'T')]",20,1.3,0.5,20,165,0.1,0.0731387626718566,22.54,4.025,4.59,0,4.5,0,1551240.0,0.0,20
1193384,0.0471554683797934,"[(<tree.AND object at 0x7f022b904910>, 'T'), (<tree.AND object at 0x7f022b900fd0>, 'L')]",20,1.3,0.5,20,186,0.1,0.0800669701220896,34.55,4.025,1.99,0,3.5,0,1551240.0,0.0,20
7745385,0.0539031337924999,"[(<tree.SEQ object at 0x7f26ae24b490>, 'L'), (<tree.AND object at 0x7f26ae2b8ca0>, 'L'), (<tree.AND object at 0x7f26ae24bbe0>, 'L'), (<tree.SEQ object at 0x7f26ae2b80a0>, 'A'), (<tree.SEQ object at 0x7f26ae2b85e0>, 'I'), (<tree.AND object at 0x7f26ae2b8ca0>, 'L'), (<tree.AND object at 0x7f26ae2b8df0>, 'L')]",20,1.3,0.5,20,187,0.1,0.0740358378889551,21.73,4.025,2.02,0,4.5,0,1551206.0,0.0,20
5387645,0.2479061768458972,"[(<tree.AND object at 0x7f2d10f3dd00>, 'L'), (<tree.AND object at 0x7f2d10ec7490>, 'M'), (<tree.SEQ object at 0x7f2d10f3be80>, 'E'), (<tree.SEQ object at 0x7f2d10ec4a60>, 'F'), (<tree.SEQ object at 0x7f2d10ec7fd0>, 'Y'), (<tree.SEQ object at 0x7f2d10ecf1f0>, 'M')]",20,1.3,0.5,20,184,0.1,0.07787172179286542,15.59,4.375,2.58,0,4.0,0,159848.0,0.0,25
6587209,0.14868811923384984,"[(<tree.AND object at 0x7fd37de8ccd0>, 'B'), (<tree.AND object at 0x7fd37de8ccd0>, 'B'), (<tree.SEQ object at 0x7fd37de8ce20>, 'L'), (<tree.SEQ object at 0x7fd37de9d2e0>, 'I'), (<tree.AND object at 0x7fd37dea5cd0>, 'B'), (<tree.AND object at 0x7fd37de9dc10>, 'M'), (<tree.AND object at 0x7fd37de9ddc0>, 'M')]",20,1.3,0.5,20,205,0.1,0.075239049550483,31.3,4.375,2.78,0,4.0,0,153197.0,0.0,25
3488483,1.291275349827156,"[(<tree.SEQ object at 0x7fe2b58b6160>, 'I'), (<tree.SEQ object at 0x7fe2b5843250>, 'I'), (<tree.AND object at 0x7fe2b58b3e50>, 'M'), (<tree.SEQ object at 0x7fe2b58bff40>, 'I')]",20,1.3,0.5,20,171,0.1,0.07864305179848237,35.44,4.375,2.7,0,4.5,0,153178.0,0.0,25
2556451,1.4714873914124618,"[(<tree.SEQ object at 0x7fef7f4c22b0>, 'L'), (<tree.SEQ object at 0x7fef7f4c9ca0>, 'O'), (<tree.SEQ object at 0x7fef7f4cd130>, 'T'), (<tree.AND object at 0x7fef7f4c67c0>, 'Y'), (<tree.AND object at 0x7fef7f4c2dc0>, 'M'), (<tree.AND object at 0x7fef7f4c27f0>, 'M'), (<tree.AND object at 0x7fef7f4c2a30>, 'M')]",20,1.3,0.5,20,104,0.1,0.07873295368987054,5.34,4.375,1.85,0,4.5,0,159849.0,0.0,25
9102362,1.0733597256213327,"[(<tree.SEQ object at 0x7f4b6a987730>, 'F'), (<tree.SEQ object at 0x7f4b6a9fb730>, 'I'), (<tree.SEQ object at 0x7f4b6a9ff4c0>, 'B'), (<tree.SEQ object at 0x7f4b6a9ff610>, 'B'), (<tree.SEQ object at 0x7f4b6a983460>, 'Q')]",20,1.3,0.5,20,164,0.1,0.0823663861718622,18.97,4.375,1.45,0,3.5,0,159887.0,0.0,25
5175225,0.25411681039507134,"[(<tree.SEQ object at 0x7f4dd66ff1f0>, 'T'), (<tree.SEQ object at 0x7f4dd66f1220>, 'I')]",20,1.3,0.5,20,170,0.1,0.08210220351106218,17.41,4.375,1.99,0,3.5,0,159862.0,0.0,25
8904127,0.32723520114807647,"[(<tree.SEQ object at 0x7fe441b96370>, 'D'), (<tree.SEQ object at 0x7fe441b8a2e0>, 'M'), (<tree.SEQ object at 0x7fe441b99c40>, 'T'), (<tree.AND object at 0x7fe441b9ed00>, 'T'), (<tree.AND object at 0x7fe441b968b0>, 'T'), (<tree.SEQ object at 0x7fe441b96af0>, 'F')]",20,1.3,0.5,20,193,0.1,0.08385226558898906,23.06,4.375,2.63,0,4.0,0,158477.0,0.0,25
9731405,1.2762206209966283,[],20,1.3,0.5,20,174,0.1,0.07773565736149088,23.88,4.375,1.54,0,3.5,0,159887.0,0.0,25
3137249,0.9516961600369553,"[(<tree.SEQ object at 0x7fb210b5f490>, 'T'), (<tree.AND object at 0x7fb210b5cfd0>, 'Y'), (<tree.SEQ object at 0x7fb210b4d7c0>, 'F'), (<tree.SEQ object at 0x7fb210b57d30>, 'F'), (<tree.SEQ object at 0x7fb210b57e80>, 'F')]",20,1.3,0.5,20,194,0.1,0.07757837228978898,32.96,4.375,1.27,0,4.5,0,159887.0,0.0,25
6573390,0.31536236961586456,"[(<tree.SEQ object at 0x7fcea417b070>, 'L'), (<tree.SEQ object at 0x7fcea4179d60>, 'L'), (<tree.SEQ object at 0x7fcea41799a0>, 'L')]",20,1.3,0.5,20,281,0.1,0.07772112981093868,32.52,4.375,1.69,0,3.5,0,159497.0,0.0,25
640948,0.4343035274018723,"[(<tree.AND object at 0x7f4ef81b0b80>, 'Y'), (<tree.AND object at 0x7f4ef819cbe0>, 'Q'), (<tree.SEQ object at 0x7f4ef819e160>, 'L'), (<tree.SEQ object at 0x7f4ef819e2b0>, 'L'), (<tree.AND object at 0x7f4ef819c2b0>, 'M')]",20,1.3,0.5,20,241,0.1,0.07533344965299084,50.5,4.375,1.25,0,4.5,0,159887.0,0.0,25
1488796,0.18602022052992145,"[(<tree.AND object at 0x7fbb613a0cd0>, 'M'), (<tree.SEQ object at 0x7fbb61390520>, 'T'), (<tree.SEQ object at 0x7fbb61390670>, 'T'), (<tree.AND object at 0x7fbb61385790>, 'Y'), (<tree.SEQ object at 0x7fbb613985b0>, 'Y'), (<tree.SEQ object at 0x7fbb613a0430>, 'I'), (<tree.SEQ object at 0x7fbb613a0670>, 'I')]",20,1.3,0.5,20,190,0.1,0.0760157316735214,27.18,4.375,2.82,0,4.0,0,159887.0,0.0,25
4603572,0.6897280144164031,"[(<tree.SEQ object at 0x7f8307360d00>, 'M'), (<tree.SEQ object at 0x7f8307360e50>, 'M'), (<tree.SEQ object at 0x7f8307370bb0>, 'M'), (<tree.SEQ object at 0x7f8307360250>, 'Q')]",20,1.3,0.5,20,141,0.1,0.07748540857166111,14.44,4.375,0.96,0,4.5,0,158477.0,0.0,25
6788616,0.28554289430571755,"[(<tree.AND object at 0x7ff8777ae4f0>, 'F'), (<tree.AND object at 0x7ff8777b2b80>, 'D'), (<tree.SEQ object at 0x7ff8777ab1c0>, 'Y'), (<tree.AND object at 0x7ff8777b5400>, 'B')]",20,1.3,0.5,20,150,0.1,0.07729455414240641,14.0,4.375,1.63,0,4.5,0,158425.0,0.0,25
9794732,0.6376091280599924,[],20,1.3,0.5,20,215,0.1,0.07579083957686472,33.65,4.375,1.55,0,3.5,0,159887.0,0.0,25
6875635,0.9532101573799822,"[(<tree.SEQ object at 0x7fc88e642d30>, 'F'), (<tree.AND object at 0x7fc88e6af580>, 'Y'), (<tree.SEQ object at 0x7fc88e6b63d0>, 'Q'), (<tree.SEQ object at 0x7fc88e6b6520>, 'Q')]",20,1.3,0.5,20,161,0.1,0.07995288227347774,28.2,4.375,3.42,0,3.5,0,159887.0,0.0,25
1962733,0.9261782450220448,"[(<tree.SEQ object at 0x7f6e301f5fa0>, 'M'), (<tree.SEQ object at 0x7f6e301f7940>, 'I'), (<tree.AND object at 0x7f6e301819d0>, 'D')]",20,1.3,0.5,20,89,0.1,0.08274065339537146,5.96,4.375,1.87,0,3.5,0,158321.0,0.0,25
3758415,0.24397769718155113,"[(<tree.SEQ object at 0x7f8e99d17700>, 'D'), (<tree.AND object at 0x7f8e99d17a60>, 'F'), (<tree.SEQ object at 0x7f8e99d114f0>, 'L'), (<tree.AND object at 0x7f8e99d11880>, 'Y')]",20,1.3,0.5,20,142,0.1,0.08003034963387282,12.86,4.375,2.08,0,3.5,0,159887.0,0.0,25
3782855,0.6942752303116342,"[(<tree.AND object at 0x7f3a83fcd4f0>, 'B'), (<tree.AND object at 0x7f3a83fdf370>, 'I'), (<tree.SEQ object at 0x7f3a83fcdd00>, 'B'), (<tree.AND object at 0x7f3a83fd4520>, 'Y')]",20,1.3,0.5,20,196,0.1,0.08159929972260548,23.39,4.375,1.85,0,3.5,0,159797.0,0.0,25
7419833,0.441802878380427,"[(<tree.SEQ object at 0x7ff518d2ad90>, 'B'), (<tree.SEQ object at 0x7ff518d32fd0>, 'B'), (<tree.SEQ object at 0x7ff518d2c8b0>, 'F'), (<tree.SEQ object at 0x7ff518d3a310>, 'Y'), (<tree.SEQ object at 0x7ff518d37af0>, 'F')]",20,1.3,0.5,20,88,0.1,0.07770046160016142,3.29,4.375,1.7,0,3.5,0,159849.0,0.0,25
357909,0.9905614418670331,"[(<tree.SEQ object at 0x7fb9a2d287c0>, 'M'), (<tree.SEQ object at 0x7fb9a2d20d60>, 'Y'), (<tree.SEQ object at 0x7fb9a2d39520>, 'Y'), (<tree.SEQ object at 0x7fb9a2d2e8e0>, 'D'), (<tree.AND object at 0x7fb9a2d2e310>, 'T'), (<tree.SEQ object at 0x7fb9a2d2ee50>, 'F')]",20,1.3,0.5,20,165,0.1,0.08273970371551068,25.59,4.375,1.85,0,4.5,0,159887.0,0.0,25
7274802,0.24964611254757071,"[(<tree.SEQ object at 0x7fad56c82c10>, 'I'), (<tree.SEQ object at 0x7fad56c824c0>, 'Y'), (<tree.SEQ object at 0x7fad56c82670>, 'Y')]",20,1.3,0.5,20,181,0.1,0.08464707373959005,33.91,4.375,3.15,0,3.5,0,159887.0,0.0,25
2218180,0.7572503824372537,"[(<tree.AND object at 0x7f85d42f77c0>, 'F'), (<tree.SEQ object at 0x7f85d42efa30>, 'Y'), (<tree.SEQ object at 0x7f85d42fab80>, 'M'), (<tree.AND object at 0x7f85d42fe5e0>, 'L'), (<tree.AND object at 0x7f85d42fa340>, 'Y'), (<tree.AND object at 0x7f85d42f7490>, 'F'), (<tree.AND object at 0x7f85d42f75e0>, 'F')]",20,1.3,0.5,20,173,0.1,0.07287801015842237,15.44,4.375,3.41,0,3.5,0,159887.0,0.0,25
3566280,0.35310364808006517,"[(<tree.AND object at 0x7f97a60beca0>, 'Q'), (<tree.AND object at 0x7f97a60be640>, 'I'), (<tree.AND object at 0x7f97a60be880>, 'I')]",20,1.3,0.5,20,164,0.1,0.07338369418605245,10.87,4.375,2.62,0,3.5,0,155155.0,0.0,25
899498,0.859007449116063,"[(<tree.AND object at 0x7f4c9b6ca370>, 'Q'), (<tree.AND object at 0x7f4c9b6c64f0>, 'I'), (<tree.SEQ object at 0x7f4c9b738550>, 'M'), (<tree.SEQ object at 0x7f4c9b7386a0>, 'M'), (<tree.SEQ object at 0x7f4c9b738550>, 'M'), (<tree.SEQ object at 0x7f4c9b6ceb20>, 'F'), (<tree.SEQ object at 0x7f4c9b6cec70>, 'F'), (<tree.SEQ object at 0x7f4c9b6caaf0>, 'T')]",20,1.3,0.5,20,252,0.1,0.07633066717506659,59.97,4.375,3.64,0,3.5,0,159887.0,0.0,25
2502490,0.5371853366618188,"[(<tree.AND object at 0x7fb8eb763e50>, 'L'), (<tree.SEQ object at 0x7fb8eb763760>, 'T'), (<tree.SEQ object at 0x7fb8eb7638b0>, 'T'), (<tree.SEQ object at 0x7fb8eb76d910>, 'I'), (<tree.AND object at 0x7fb8eb766a60>, 'F'), (<tree.SEQ object at 0x7fb8eb76d5b0>, 'I'), (<tree.SEQ object at 0x7fb8eb76d2e0>, 'I'), (<tree.AND object at 0x7fb8eb770f10>, 'O'), (<tree.SEQ object at 0x7fb8eb7740a0>, 'O')]",20,1.3,0.5,20,142,0.1,0.07816649218920896,14.91,4.375,3.37,0,4.0,0,159887.0,0.0,25
3351850,0.8418266944910117,"[(<tree.AND object at 0x7f9d103573a0>, 'Y'), (<tree.SEQ object at 0x7f9d103504c0>, 'T'), (<tree.SEQ object at 0x7f9d10348fa0>, 'Y')]",20,1.3,0.5,20,206,0.1,0.07233895897866296,23.72,4.375,2.23,0,4.0,0,136257.0,0.0,25
660780,1.9439923739340144,"[(<tree.SEQ object at 0x7fec62cf2ac0>, 'I'), (<tree.SEQ object at 0x7fec62cf2c10>, 'I'), (<tree.AND object at 0x7fec62cef1f0>, 'D'), (<tree.SEQ object at 0x7fec62cefaf0>, 'I')]",20,1.3,0.5,20,148,0.1,0.07908361794353089,14.54,4.375,2.82,0,4.5,0,159887.0,0.0,25
4143073,0.7272513997152016,"[(<tree.AND object at 0x7f49c393c0a0>, 'D'), (<tree.AND object at 0x7f49c3938d00>, 'D'), (<tree.AND object at 0x7f49c393c640>, 'I')]",20,1.3,0.5,20,106,0.1,0.07145009251051793,4.63,4.375,1.01,0,4.5,0,159835.0,0.0,25
8798079,0.2799104712968689,"[(<tree.SEQ object at 0x7f973cbb5790>, 'F'), (<tree.AND object at 0x7f973cbabd60>, 'Y')]",20,1.3,0.5,20,244,0.1,0.07361592134880332,45.39,4.375,2.15,0,3.5,0,158438.0,0.0,25
4918101,0.6931653966903537,"[(<tree.AND object at 0x7f490786f1c0>, 'F'), (<tree.AND object at 0x7f490786cb50>, 'Y'), (<tree.AND object at 0x7f4907872970>, 'M'), (<tree.AND object at 0x7f490786f1c0>, 'F'), (<tree.SEQ object at 0x7f4907879370>, 'F')]",20,1.3,0.5,20,168,0.1,0.07697841259905161,18.36,4.375,2.09,0,4.0,0,159835.0,0.0,25
8741910,0.5985147526523644,"[(<tree.SEQ object at 0x7f1d8c72e7f0>, 'Q'), (<tree.SEQ object at 0x7f1d8c7227f0>, 'I'), (<tree.SEQ object at 0x7f1d8c7294c0>, 'F'), (<tree.AND object at 0x7f1d8c71f520>, 'B'), (<tree.AND object at 0x7f1d8c7266d0>, 'Y'), (<tree.SEQ object at 0x7f1d8c72ebe0>, 'D')]",20,1.3,0.5,20,212,0.1,0.07516027938000049,61.82,4.375,2.58,0,3.5,0,159887.0,0.0,25
5486539,0.33494287711486914,"[(<tree.SEQ object at 0x7f081e301850>, 'Y'), (<tree.AND object at 0x7f081e36f850>, 'Y'), (<tree.AND object at 0x7f081e36fc40>, 'L')]",20,1.3,0.5,20,177,0.1,0.0729683125652408,15.54,4.375,3.35,0,3.5,0,136257.0,0.0,25
1975588,0.23856611249448575,"[(<tree.AND object at 0x7f449e4b85b0>, 'I'), (<tree.SEQ object at 0x7f449e4bc730>, 'I'), (<tree.AND object at 0x7f449e440070>, 'D'), (<tree.AND object at 0x7f449e4bc130>, 'I'), (<tree.AND object at 0x7f449e4bc370>, 'I'), (<tree.SEQ object at 0x7f449e4b82e0>, 'I'), (<tree.AND object at 0x7f449e4b8c40>, 'I'), (<tree.AND object at 0x7f449e4b8df0>, 'I')]",20,1.3,0.5,20,177,0.1,0.07914624879156315,17.24,4.375,3.49,0,3.5,0,153197.0,0.0,25
5176016,0.20293649381469772,"[(<tree.AND object at 0x7f1b397e8c40>, 'F'), (<tree.AND object at 0x7f1b397ff3d0>, 'D'), (<tree.AND object at 0x7f1b397f0760>, 'L'), (<tree.SEQ object at 0x7f1b397f03a0>, 'L'), (<tree.AND object at 0x7f1b397facd0>, 'D')]",20,1.3,0.5,20,249,0.1,0.072794363737282,81.66,4.375,1.38,0,4.5,0,159857.0,0.0,25
966360,0.25058204056252675,"[(<tree.AND object at 0x7fe98b8d8430>, 'E'), (<tree.AND object at 0x7fe98b8dbeb0>, 'F'), (<tree.SEQ object at 0x7fe98b8d89a0>, 'M'), (<tree.AND object at 0x7fe98b8dbb80>, 'F'), (<tree.SEQ object at 0x7fe98b8e9790>, 'B'), (<tree.AND object at 0x7fe98b8f1160>, 'O'), (<tree.AND object at 0x7fe98b8ede50>, 'O')]",20,1.3,0.5,20,228,0.1,0.07230975198542625,30.5,4.375,2.13,0,3.0,0,159887.0,0.0,25
6917200,0.7610371971642297,"[(<tree.AND object at 0x7faab5735370>, 'D'), (<tree.SEQ object at 0x7faab5723b80>, 'I'), (<tree.SEQ object at 0x7faab5726ca0>, 'M')]",20,1.3,0.5,20,250,0.1,0.06730943521214468,34.03,4.375,2.38,0,3.5,0,159887.0,0.0,25
1176178,0.37920919537802983,"[(<tree.AND object at 0x7f2b14590640>, 'D'), (<tree.AND object at 0x7f2b1459ae50>, 'F'), (<tree.AND object at 0x7f2b145a22e0>, 'Y'), (<tree.AND object at 0x7f2b145a27f0>, 'I'), (<tree.SEQ object at 0x7f2b145a2940>, 'I')]",20,1.3,0.5,20,212,0.1,0.08037190192500435,20.4,4.375,1.95,0,3.5,0,159887.0,0.0,25
1169066,0.7051393718515627,"[(<tree.AND object at 0x7fe238d971f0>, 'B'), (<tree.SEQ object at 0x7fe238da5400>, 'I')]",20,1.3,0.5,20,212,0.1,0.07457641192777772,21.62,4.375,1.82,0,3.5,0,159887.0,0.0,25
4241115,0.8694733354493356,"[(<tree.SEQ object at 0x7f59b7df2c40>, 'L'), (<tree.SEQ object at 0x7f59b7df2df0>, 'L')]",20,1.3,0.5,20,157,0.1,0.07253943915296321,17.41,4.375,1.98,0,4.5,0,159887.0,0.0,25
9529897,1.0444102976078127,"[(<tree.SEQ object at 0x7f8b9a535be0>, 'Y'), (<tree.AND object at 0x7f8b9a5302b0>, 'M')]",20,1.3,0.5,20,146,0.1,0.07803325481310482,8.82,4.375,1.2,0,4.5,0,159887.0,0.0,25
1928298,0.4009845102701765,"[(<tree.SEQ object at 0x7fc50ae8f760>, 'F'), (<tree.SEQ object at 0x7fc50ae99580>, 'M'), (<tree.AND object at 0x7fc50ae99df0>, 'F')]",20,1.3,0.5,20,125,0.1,0.08138650522699185,4.89,4.375,0.81,0,4.5,0,155155.0,0.0,25
8904785,0.3233564902985511,"[(<tree.AND object at 0x7f64939b2640>, 'F'), (<tree.SEQ object at 0x7f64939b9b20>, 'L'), (<tree.AND object at 0x7f64939aeac0>, 'D'), (<tree.AND object at 0x7f64939b6250>, 'D'), (<tree.SEQ object at 0x7f64939b63a0>, 'F'), (<tree.AND object at 0x7f64939aae50>, 'M'), (<tree.AND object at 0x7f64939b2460>, 'F'), (<tree.AND object at 0x7f64939aa4f0>, 'Y'), (<tree.AND object at 0x7f64939aa130>, 'Y')]",20,1.3,0.5,20,162,0.1,0.07353047183928904,25.17,4.375,2.95,0,4.5,0,159887.0,0.0,25
8711766,0.45816841630932925,"[(<tree.AND object at 0x7f9dd1c9c0d0>, 'F'), (<tree.AND object at 0x7f9dd1c9c220>, 'F'), (<tree.SEQ object at 0x7f9dd1c906a0>, 'Y'), (<tree.SEQ object at 0x7f9dd1c902e0>, 'Y')]",20,1.3,0.5,20,209,0.1,0.08145299961593691,24.29,4.375,1.87,0,4.5,0,159887.0,0.0,25
2974095,0.14763908559324299,"[(<tree.AND object at 0x7f740c468a00>, 'Q'), (<tree.AND object at 0x7f740c462b80>, 'L'), (<tree.SEQ object at 0x7f740c47f8e0>, 'Y'), (<tree.SEQ object at 0x7f740c468790>, 'Q'), (<tree.SEQ object at 0x7f740c477e80>, 'Y'), (<tree.AND object at 0x7f740c4626a0>, 'L'), (<tree.SEQ object at 0x7f740c4627f0>, 'L'), (<tree.AND object at 0x7f740c4652e0>, 'M'), (<tree.AND object at 0x7f740c47f220>, 'Y'), (<tree.AND object at 0x7f740c47f460>, 'Y'), (<tree.SEQ object at 0x7f740c46cee0>, 'Y'), (<tree.AND object at 0x7f740c4680d0>, 'Q'), (<tree.SEQ object at 0x7f740c468310>, 'Q')]",20,1.3,0.5,20,312,0.1,0.07682235716315158,43.27,4.375,6.03,0,3.5,0,159887.0,0.0,25
5519675,0.6211544620773528,"[(<tree.SEQ object at 0x7f9d9d735e80>, 'L'), (<tree.AND object at 0x7f9d9d723f40>, 'D'), (<tree.SEQ object at 0x7f9d9d6c0340>, 'I'), (<tree.SEQ object at 0x7f9d9d6c0490>, 'M'), (<tree.SEQ object at 0x7f9d9d6c32b0>, 'M')]",20,1.3,0.5,20,171,0.1,0.073625105627872,13.33,4.375,2.36,0,4.0,0,159887.0,0.0,25
873443,0.3600247139309017,"[(<tree.AND object at 0x7fd2c10b5400>, 'D'), (<tree.SEQ object at 0x7fd2c0dc2610>, 'Y'), (<tree.SEQ object at 0x7fd2c10b4d30>, 'Y'), (<tree.SEQ object at 0x7fd2c10b5070>, 'Y'), (<tree.SEQ object at 0x7fd2c0dc9070>, 'T'), (<tree.SEQ object at 0x7fd2c0dc9220>, 'T'), (<tree.SEQ object at 0x7fd2c0dc6700>, 'O')]",20,1.3,0.5,20,93,0.1,0.07959851436396677,5.01,4.375,0.77,0,4.5,0,158351.0,0.0,25
9840787,0.6929758862314352,"[(<tree.AND object at 0x7fd35d064fd0>, 'I')]",20,1.3,0.5,20,231,0.1,0.07159618921137828,41.87,4.375,2.17,0,4.5,0,158959.0,0.0,25
2798673,0.9431505143797733,"[(<tree.AND object at 0x7fe5845d72b0>, 'F'), (<tree.AND object at 0x7fe5845de1f0>, 'Y')]",20,1.3,0.5,20,138,0.1,0.08361834006504273,8.08,4.375,0.85,0,3.5,0,159887.0,0.0,25
636731,0.7869346139615088,"[(<tree.AND object at 0x7fc87aae04c0>, 'E'), (<tree.SEQ object at 0x7fc87aaeaee0>, 'D'), (<tree.SEQ object at 0x7fc87aaef070>, 'D'), (<tree.AND object at 0x7fc87aae0100>, 'O'), (<tree.AND object at 0x7fc87aae0910>, 'E'), (<tree.AND object at 0x7fc87aae0a60>, 'B'), (<tree.SEQ object at 0x7fc87aad9fd0>, 'I'), (<tree.SEQ object at 0x7fc87aadcb20>, 'L'), (<tree.AND object at 0x7fc87aadcc70>, 'L')]",20,1.3,0.5,20,136,0.1,0.07702908669680911,7.21,4.375,3.55,0,2.5,0,159887.0,0.0,25
