ID,TransmissionRatio,Total Transmissions,Total Savings,Total Transmission INEv,FilterUsed,Nodes,EventSkew,EventNodeRatio,WorkloadSize,NumberProjections,MinimalSelectivity,MedianSelectivity,CombigenComputationTime,Efficiency,PlacementComputationTime,HopCount,Depth,ProcessingLatencyRatio,CentralTransmission,LowerBound,EventTypes
1032268,1.0372495447943362,825,817.5260916542508,842.2466303730009,[],20,1.3,0.5,5,12,0.1,0.06715303575065888,0.07,4.2,0.04,0,1.0,0,812.0,0.0,6
3758190,1.0009155051189182,827,783.9191629298634,828.7580382384642,[],20,1.3,0.5,5,20,0.1,0.07096597086390584,0.13,4.2,0.04,0,2.5,0,828.0,0.0,6
7060726,1.0,828,826.0899907818681,828.0,[],20,1.3,0.5,5,16,0.1,0.09728860815205756,0.09,4.2,0.02,0,1.5,0,828.0,0.0,6
2000673,1.0,828,422.237123312623,828.0,[],20,1.3,0.5,5,14,0.1,0.09301712155888417,0.07,4.2,0.04,0,1.5,0,828.0,0.0,6
7210501,1.0131151207020535,829,826.4042428154477,838.8593199413003,[],20,1.3,0.5,5,27,0.1,0.08295797136499376,0.43,4.2,0.04,0,2.5,0,828.0,0.0,6
8835384,1.0,828,795.7770729428742,828.0,[],20,1.3,0.5,5,17,0.1,0.09096835991348476,0.09,4.2,0.07,0,2.5,0,828.0,0.0,6
9678789,1.0,828,828.0,828.0,[],20,1.3,0.5,5,17,0.1,0.08640173395287067,0.09,4.2,0.03,0,1.0,0,828.0,0.0,6
2927455,1.039811783017246,848,848.0,860.9641563382797,[],20,1.3,0.5,5,22,0.1,0.083057190065142,0.12,4.2,0.04,0,2.0,0,828.0,0.0,6
3077603,1.0224601906071167,835,835.0,846.5970378226925,[],20,1.3,0.5,5,50,0.1,0.05541542354550218,4.3,4.2,0.1,0,3.5,0,828.0,0.0,6
1683196,1.0,828,795.1829941961694,828.0,[],20,1.3,0.5,5,49,0.1,0.08099960384330666,1.69,4.2,0.1,0,3.5,0,828.0,0.0,6
4405843,1.0470000614173074,841,506.83968032709004,866.9160508535306,[],20,1.3,0.5,5,17,0.1,0.06285188570776959,0.08,4.2,0.04,0,1.0,0,828.0,0.0,6
9766130,1.020882284335241,836,822.7065321423994,845.2905314295796,[],20,1.3,0.5,5,32,0.1,0.09045614781617266,0.56,4.2,0.07,0,3.5,0,828.0,0.0,6
6889898,1.0,114,98.35731809363384,114.0,[],20,1.3,0.5,5,13,0.1,1.0,0.12,4.2,0.02,0,0.0,0,114.0,0.0,6
1988770,1.001503286028645,827,815.9188093865695,829.2447208317182,[],20,1.3,0.5,5,22,0.1,0.08149967670644262,0.4,4.2,0.06,0,3.0,0,828.0,0.0,6
9667667,1.0386059455084313,844,832.3918215327108,859.9657228809812,[],20,1.3,0.5,5,33,0.1,0.0653535606171674,1.08,4.2,0.07,0,3.0,0,828.0,0.0,6
1758931,1.0036231884057971,831,830.3601086403105,831.0,[],20,1.3,0.5,5,16,0.1,0.097672794330573,0.13,4.2,0.02,0,2.5,0,828.0,0.0,6
3921539,1.030117696768537,841,144.1497565412051,852.9374529243487,[],20,1.3,0.5,5,34,0.1,0.05475733201327113,0.54,4.2,0.05,0,3.5,0,828.0,0.0,6
8762281,1.0,828,828.0,828.0,[],20,1.3,0.5,5,14,0.1,0.061256693888336655,0.09,4.2,0.04,0,2.0,0,828.0,0.0,6
578824,1.0035969503894002,828,222.14389853676755,830.9782749224235,[],20,1.3,0.5,5,43,0.1,0.08071441368511155,1.4,4.2,0.08,0,2.5,0,828.0,0.0,6
2239320,1.0,828,623.7025633333778,828.0,[],20,1.3,0.5,5,17,0.1,0.08906636476645927,0.11,4.2,0.03,0,2.0,0,828.0,0.0,6
8006871,1.0028619722611063,828,828.0,830.369713032196,[],20,1.3,0.5,5,32,0.1,0.04609222564144552,0.48,4.2,0.03,0,3.5,0,828.0,0.0,6
9849100,1.0147918325706626,836,836.0,840.2476373685087,[],20,1.3,0.5,5,16,0.1,0.053248201515802236,0.06,4.2,0.03,0,1.5,0,828.0,0.0,6
8574934,1.0103404593732208,832,299.43570504902925,836.5619003610269,[],20,1.3,0.5,5,23,0.1,0.07368222827240398,0.18,4.2,0.04,0,2.5,0,828.0,0.0,6
6285338,0.9982944032663627,810,782.0567211791406,826.5877659045483,[],20,1.3,0.5,5,62,0.1,0.08680302901821686,1.88,4.2,0.06,0,3.5,0,828.0,0.0,6
5032992,1.0,828,271.2566989377975,828.0,[],20,1.3,0.5,5,35,0.1,0.09304090953938636,0.83,4.2,0.04,0,2.0,0,828.0,0.0,6
531198,1.0,828,787.3194361000634,828.0,[],20,1.3,0.5,5,14,0.1,0.06488767474720497,0.05,4.2,0.03,0,1.5,0,828.0,0.0,6
136733,1.0300705269033978,828,803.1446878787416,852.8983962760135,[],20,1.3,0.5,5,21,0.1,0.09642537606381028,0.19,4.2,0.05,0,2.0,0,828.0,0.0,6
9199258,1.0,828,828.0,828.0,[],20,1.3,0.5,5,17,0.1,0.09493220257950102,0.12,4.2,0.04,0,2.0,0,828.0,0.0,6
7839671,1.0057870740968815,830,180.12580483610313,832.7916973522179,[],20,1.3,0.5,5,15,0.1,0.07313436648070791,0.09,4.2,0.04,0,1.0,0,828.0,0.0,6
1687772,1.0,828,168.8342877513753,828.0,[],20,1.3,0.5,5,27,0.1,0.053654309859834666,0.26,4.2,0.06,0,2.0,0,828.0,0.0,6
6708216,1.0,808,808.0,808.0,[],20,1.3,0.5,5,16,0.1,0.08666118729898654,0.07,4.2,0.03,0,1.5,0,808.0,0.0,6
4467232,1.081863378606246,853,853.0,895.7828774859715,[],20,1.3,0.5,5,21,0.1,0.07508254809093945,0.11,4.2,0.05,0,2.5,0,828.0,0.0,6
6230365,1.0003621870957002,827,206.17364521027102,828.2998909152399,[],20,1.3,0.5,5,32,0.1,0.08520596525984687,0.56,4.2,0.04,0,3.5,0,828.0,0.0,6
3413226,1.0,828,456.6031757175224,828.0,[],20,1.3,0.5,5,16,0.1,0.07213429172076771,0.07,4.2,0.04,0,1.5,0,828.0,0.0,6
7976815,1.0094805379077463,816,816.0,835.849885387614,[],20,1.3,0.5,5,32,0.1,0.0788037968741537,0.72,4.2,0.05,0,3.0,0,828.0,0.0,6
1238781,1.0168953252355395,836,172.89852818784576,841.9893292950267,[],20,1.3,0.5,5,35,0.1,0.08082766825975457,0.78,4.2,0.06,0,3.5,0,828.0,0.0,6
9692466,1.0,828,166.3286343569859,828.0,[],20,1.3,0.5,5,31,0.1,0.07000770550377369,0.38,4.2,0.04,0,3.5,0,828.0,0.0,6
760846,1.0060672405411724,826,826.0,833.0236751680907,[],20,1.3,0.5,5,25,0.1,1.0,0.59,4.2,0.07,0,3.0,0,828.0,0.0,6
448610,1.0,828,105.28310353629973,828.0,[],20,1.3,0.5,5,25,0.1,1.0,0.42,4.2,0.04,0,3.5,0,828.0,0.0,6
5926372,1.020935960591133,829,145.56549349271,829.0,[],20,1.3,0.5,5,14,0.1,0.05614191775906616,0.13,4.2,0.04,0,1.0,0,812.0,0.0,6
2694355,1.0281642448951338,839,832.6738380441274,851.3199947731708,[],20,1.3,0.5,5,21,0.1,0.06735159793898655,0.15,4.2,0.04,0,2.0,0,828.0,0.0,6
6765879,1.0108695652173914,837,184.22551359148991,837.0,[],20,1.3,0.5,5,13,0.1,1.0,0.07,4.2,0.03,0,2.0,0,828.0,0.0,6
9669378,1.0127703938429549,837,837.0,838.5738861019665,[],20,1.3,0.5,5,58,0.1,0.08959176923164161,2.32,4.2,0.06,0,3.0,0,828.0,0.0,6
494505,0.9998419663381756,827,812.7252944100214,827.8691481280093,[],20,1.3,0.5,5,27,0.1,0.07100474354956848,0.27,4.2,0.05,0,2.0,0,828.0,0.0,6
7438018,0.9834504117076722,808,578.534084520569,814.2969408939526,[],20,1.3,0.5,5,32,0.1,0.057078800275811616,0.86,4.2,0.06,0,3.5,0,828.0,0.0,6
803787,1.0028271143292307,828,794.6551724202371,830.3408506646031,[],20,1.3,0.5,5,22,0.1,0.04342302278654141,0.13,4.2,0.05,0,2.0,0,828.0,0.0,6
1451194,1.0,828,818.3254578019353,828.0,[],20,1.3,0.5,5,24,0.1,0.07261107205966383,0.15,4.2,0.04,0,1.0,0,828.0,0.0,6
5119398,1.0,808,783.371049164876,808.0,[],20,1.3,0.5,5,22,0.1,0.07328426433724533,0.19,4.2,0.04,0,2.5,0,808.0,0.0,6
6711445,1.015335493599898,826,812.9552960634728,840.6977887007155,[],20,1.3,0.5,5,19,0.1,0.08634465436310185,0.11,4.2,0.05,0,2.0,0,828.0,0.0,6
1235106,1.0253003949714752,828,828.0,848.9487270363815,[],20,1.3,0.5,5,34,0.1,0.08915975606807486,1.13,4.2,0.05,0,3.5,0,828.0,0.0,6
2562214,0.9995925889488454,827,812.3459108838465,827.662663649644,[],20,1.3,0.5,5,28,0.1,0.08017618481401845,0.23,4.2,0.05,0,2.5,0,828.0,0.0,6
946593,1.0035461715928362,825,793.5692080274958,830.9362300788684,[],20,1.3,0.5,5,15,0.1,0.05425143060557115,0.08,4.2,0.05,0,1.0,0,828.0,0.0,6
5083373,1.046741220981393,830,830.0,866.7017309725935,[],20,1.3,0.5,5,18,0.1,0.0924019067698023,0.15,4.2,0.04,0,2.0,0,828.0,0.0,6
6622498,1.0,828,828.0,828.0,[],20,1.3,0.5,5,25,0.1,0.09344113183181091,0.15,4.2,0.03,0,2.5,0,828.0,0.0,6
8730909,1.0148448435096484,836,163.2952862363147,840.2915304259889,[],20,1.3,0.5,5,19,0.1,0.08266246904811818,0.17,4.2,0.04,0,2.0,0,828.0,0.0,6
1920291,1.0150509324624295,815,139.76473185935123,816.1009496997933,[],20,1.3,0.5,5,22,0.1,0.06905161683504069,0.51,4.2,0.04,0,2.5,0,804.0,0.0,6
7332780,0.9918012017754716,816,785.9851831403978,821.2113950700905,[],20,1.3,0.5,5,23,0.1,0.09545225204827083,0.27,4.2,0.04,0,2.0,0,828.0,0.0,6
5359623,1.007520717011223,831,831.0,834.2271536852926,[],20,1.3,0.5,5,28,0.1,0.07746591789444907,0.32,4.2,0.07,0,2.5,0,828.0,0.0,6
458944,1.0123164138934675,816,783.9069103535927,838.197990703791,[],20,1.3,0.5,5,63,0.1,0.07267408853722261,9.71,4.2,0.04,0,4.0,0,828.0,0.0,6
2694474,1.0000935050087425,419103,418632.50600200176,419128.18692060886,"[(<tree.SEQ object at 0x7fdaeb8eba60>, 'C'), (<tree.AND object at 0x7fdaeb8f4fa0>, 'D')]",20,1.3,0.5,5,53,0.1,0.086178497248038,2.23,4.05,0.08,0,4.5,0,419089.0,0.0,10
5360987,1.0011204506951328,418883,391146.6142661183,419405.39713241614,"[(<tree.SEQ object at 0x7f78cfee9d20>, 'J'), (<tree.AND object at 0x7f78cfeeaef0>, 'B'), (<tree.SEQ object at 0x7f78cfeeab90>, 'J')]",20,1.3,0.5,5,22,0.1,0.09313769728288378,0.25,4.05,0.05,0,2.0,0,418936.0,0.0,10
9082089,1.0000009221823276,419039,418699.3423890008,419067.3864561815,"[(<tree.AND object at 0x7f4990656bf0>, 'J')]",20,1.3,0.5,5,39,0.1,0.06176385121828312,0.84,4.05,0.1,0,3.0,0,419067.0,0.0,10
286185,1.0001020081104792,418574,418445.33711435006,418636.6999829979,"[(<tree.SEQ object at 0x7fab5582c730>, 'C')]",20,1.3,0.5,5,34,0.1,0.08418383784764048,0.66,4.05,0.09,0,3.0,0,418594.0,0.0,10
4815072,1.0002543893910447,419143,416770.4759762456,419162.60340065364,"[(<tree.AND object at 0x7fbd35f47e20>, 'D')]",20,1.3,0.5,5,12,0.1,0.0811670095380216,0.05,4.05,0.04,0,1.5,0,419056.0,0.0,10
630519,1.0,389788,389408.1832573621,389788.0,"[(<tree.SEQ object at 0x7f381d6f6500>, 'B')]",20,1.3,0.5,5,23,0.1,0.08530447525339044,0.17,4.05,0.05,0,1.0,0,389788.0,0.0,10
2272270,0.9999319332410967,419042,416992.330812973,419060.473970078,"[(<tree.SEQ object at 0x7f21f3402a10>, 'J'), (<tree.SEQ object at 0x7f21f3402a10>, 'J')]",20,1.3,0.5,5,13,0.1,0.09056370286322525,0.08,4.05,0.05,0,1.0,0,419089.0,0.0,10
6601653,1.0001212249655635,419133,417634.91579750663,419139.8040495931,[],20,1.3,0.5,5,65,0.1,0.0711445143692384,7.85,4.05,0.13,0,3.0,0,419089.0,0.0,10
7429819,1.000555812581102,419132,391100.09014406806,419321.93493880145,"[(<tree.SEQ object at 0x7f2ad65822c0>, 'C'), (<tree.SEQ object at 0x7f2ad65820e0>, 'C'), (<tree.SEQ object at 0x7f2ad6581c00>, 'B')]",20,1.3,0.5,5,29,0.1,0.08844470773126126,0.43,4.05,0.08,0,2.5,0,419089.0,0.0,10
8334474,1.0001908593737707,32603,9239.090982114416,32663.232894569228,"[(<tree.AND object at 0x7f98bcaa2aa0>, 'D'), (<tree.AND object at 0x7f98bcaac160>, 'D')]",20,1.3,0.5,5,96,0.1,0.07015964088570384,12.57,4.05,0.14,0,4.0,0,32657.0,0.0,10
9760748,0.99986896464454,419034,419034.0,419034.0845239156,"[(<tree.AND object at 0x7f5136b541c0>, 'C'), (<tree.SEQ object at 0x7f5136b54460>, 'C')]",20,1.3,0.5,5,89,0.1,0.08830059872794166,10.1,4.05,0.2,0,4.5,0,419089.0,0.0,10
920883,1.0000509016164099,418613,418437.8965213966,418635.3081292518,"[(<tree.AND object at 0x7f94cdd1e470>, 'C')]",20,1.3,0.5,5,52,0.1,0.07725666609512336,2.21,4.05,0.07,0,3.5,0,418614.0,0.0,10
8389906,1.0003345707527458,419113,416929.55396235595,419216.2105727777,[],20,1.3,0.5,5,15,0.1,0.08286178964817917,0.1,4.05,0.06,0,2.0,0,419076.0,0.0,10
1273077,1.0000885972155786,416856,416302.1053974311,416961.9383941051,"[(<tree.AND object at 0x7f700eb98700>, 'C'), (<tree.AND object at 0x7f700eb99330>, 'C'), (<tree.AND object at 0x7f700eb996f0>, 'C'), (<tree.SEQ object at 0x7f700eb98af0>, 'D')]",20,1.3,0.5,5,30,0.1,0.08189580789608297,0.47,4.05,0.07,0,2.0,0,416925.0,0.0,10
1781318,1.0003758622685917,418828,418828.0,419057.4487043131,"[(<tree.SEQ object at 0x7fe349866440>, 'J'), (<tree.SEQ object at 0x7fe349866fe0>, 'C')]",20,1.3,0.5,5,13,0.1,0.07920429038490123,0.09,4.05,0.04,0,2.0,0,418900.0,0.0,10
7931265,1.0000449077815992,419070,419035.6243582669,419107.8203572826,"[(<tree.SEQ object at 0x7f2731c75ba0>, 'D')]",20,1.3,0.5,5,67,0.1,0.06621172716102852,5.23,4.05,0.1,0,4.0,0,419089.0,0.0,10
1821090,0.9998662338024058,419021,417515.68490549625,419032.94005801645,"[(<tree.AND object at 0x7f1a5ccfd3c0>, 'D'), (<tree.SEQ object at 0x7f1a5ccfd720>, 'D')]",20,1.3,0.5,5,38,0.1,0.09223962668083899,0.62,4.05,0.09,0,3.0,0,419089.0,0.0,10
627908,1.0004080232841268,418968,418545.7663505383,419073.9221777906,"[(<tree.AND object at 0x7f5724e1dab0>, 'D')]",20,1.3,0.5,5,9,0.1,0.08136428015687366,0.05,4.05,0.03,0,1.5,0,418903.0,0.0,10
8930901,0.9999809271607869,418569,416516.1113277271,418570.0165291079,"[(<tree.AND object at 0x7f11a046fc70>, 'C')]",20,1.3,0.5,5,18,0.1,0.07759084075933859,0.13,4.05,0.05,0,2.0,0,418578.0,0.0,10
6892860,1.0000766483662529,419107,391383.4450276928,419121.12248716457,[],20,1.3,0.5,5,51,0.1,0.09174031615291503,4.52,4.05,0.09,0,3.5,0,419089.0,0.0,10
8025492,1.0103543579586354,423400,422948.73276803456,423428.3975225265,"[(<tree.SEQ object at 0x7fd63e4ef9a0>, 'B')]",20,1.3,0.5,5,23,0.1,0.06505852904791265,0.47,4.05,0.07,0,2.5,0,419089.0,0.0,10
1212231,0.9998806842044977,419006,418461.82398741704,419006.0,[],20,1.3,0.5,5,11,0.1,0.08329676245934195,0.08,4.05,0.04,0,1.5,0,419056.0,0.0,10
1395748,1.0001014957691332,418576,395940.48207941203,418636.48551998456,[],20,1.3,0.5,5,17,0.1,0.07478572496692829,0.09,4.05,0.06,0,1.0,0,418594.0,0.0,10
4529367,1.0017518871248428,419050,416628.5273251583,419823.1966232632,"[(<tree.SEQ object at 0x7fd91007f1f0>, 'B'), (<tree.SEQ object at 0x7fd91008c490>, 'J')]",20,1.3,0.5,5,70,0.1,0.05486380228069064,4.45,4.05,0.15,0,4.5,0,419089.0,0.0,10
4540577,0.999971594685807,418571,418571.0,418582.10970591067,"[(<tree.AND object at 0x7fc4e34ea2f0>, 'J')]",20,1.3,0.5,5,25,0.1,0.0705847040588724,0.28,4.05,0.07,0,2.0,0,418594.0,0.0,10
1898472,0.9998695482053686,419025,416718.88629691885,419034.3290878397,"[(<tree.SEQ object at 0x7fb51cd07370>, 'C')]",20,1.3,0.5,5,69,0.1,0.07323758805301077,2.67,4.05,0.09,0,3.0,0,419089.0,0.0,10
4042254,1.0000739655844597,419077,419050.16398831713,419119.99816282565,"[(<tree.AND object at 0x7f96994bce20>, 'C'), (<tree.SEQ object at 0x7f96994bc460>, 'C'), (<tree.SEQ object at 0x7f96994b3d60>, 'J'), (<tree.SEQ object at 0x7f96994b3e80>, 'J')]",20,1.3,0.5,5,35,0.1,0.08588410807037228,0.75,4.05,0.07,0,3.0,0,419089.0,0.0,10
8904046,1.0003747592620573,419165,418535.3785232995,419246.05748437636,"[(<tree.SEQ object at 0x7f924bb49840>, 'H')]",20,1.3,0.5,5,58,0.1,0.07874742405007525,9.73,4.05,0.13,0,3.0,0,419089.0,0.0,10
4842639,0.9999213790423195,418523,418523.0,418545.090996776,"[(<tree.SEQ object at 0x7ff41aa995d0>, 'B')]",20,1.3,0.5,5,22,0.1,0.0798946955943032,0.22,4.05,0.05,0,2.5,0,418578.0,0.0,10
5810384,1.0004817053320658,419181,416761.9075547558,419290.8774059101,[],20,1.3,0.5,5,22,0.1,0.08104875578675955,0.62,4.05,0.07,0,3.5,0,419089.0,0.0,10
3362238,1.0,419076,417154.79302125674,419076.0,"[(<tree.AND object at 0x7eff6ac31180>, 'D')]",20,1.3,0.5,5,16,0.1,0.08634401473970092,0.1,4.05,0.06,0,1.0,0,419076.0,0.0,10
8986451,1.0000100619772965,419086,393218.0043315426,419093.2168640032,"[(<tree.SEQ object at 0x7efd8b05ad40>, 'C'), (<tree.SEQ object at 0x7efd8b05b040>, 'J'), (<tree.AND object at 0x7efd8b05b640>, 'B'), (<tree.AND object at 0x7efd8b05b400>, 'B')]",20,1.3,0.5,5,22,0.1,0.08805889795443508,0.18,4.05,0.08,0,3.5,0,419089.0,0.0,10
7808026,1.0001696167356906,418880,418797.6737750112,418994.05635176576,"[(<tree.SEQ object at 0x7f657f77ba90>, 'J'), (<tree.AND object at 0x7f657f77beb0>, 'D')]",20,1.3,0.5,5,24,0.1,0.06673531496899844,0.44,4.05,0.06,0,2.5,0,418923.0,0.0,10
1384784,0.9999340638142524,419018,390348.5870725374,419061.36686985125,[],20,1.3,0.5,5,88,0.1,0.07061437119420252,19.66,4.05,0.16,0,3.0,0,419089.0,0.0,10
1451410,1.0002050254295405,418554,418527.2745705604,418699.82651516167,[],20,1.3,0.5,5,27,0.1,0.06644339952469458,0.52,4.05,0.07,0,3.0,0,418614.0,0.0,10
5169533,1.0,418441,418414.4892009466,418441.0,"[(<tree.SEQ object at 0x7fe655df2d70>, 'C'), (<tree.SEQ object at 0x7fe655df2e90>, 'C')]",20,1.3,0.5,5,11,0.1,0.07555913567267103,0.05,4.05,0.04,0,1.5,0,418441.0,0.0,10
6612876,0.999904643505457,418876,417921.5815068471,418896.0517316022,"[(<tree.SEQ object at 0x7f20966c69e0>, 'C')]",20,1.3,0.5,5,42,0.1,0.07811356222650237,1.83,4.05,0.12,0,4.0,0,418936.0,0.0,10
4319604,0.9998578813049757,389735,389170.98262191686,389745.6019905608,[],20,1.3,0.5,5,38,0.1,0.09130064074950549,5.08,4.05,0.17,0,4.0,0,389801.0,0.0,10
8694532,1.0000239329356937,418568,415954.13076176273,418604.0181832838,"[(<tree.AND object at 0x7f5e2187b580>, 'C'), (<tree.AND object at 0x7f5e2187b6d0>, 'C')]",20,1.3,0.5,5,38,0.1,0.0609424874417113,0.83,4.05,0.09,0,3.0,0,418594.0,0.0,10
8161252,1.0111091162858215,423593,421882.9060684778,423722.46403455036,"[(<tree.AND object at 0x7f2234fa9fc0>, 'D'), (<tree.AND object at 0x7f2234faa3e0>, 'H'), (<tree.SEQ object at 0x7f2234fa9780>, 'C'), (<tree.SEQ object at 0x7f2234fa9480>, 'C')]",20,1.3,0.5,5,41,0.1,0.09517287034024612,5.21,4.05,0.11,0,3.0,0,419067.0,0.0,10
2030720,1.0,418594,418594.0,418594.0,"[(<tree.AND object at 0x7fcbcc0a9360>, 'D'), (<tree.AND object at 0x7fcbcc0a8d00>, 'C')]",20,1.3,0.5,5,16,0.1,0.0793199790781755,0.18,4.05,0.06,0,2.0,0,418594.0,0.0,10
3043673,1.000016630610346,418538,417659.2491080855,418564.96087500517,[],20,1.3,0.5,5,18,0.1,0.07238236911395987,0.11,4.05,0.05,0,1.0,0,418558.0,0.0,10
1360269,1.000194270928759,419152,418711.20809322177,419170.41680926265,"[(<tree.SEQ object at 0x7fd116fb20b0>, 'B')]",20,1.3,0.5,5,34,0.1,0.05366676684767001,1.72,4.05,0.11,0,3.0,0,419089.0,0.0,10
8837513,1.0000724735611795,419043,402865.9346770377,419119.3728722811,"[(<tree.SEQ object at 0x7fceca75c550>, 'C')]",20,1.3,0.5,5,70,0.1,0.0627891100611706,6.19,4.05,0.14,0,3.0,0,419089.0,0.0,10
9974328,1.0031718948523238,32744,32251.849391423882,32760.584570192343,"[(<tree.AND object at 0x7f61d77f03d0>, 'C')]",20,1.3,0.5,5,24,0.1,0.08153112162361072,0.16,4.05,0.04,0,2.0,0,32657.0,0.0,10
7945047,0.9999580623941008,418575,418131.63687810535,418576.44516979624,"[(<tree.AND object at 0x7f421e1638e0>, 'C')]",20,1.3,0.5,5,29,0.1,0.07627691257950626,0.71,4.05,0.09,0,3.0,0,418594.0,0.0,10
2114660,1.0003380533962822,419135,418486.46833041543,419230.67445979454,"[(<tree.SEQ object at 0x7f842011efb0>, 'D'), (<tree.SEQ object at 0x7f842011f0d0>, 'D')]",20,1.3,0.5,5,40,0.1,0.07345067360700916,3.07,4.05,0.06,0,4.5,0,419089.0,0.0,10
1189367,0.9999012435678629,419034,418460.602761117,419047.6122656121,[],20,1.3,0.5,5,46,0.1,0.07572173252575208,1.76,4.05,0.08,0,4.0,0,419089.0,0.0,10
109986,0.9999203176467405,419022,418062.0607041774,419055.6060022548,[],20,1.3,0.5,5,117,0.1,0.07070343172698268,29.68,4.05,0.23,0,4.0,0,419089.0,0.0,10
6389831,1.0054771726621767,419142,402591.0659651385,421384.42281381896,"[(<tree.SEQ object at 0x7f1a96a875e0>, 'J'), (<tree.AND object at 0x7f1a96a87700>, 'B')]",20,1.3,0.5,5,43,0.1,0.08626667327228787,1.71,4.05,0.12,0,3.0,0,419089.0,0.0,10
4993631,1.0001560540150944,419154,418488.973252769,419154.4005211319,[],20,1.3,0.5,5,28,0.1,0.07300381745213677,0.26,4.05,0.05,0,3.0,0,419089.0,0.0,10
2649117,1.0,418601,418601.0,418601.0,"[(<tree.AND object at 0x7fddc3afb6d0>, 'B')]",20,1.3,0.5,5,26,0.1,0.06663238208526365,0.63,4.05,0.07,0,2.0,0,418601.0,0.0,10
7406939,1.0004321893228922,419137,418433.99675333034,419270.1257911416,"[(<tree.SEQ object at 0x7f5889b04730>, 'B'), (<tree.SEQ object at 0x7f5889b04af0>, 'J'), (<tree.SEQ object at 0x7f5889b04c10>, 'J'), (<tree.SEQ object at 0x7f5889b058d0>, 'D'), (<tree.SEQ object at 0x7f5889b052d0>, 'B')]",20,1.3,0.5,5,16,0.1,0.08885869281088932,0.1,4.05,0.07,0,2.0,0,419089.0,0.0,10
3020315,1.0,418594,418292.36161787726,418594.0,"[(<tree.SEQ object at 0x7fcc38cefcd0>, 'H'), (<tree.SEQ object at 0x7fcc38cf81f0>, 'C')]",20,1.3,0.5,5,14,0.1,0.09579903004454333,0.13,4.05,0.03,0,2.0,0,418594.0,0.0,10
7105711,0.999799530985871,389720,389587.0344877741,389722.85697782354,[],20,1.3,0.5,5,14,0.1,0.06276728880736557,0.07,4.05,0.04,0,1.5,0,389801.0,0.0,10
5565117,1.0,419089,396606.50014751253,419089.0,[],20,1.3,0.5,5,42,0.1,0.06739697190810962,1.63,4.05,0.07,0,3.0,0,419089.0,0.0,10
2039761,1.0016643723566259,32669,32203.159133230383,32675.29349064549,[],20,1.3,0.5,5,20,0.1,0.07911951546816083,0.24,4.05,0.06,0,3.0,0,32621.0,0.0,10
8116446,1.0,419053,419053.0,419053.0,[],20,1.3,0.5,5,8,0.1,0.08123993061419983,0.03,4.05,0.03,0,1.0,0,419053.0,0.0,10
9130956,1.0000224327052234,419017,418983.6203653802,419098.4012999994,"[(<tree.SEQ object at 0x7f7e04591f30>, 'J'), (<tree.SEQ object at 0x7f7e04592110>, 'J')]",20,1.3,0.5,5,33,0.1,0.06714865869540707,0.64,4.05,0.1,0,3.5,0,419089.0,0.0,10
6193262,1.0,9649,6639.3190879472795,9649.0,[],20,1.3,0.5,5,31,0.1,0.07579977863878568,0.35,3.85,0.08,0,3.0,0,9649.0,0.0,15
7652826,1.0,10059,10059.0,10059.0,[],20,1.3,0.5,5,29,0.1,0.08035571973831651,0.47,3.85,0.1,0,3.5,0,10059.0,0.0,15
1293240,1.0,8921,8800.45989096416,8921.0,[],20,1.3,0.5,5,53,0.1,0.07392500232993153,1.39,3.85,0.1,0,4.0,0,8921.0,0.0,15
2116801,1.00168217422112,8909,8800.425884544633,8933.001629703947,"[(<tree.SEQ object at 0x7f6542c3e6b0>, 'O'), (<tree.AND object at 0x7f6542c3dcf0>, 'O')]",20,1.3,0.5,5,24,0.1,0.0808471595176623,0.27,3.85,0.07,0,2.5,0,8918.0,0.0,15
1553395,0.9996983638646241,130093,129749.0510659953,130181.72064081521,"[(<tree.SEQ object at 0x7fd3a7b11a80>, 'B')]",20,1.3,0.5,5,32,0.1,0.07216892729929553,0.34,3.85,0.1,0,3.0,0,130221.0,0.0,15
7185455,0.9984550306495513,128602,122440.07325425088,128606.00022281546,[],20,1.3,0.5,5,44,0.1,0.07685752877680421,0.96,3.85,0.12,0,2.0,0,128805.0,0.0,15
7893301,0.9982603788965959,128564,12208.026353820585,128584.92114529162,"[(<tree.AND object at 0x7fe79035fca0>, 'A')]",20,1.3,0.5,5,38,0.1,0.07924161753233507,0.87,3.85,0.18,0,3.0,0,128809.0,0.0,15
5819818,1.0,2387,1848.632131270531,2387.0,[],20,1.3,0.5,5,51,0.1,0.08161489781648265,2.24,3.85,0.06,0,3.0,0,2387.0,0.0,15
1848059,0.9969882526487243,129765,128795.60769815356,129765.0,"[(<tree.SEQ object at 0x7f105d0188b0>, 'M'), (<tree.SEQ object at 0x7f105d018d90>, 'E'), (<tree.SEQ object at 0x7f105d019450>, 'M')]",20,1.3,0.5,5,39,0.1,0.07260087241775744,1.36,3.85,0.08,0,3.0,0,130157.0,0.0,15
2378744,0.9966481441757608,122690,122162.18092446464,122690.37649246867,[],20,1.3,0.5,5,31,0.1,0.08672377713616668,0.5,3.85,0.07,0,3.0,0,123103.0,0.0,15
6518720,0.9983168940692561,129709,129702.509222469,129762.22820801598,[],20,1.3,0.5,5,56,0.1,0.0737418257691825,8.8,3.85,0.16,0,3.0,0,129981.0,0.0,15
7556529,0.9971936894092273,129717,129659.2167530745,129742.87654165574,"[(<tree.SEQ object at 0x7f9136811e40>, 'O'), (<tree.SEQ object at 0x7f91368130d0>, 'O')]",20,1.3,0.5,5,69,0.1,0.08952836470067414,4.51,3.85,0.17,0,4.5,0,130108.0,0.0,15
1062948,1.0000103062716674,129647,129024.85255990012,129658.33628026558,[],20,1.3,0.5,5,36,0.1,0.08305444375218382,0.37,3.85,0.07,0,2.0,0,129657.0,0.0,15
6027614,0.9977419251752363,129227,129227.0,129284.4054384316,"[(<tree.SEQ object at 0x7f1b81285240>, 'N'), (<tree.SEQ object at 0x7f1b812846a0>, 'M'), (<tree.SEQ object at 0x7f1b812847c0>, 'M')]",20,1.3,0.5,5,33,0.1,0.07133073656880545,0.43,3.85,0.09,0,2.5,0,129577.0,0.0,15
9476063,0.9996884416540511,128614,128289.14687733492,128716.88468205066,"[(<tree.AND object at 0x7f92325b9ff0>, 'D')]",20,1.3,0.5,5,45,0.1,0.07422066204686043,1.76,3.85,0.09,0,4.0,0,128757.0,0.0,15
1757952,0.9998764983681846,129912,123145.54106459659,129938.95034543744,[],20,1.3,0.5,5,23,0.1,0.07871038594602212,0.21,3.85,0.07,0,2.5,0,129955.0,0.0,15
2743905,0.9985196919202773,9262,2362.392619890764,9262.268662252493,[],20,1.3,0.5,5,40,0.1,0.0727893222377468,0.53,3.85,0.1,0,3.0,0,9276.0,0.0,15
3447298,0.9969220310613753,129553,22983.589553484868,129553.00870251891,"[(<tree.AND object at 0x7fe7a901ec50>, 'O')]",20,1.3,0.5,5,28,0.1,0.07109373130204938,0.4,3.85,0.08,0,3.0,0,129953.0,0.0,15
5507229,1.0000223459608415,127736,11267.765851669492,127773.85516576268,[],20,1.3,0.5,5,39,0.1,0.06891509321392218,0.33,3.85,0.07,0,2.5,0,127771.0,0.0,15
3791984,0.9995145065650648,127769,127635.40888805743,127798.92432391575,"[(<tree.AND object at 0x7f6997de6b60>, 'N')]",20,1.3,0.5,5,37,0.1,0.07532383206389562,0.72,3.85,0.09,0,2.5,0,127861.0,0.0,15
8775005,0.9978765623891358,129879,129872.32499881939,129896.58575588098,[],20,1.3,0.5,5,53,0.1,0.0616743976379667,1.45,3.85,0.11,0,3.5,0,130173.0,0.0,15
1473903,1.0000050079704947,127632,127509.27210402692,127654.63928746554,[],20,1.3,0.5,5,33,0.1,0.08453071781842791,0.52,3.85,0.09,0,2.5,0,127654.0,0.0,15
5444839,1.0,9324,2630.7127562746678,9324.0,[],20,1.3,0.5,5,66,0.1,0.07739708427415881,2.17,3.85,0.11,0,3.5,0,9324.0,0.0,15
8017482,1.0038335064707118,128341,128257.90777768506,128975.54041187647,"[(<tree.AND object at 0x7f5b21ef4850>, 'N')]",20,1.3,0.5,5,11,0.1,0.07220743750892876,0.08,3.85,0.07,0,1.0,0,128483.0,0.0,15
6055978,1.000565987188253,128981,128981.0,129083.01800715654,[],20,1.3,0.5,5,18,0.1,0.0856201133736108,0.12,3.85,0.06,0,2.0,0,129010.0,0.0,15
426676,0.9975649469626591,121990,121988.92541051803,122006.18327332106,[],20,1.3,0.5,5,76,0.1,0.08251910491648518,2.22,3.85,0.13,0,3.5,0,122304.0,0.0,15
3921435,0.999156255616495,123006,10916.59842516478,123032.10469159273,[],20,1.3,0.5,5,57,0.1,0.06675758829305686,2.6,3.85,0.06,0,3.5,0,123136.0,0.0,15
8626595,0.9972584709772034,128767,10379.920749604533,128768.00828951846,[],20,1.3,0.5,5,79,0.1,0.0647500456205373,12.25,3.85,0.12,0,3.0,0,129122.0,0.0,15
5703530,0.9968437692593498,129735,122348.73481363265,129746.19447548919,"[(<tree.SEQ object at 0x7f52d932d210>, 'B'), (<tree.SEQ object at 0x7f52d932d330>, 'D')]",20,1.3,0.5,5,81,0.1,0.07463655165290237,5.04,3.85,0.14,0,4.5,0,130157.0,0.0,15
4680392,0.9970025309720493,129481,122631.22934997907,129490.68872264976,[],20,1.3,0.5,5,54,0.1,0.07426069502944364,2.57,3.85,0.1,0,3.0,0,129880.0,0.0,15
6987570,0.9996634367026189,127719,127719.0,127719.0,[],20,1.3,0.5,5,11,0.1,0.06970573726205975,0.05,3.85,0.04,0,1.5,0,127762.0,0.0,15
3911544,0.997270619880128,129854,129854.0,129865.57739141014,[],20,1.3,0.5,5,84,0.1,0.08221991902959944,4.99,3.85,0.18,0,3.0,0,130221.0,0.0,15
2006045,1.0,3101,2627.9991201523544,3101.0,[],20,1.3,0.5,5,11,0.1,1.0,0.07,3.85,0.05,0,1.0,0,3101.0,0.0,15
5129833,1.0,9888,5337.239009550334,9888.0,[],20,1.3,0.5,5,42,0.1,0.07625569248971895,1.22,3.85,0.08,0,3.0,0,9888.0,0.0,15
9929594,0.9967166399328495,129764,124165.88467202988,129774.49995253688,"[(<tree.SEQ object at 0x7f5b3fedaa40>, 'K')]",20,1.3,0.5,5,92,0.1,0.07090832343226527,11.52,3.85,0.18,0,4.0,0,130202.0,0.0,15
3832166,0.9987789150136264,129058,127787.18746981701,129086.18209202113,[],20,1.3,0.5,5,14,0.1,0.0805934463219675,0.11,3.85,0.07,0,1.0,0,129244.0,0.0,15
5173908,0.9987185780123626,10234,9080.750731434375,10234.867987470692,"[(<tree.SEQ object at 0x7f9b3dfa1ae0>, 'O')]",20,1.3,0.5,5,72,0.1,0.08082568121819718,3.15,3.85,0.14,0,3.0,0,10248.0,0.0,15
7737816,0.9996563944330675,128371,128368.12017224952,128457.84599743804,"[(<tree.SEQ object at 0x7fc75e75f010>, 'O')]",20,1.3,0.5,5,14,0.1,0.08372908335219482,0.1,3.85,0.06,0,1.0,0,128502.0,0.0,15
2263316,0.9972098670486301,129738,129725.37219808847,129745.97859183022,"[(<tree.SEQ object at 0x7ffa52989120>, 'M')]",20,1.3,0.5,5,50,0.1,0.07242383357862912,3.55,3.85,0.22,0,4.0,0,130109.0,0.0,15
8828866,0.9971466494861104,129671,14003.75162672278,129692.88181876147,"[(<tree.AND object at 0x7fa1cb234cd0>, 'N'), (<tree.SEQ object at 0x7fa1cb2350f0>, 'N'), (<tree.AND object at 0x7fa1cb234430>, 'O')]",20,1.3,0.5,5,40,0.1,0.07335924092931266,0.91,3.85,0.09,0,1.0,0,130064.0,0.0,15
4229820,0.9991207231403444,128331,128308.50643840559,128331.0621630384,[],20,1.3,0.5,5,55,0.1,0.08104118208392291,7.69,3.85,0.09,0,3.5,0,128444.0,0.0,15
1264753,0.9996843482947109,129849,125293.82339888158,129849.0,[],20,1.3,0.5,5,12,0.1,0.07321847031807657,0.07,3.85,0.05,0,1.0,0,129890.0,0.0,15
449052,0.9970772211422082,129290,100588.84240785697,129290.006188289,"[(<tree.SEQ object at 0x7fed2e3c0160>, 'O')]",20,1.3,0.5,5,51,0.1,0.06698662669191481,4.8,3.85,0.09,0,3.0,0,129669.0,0.0,15
2931750,0.997055358292449,129323,122605.35792066423,129323.0652473221,"[(<tree.SEQ object at 0x7fef40841e40>, 'M')]",20,1.3,0.5,5,103,0.1,0.08523239142174345,6.73,3.85,0.23,0,4.5,0,129705.0,0.0,15
6758075,1.0004423699522187,128571,121769.32369415126,128656.88877585533,"[(<tree.AND object at 0x7f6a7a239b40>, 'A')]",20,1.3,0.5,5,15,0.1,0.07703156241214101,0.12,3.85,0.06,0,2.0,0,128600.0,0.0,15
7732944,0.9997573317827086,128464,125447.45370819143,128522.80402999432,"[(<tree.AND object at 0x7f53c7261960>, 'N')]",20,1.3,0.5,5,20,0.1,0.07129857601103914,0.15,3.85,0.07,0,3.0,0,128554.0,0.0,15
8767798,0.9993172822587663,121483,65215.81119589815,121483.00473506917,[],20,1.3,0.5,5,110,0.1,0.07993723793335132,12.2,3.85,0.15,0,4.0,0,121566.0,0.0,15
3922822,0.9984200068540562,128433,128429.51206188445,128509.63434220613,[],20,1.3,0.5,5,25,0.1,0.07822423052567784,0.5,3.85,0.08,0,3.0,0,128713.0,0.0,15
5716755,0.9971153934745082,129565,25537.301973339367,129574.14826661887,"[(<tree.SEQ object at 0x7f6c303e9330>, 'O')]",20,1.3,0.5,5,64,0.1,0.08715892093201721,3.38,3.85,0.17,0,4.0,0,129949.0,0.0,15
1508497,0.9994147807463301,128427,128396.63137246047,128431.79522936864,[],20,1.3,0.5,5,44,0.1,0.07162848766557506,3.13,3.85,0.12,0,3.5,0,128507.0,0.0,15
9654513,1.011210100471815,128725,55662.12738453213,130024.42834896738,"[(<tree.AND object at 0x7fc738296a70>, 'B')]",20,1.3,0.5,5,69,0.1,0.07064143583298174,12.21,3.85,0.15,0,4.0,0,128583.0,0.0,15
9303374,1.0,8739,8621.018380411726,8739.0,"[(<tree.AND object at 0x7f516cde3f10>, 'O'), (<tree.AND object at 0x7f516cdf4850>, 'N')]",20,1.3,0.5,5,22,0.1,0.08649649393168268,0.14,3.85,0.05,0,2.0,0,8739.0,0.0,15
3852427,0.9991070362768308,128017,127984.44638746112,128036.56580591215,[],20,1.3,0.5,5,44,0.1,0.08919011048227313,2.61,3.85,0.17,0,3.0,0,128151.0,0.0,15
1875531,0.9971547220926228,121966,121350.18619564429,121972.96276109171,[],20,1.3,0.5,5,23,0.1,0.09145784341638945,0.24,3.85,0.07,0,2.0,0,122321.0,0.0,15
6236324,0.9980899459216699,129056,128817.29471015905,129063.01090713113,[],20,1.3,0.5,5,28,0.1,0.080130733103264,0.59,3.85,0.1,0,3.5,0,129310.0,0.0,15
4544779,0.9971518669216525,122191,26592.87528169758,122196.97268378083,"[(<tree.SEQ object at 0x7fcd8f1b5210>, 'D')]",20,1.3,0.5,5,40,0.1,0.07856134465464965,0.49,3.85,0.11,0,3.5,0,122546.0,0.0,15
2986729,1.0,10160,3519.1486097761826,10160.0,"[(<tree.SEQ object at 0x7f0ee2682530>, 'N'), (<tree.SEQ object at 0x7f0ee26827a0>, 'N')]",20,1.3,0.5,5,43,0.1,0.0867275309120151,0.88,3.85,0.08,0,4.0,0,10160.0,0.0,15
1456705,0.9990648180482011,128583,128434.74542859015,128588.63366616592,"[(<tree.AND object at 0x7f04952f93f0>, 'N')]",20,1.3,0.5,5,30,0.1,0.0939396060174063,0.34,3.85,0.09,0,3.0,0,128709.0,0.0,15
2324253,0.9968573692620186,122706,13282.789642684405,122748.03216407866,[],20,1.3,0.5,5,37,0.1,0.07826509890683184,0.8,3.85,0.11,0,2.0,0,123135.0,0.0,15
7533955,0.9994389106284175,7844638,7840185.84074388,7844656.975295997,[],20,1.3,0.5,5,132,0.1,0.08017081264762871,10.06,4.2,0.19,0,4.0,0,7849061.0,0.0,20
1855588,0.9994397648071659,7849102,7842708.837710593,7849135.173304846,"[(<tree.AND object at 0x7f73f7ff2d70>, 'C')]",20,1.3,0.5,5,56,0.1,0.0804989666846022,1.94,4.2,0.12,0,3.0,0,7853535.0,0.0,20
5045163,0.9807591989543212,19010,13265.86882078107,19074.785660462592,"[(<tree.AND object at 0x7f93f2815cf0>, 'C')]",20,1.3,0.5,5,72,0.1,0.07338951759196231,4.72,4.2,0.13,0,3.0,0,19449.0,0.0,20
7825909,0.999960458687269,7852290,7841609.03064605,7852304.497294529,[],20,1.3,0.5,5,58,0.1,0.0880743375897728,0.95,4.2,0.12,0,3.5,0,7852615.0,0.0,20
9339117,0.9994321712017411,7850199,7850080.419821012,7850204.895012324,[],20,1.3,0.5,5,112,0.1,0.07719049875992867,13.02,4.2,0.18,0,4.5,0,7854665.0,0.0,20
1217576,0.9999993171653582,7850588,7849682.977722635,7850588.639342458,[],20,1.3,0.5,5,26,0.1,0.07896430141185672,0.2,4.2,0.08,0,2.0,0,7850594.0,0.0,20
1414474,0.99995547346373,7847107,7843519.656874693,7847194.576047454,"[(<tree.SEQ object at 0x7f09c18411e0>, 'N')]",20,1.3,0.5,5,27,0.1,0.07514140278290544,0.24,4.2,0.08,0,2.0,0,7847544.0,0.0,20
3506807,0.9107036324266657,10711,6708.293742233412,11027.710285054496,"[(<tree.AND object at 0x7f36da861a80>, 'F'), (<tree.SEQ object at 0x7f36da861de0>, 'J')]",20,1.3,0.5,5,48,0.1,0.0666680062389303,1.06,4.2,0.11,0,3.0,0,12109.0,0.0,20
4568923,0.9994738147106941,7849776,7849620.294720723,7849791.380727873,[],20,1.3,0.5,5,78,0.1,0.07038549100838956,5.41,4.2,0.14,0,3.0,0,7853924.0,0.0,20
3949530,0.9791105964125874,19124,12208.79081949082,19145.528602251732,"[(<tree.AND object at 0x7f2a728ddf90>, 'L'), (<tree.AND object at 0x7f2a728deaa0>, 'N')]",20,1.3,0.5,5,32,0.1,0.08160016943296898,0.31,4.2,0.09,0,2.0,0,19554.0,0.0,20
9650125,0.9999611287886084,7852324,7848184.7422705125,7852403.755688464,"[(<tree.AND object at 0x7eff1d495900>, 'D')]",20,1.3,0.5,5,41,0.1,0.08257357909102912,0.61,4.2,0.07,0,3.0,0,7852709.0,0.0,20
5385985,0.8428857525786171,21481,18368.11786579895,21591.361438053857,[],20,1.3,0.5,5,40,0.1,0.07985483502679691,0.47,4.2,0.08,0,3.5,0,25616.0,0.0,20
8646618,0.999486036165168,7853032,7852635.443266573,7853128.700317765,"[(<tree.AND object at 0x7f41054758d0>, 'O')]",20,1.3,0.5,5,75,0.1,0.07335619174167791,8.51,4.2,0.15,0,4.5,0,7857167.0,0.0,20
3435276,0.9995082257907995,7855135,7847467.53943969,7855228.1007548915,"[(<tree.AND object at 0x7f8e8e346620>, 'L')]",20,1.3,0.5,5,45,0.1,0.08531526272924052,1.53,4.2,0.07,0,3.0,0,7859093.0,0.0,20
9896706,0.9828098251946888,20401,15311.783531465782,20401.16635139135,[],20,1.3,0.5,5,67,0.1,0.07762146694367342,4.33,4.2,0.14,0,4.0,0,20758.0,0.0,20
1289571,0.998067268021776,16538,15323.007700299302,16621.81228163466,"[(<tree.AND object at 0x7f84c2416bc0>, 'D'), (<tree.AND object at 0x7f84c2417220>, 'O')]",20,1.3,0.5,5,44,0.1,0.0763739703482473,0.69,4.2,0.08,0,2.5,0,16654.0,0.0,20
6357765,0.999499864795263,7853901,7839635.495701229,7853902.021583891,[],20,1.3,0.5,5,25,0.1,0.06977169757224888,0.44,4.2,0.09,0,3.0,0,7857832.0,0.0,20
9742378,0.9995092421076855,7848489,7840543.588255625,7848614.339354853,"[(<tree.AND object at 0x7fa69fa8bdc0>, 'L'), (<tree.AND object at 0x7fa69fa94e80>, 'J')]",20,1.3,0.5,5,57,0.1,0.08065264959696687,1.74,4.2,0.1,0,3.0,0,7852468.0,0.0,20
6565427,0.9994924521393324,7850438,7850306.336339454,7850843.297837592,"[(<tree.AND object at 0x7f729fcb2350>, 'Q'), (<tree.SEQ object at 0x7f729fcb2e30>, 'C')]",20,1.3,0.5,5,72,0.1,0.08184156752072186,19.39,4.2,0.14,0,3.0,0,7854830.0,0.0,20
6300566,0.8414286579340539,20983,20178.824096499557,21204.002179938157,"[(<tree.SEQ object at 0x7f85583a78e0>, 'Q'), (<tree.SEQ object at 0x7f85583a7d30>, 'Q')]",20,1.3,0.5,5,52,0.1,0.07596675622769716,1.26,4.2,0.11,0,4.0,0,25200.0,0.0,20
2140405,0.9999601928659863,7847123,7843834.803000102,7847264.610450678,"[(<tree.AND object at 0x7f25fb40d1b0>, 'D')]",20,1.3,0.5,5,60,0.1,0.07489636653363713,1.05,4.2,0.12,0,3.0,0,7847577.0,0.0,20
3391941,0.9994386251193667,7850313,7850164.939417894,7850319.552445218,[],20,1.3,0.5,5,94,0.1,0.07686716668676659,11.93,4.2,0.22,0,4.0,0,7854729.0,0.0,20
3630219,0.9996359997768168,7858471,7857562.9410215,7859141.229153333,"[(<tree.AND object at 0x7f09eb2d3e80>, 'O'), (<tree.SEQ object at 0x7f09eb2d3fa0>, 'O'), (<tree.AND object at 0x7f09eb2d3b80>, 'O'), (<tree.SEQ object at 0x7f09eb2d1120>, 'O')]",20,1.3,0.5,5,98,0.1,0.06724489353796646,15.47,4.2,0.33,0,4.0,0,7862003.0,0.0,20
4109251,0.8456804028140239,16935,8478.811908575057,16937.28710755927,[],20,1.3,0.5,5,18,0.1,0.07296743725306296,0.09,4.2,0.06,0,2.5,0,20028.0,0.0,20
449586,1.0033418886821976,16383,16207.709272695898,16484.907231048506,[],20,1.3,0.5,5,80,0.1,0.08490569957796242,5.55,4.2,0.16,0,4.0,0,16430.0,0.0,20
8374883,0.9994323579730159,7853317,7850156.44706643,7853321.59269792,[],20,1.3,0.5,5,71,0.1,0.07668957686176167,3.56,4.2,0.12,0,4.0,0,7857782.0,0.0,20
4081783,0.9995632955255631,7858314,7858293.141875294,7858339.728553893,[],20,1.3,0.5,5,34,0.1,0.07361277514798815,0.39,4.2,0.09,0,3.0,0,7861773.0,0.0,20
7109064,0.9995257515855716,7845208,7843917.437918635,7845585.4781266395,"[(<tree.AND object at 0x7ffbdc8f48e0>, 'D'), (<tree.AND object at 0x7ffbdc8f4a00>, 'D')]",20,1.3,0.5,5,36,0.1,0.0824014402804106,0.85,4.2,0.13,0,3.0,0,7849308.0,0.0,20
3258559,0.8313546871756212,20454,13611.810280561247,20537.786191986546,"[(<tree.AND object at 0x7f386943b070>, 'D')]",20,1.3,0.5,5,78,0.1,0.07516407721929667,3.9,4.2,0.13,0,4.0,0,24704.0,0.0,20
380127,0.9995254315241852,7845473,7844594.671113799,7845882.823495696,"[(<tree.SEQ object at 0x7f7a52fa1600>, 'Q')]",20,1.3,0.5,5,48,0.1,0.07831151337992737,2.35,4.2,0.14,0,3.0,0,7849608.0,0.0,20
8048105,1.0000043334427542,7862185,7859833.952363891,7862196.070228952,"[(<tree.AND object at 0x7f07f0de3280>, 'C'), (<tree.AND object at 0x7f07f0de1a20>, 'N'), (<tree.AND object at 0x7f07f0de16c0>, 'N')]",20,1.3,0.5,5,68,0.1,0.07887536340015251,11.68,4.2,0.27,0,4.5,0,7862162.0,0.0,20
5226800,0.9994816170991019,7852808,7842787.763224116,7852822.119977848,[],20,1.3,0.5,5,60,0.1,0.07504574491861651,2.19,4.2,0.11,0,3.0,0,7856895.0,0.0,20
1050732,0.9999906294568845,7855506,7846387.275618657,7855556.388480386,"[(<tree.AND object at 0x7fda1faab160>, 'D'), (<tree.AND object at 0x7fda1faab460>, 'D')]",20,1.3,0.5,5,93,0.1,0.07476965261600298,19.31,4.2,0.14,0,4.5,0,7855630.0,0.0,20
6166379,0.9999445701560606,7852400,7848385.405448186,7852406.718193459,[],20,1.3,0.5,5,95,0.1,0.07936361131206382,5.64,4.2,0.17,0,4.5,0,7852842.0,0.0,20
9942713,0.9999436624961463,7851454,7844274.9386553895,7851466.643046454,"[(<tree.AND object at 0x7f4db6dfa3e0>, 'B'), (<tree.AND object at 0x7f4db6dfa200>, 'B')]",20,1.3,0.5,5,79,0.1,0.08069368620069124,4.69,4.2,0.13,0,3.0,0,7851909.0,0.0,20
1051319,0.9994795325011274,7849644,7848891.221369794,7849686.365889509,"[(<tree.SEQ object at 0x7f240f60f0d0>, 'D'), (<tree.AND object at 0x7f240f60e830>, 'J')]",20,1.3,0.5,5,54,0.1,0.07771406078070833,1.99,4.2,0.12,0,3.0,0,7853774.0,0.0,20
3946724,0.9994986645541589,7840988,7840892.7422090545,7841023.045486136,[],20,1.3,0.5,5,39,0.1,0.08566254965498724,0.69,4.2,0.11,0,3.5,0,7844956.0,0.0,20
2610286,0.9999747835723195,7855641,7855641.0,7855931.8964660065,"[(<tree.AND object at 0x7fe2e8ae4b80>, 'C'), (<tree.AND object at 0x7fe2e8ae49a0>, 'C'), (<tree.AND object at 0x7fe2e8ae4760>, 'C')]",20,1.3,0.5,5,30,0.1,0.07914343673912791,0.3,4.2,0.12,0,3.0,0,7856130.0,0.0,20
5864408,0.9830322922424836,20116,7738.1488696591,20137.416506587277,"[(<tree.AND object at 0x7fc7dce19960>, 'Q')]",20,1.3,0.5,5,35,0.1,0.08124670519120798,0.63,4.2,0.12,0,3.0,0,20485.0,0.0,20
9930338,0.9994889019039446,7850746,7850707.734983097,7850764.437408164,[],20,1.3,0.5,5,88,0.1,0.07723589291877485,19.05,4.2,0.31,0,4.0,0,7854779.0,0.0,20
7496223,0.9994553508515053,7857474,7844999.999201895,7857509.082226207,"[(<tree.AND object at 0x7f5f905125c0>, 'D'), (<tree.AND object at 0x7f5f90512440>, 'D')]",20,1.3,0.5,5,89,0.1,0.07825503193284218,16.03,4.2,0.27,0,4.5,0,7861791.0,0.0,20
9401658,0.9999452262946451,7842925,7842600.231710277,7842930.390110368,[],20,1.3,0.5,5,101,0.1,0.07792264652809744,17.82,4.2,0.16,0,4.5,0,7843360.0,0.0,20
9617835,0.9994830989562561,7851636,7845669.568037472,7851678.36031152,[],20,1.3,0.5,5,49,0.1,0.07684925451157226,0.86,4.2,0.11,0,3.0,0,7855739.0,0.0,20
7580819,0.7937031465518948,7349,7303.688420866257,7360.009277975721,"[(<tree.AND object at 0x7f615d4ecdf0>, 'Q')]",20,1.3,0.5,5,116,0.1,0.07556182905530381,10.16,4.2,0.14,0,4.5,0,9273.0,0.0,20
8734493,1.0000282821000066,7857703,7855624.37410605,7857833.229740115,"[(<tree.SEQ object at 0x7fde3d455690>, 'N')]",20,1.3,0.5,5,45,0.1,0.08186281684272084,1.53,4.2,0.1,0,4.0,0,7857611.0,0.0,20
9555630,0.9989955622037135,18148,18148.0,18163.73731198792,[],20,1.3,0.5,5,62,0.1,0.07817445837266246,7.34,4.2,0.14,0,3.5,0,18182.0,0.0,20
2638094,0.8487722257386485,21792,14696.06223118087,21799.86584587145,[],20,1.3,0.5,5,61,0.1,0.07415015663418706,1.91,4.2,0.09,0,3.5,0,25684.0,0.0,20
1823113,0.9994462600637563,7846950,7839163.285108043,7847022.382876774,[],20,1.3,0.5,5,66,0.1,0.08079383635488273,2.83,4.2,0.14,0,4.0,0,7851370.0,0.0,20
1837899,0.7935312774014102,7565,7295.589725852897,7572.668980241658,[],20,1.3,0.5,5,37,0.1,0.0729489617924216,0.71,4.2,0.09,0,3.5,0,9543.0,0.0,20
8653653,0.9994754808239072,7849188,7847187.866181929,7849535.607350083,[],20,1.3,0.5,5,65,0.1,0.07709066518289624,3.69,4.2,0.16,0,4.0,0,7853655.0,0.0,20
3950487,0.9994836402033227,7849046,7848892.429917201,7849306.839594447,"[(<tree.AND object at 0x7f73190e05e0>, 'O'), (<tree.SEQ object at 0x7f73190e1540>, 'N'), (<tree.AND object at 0x7f73190e03a0>, 'O')]",20,1.3,0.5,5,60,0.1,0.07730441213560661,2.08,4.2,0.1,0,3.0,0,7853362.0,0.0,20
6376061,0.9995134824803223,7845484,7840207.263791571,7845519.159545128,[],20,1.3,0.5,5,71,0.1,0.08098658791366153,8.68,4.2,0.18,0,4.0,0,7849338.0,0.0,20
5227491,0.9995287941606232,7849759,7845538.163328902,7849760.403317482,[],20,1.3,0.5,5,18,0.1,0.08445131652570714,0.11,4.2,0.06,0,2.0,0,7853461.0,0.0,20
5939583,0.9995950831247196,7855434,7846046.695498504,7856582.448515762,"[(<tree.SEQ object at 0x7f21834f5450>, 'N')]",20,1.3,0.5,5,42,0.1,0.08447686309459285,1.03,4.2,0.1,0,3.0,0,7859765.0,0.0,20
2522930,0.9999691736497879,7856421,7853118.4615552705,7856502.805227103,"[(<tree.SEQ object at 0x7f7b12010b20>, 'N')]",20,1.3,0.5,5,40,0.1,0.07591199902708784,0.57,4.2,0.1,0,3.0,0,7856745.0,0.0,20
6728940,0.9999545601226789,7856833,7854575.260252504,7856899.96720584,"[(<tree.AND object at 0x7f1c688b4370>, 'C'), (<tree.SEQ object at 0x7f1c688b5210>, 'N')]",20,1.3,0.5,5,60,0.1,0.0779380193394636,3.36,4.2,0.12,0,4.0,0,7857257.0,0.0,20
2202019,0.9994475433638773,7844907,7841349.254864805,7844910.631406284,[],20,1.3,0.5,5,97,0.1,0.07625578874761463,5.7,4.2,0.15,0,3.0,0,7849247.0,0.0,20
6227886,0.9843760536082892,20337,20187.107601035175,20368.70930126272,"[(<tree.AND object at 0x7f63569b5f90>, 'L'), (<tree.AND object at 0x7f63569b60b0>, 'L')]",20,1.3,0.5,5,24,0.1,0.07230869985032043,0.21,4.2,0.09,0,2.5,0,20692.0,0.0,20
8007387,0.9994482500351288,7857700,7849165.663294054,7857741.098187936,"[(<tree.SEQ object at 0x7fa24112f880>, 'L'), (<tree.AND object at 0x7fa24112e440>, 'D')]",20,1.3,0.5,5,75,0.1,0.07266387455538881,4.41,4.2,0.16,0,3.0,0,7862079.0,0.0,20
3892301,1.0,13128,12895.902709865775,13128.0,[],20,1.3,0.5,5,46,0.1,0.07550955485026652,1.04,3.75,0.09,0,3.5,0,13128.0,0.0,25
9915657,1.0,2623307,2623247.9708605907,2623307.0,[],20,1.3,0.5,5,115,0.1,0.07620780871863347,18.71,3.75,0.19,0,4.0,0,2623307.0,0.0,25
7768425,1.0000000018950899,6366144186,6366132225.711519,6366144194.064416,"[(<tree.AND object at 0x7fd8c79a6e60>, 'P')]",20,1.3,0.5,5,33,0.1,0.07211085266866613,0.4,3.75,0.12,0,3.0,0,6366144182.0,0.0,25
4376040,0.9999999982385642,6366143927,6366143827.985865,6366143935.786447,"[(<tree.AND object at 0x7efdc1cb3c10>, 'N'), (<tree.AND object at 0x7efdc1cb36d0>, 'O')]",20,1.3,0.5,5,28,0.1,0.07512538834576937,0.26,3.75,0.1,0,2.5,0,6366143947.0,0.0,25
3051504,1.0,6366132268,6366132051.567504,6366132268.0,[],20,1.3,0.5,5,100,0.1,0.08078025356512694,6.53,3.75,0.22,0,4.5,0,6366132268.0,0.0,25
6506646,0.9999992650520303,2623822,2623746.2631846513,2623828.0716214688,[],20,1.3,0.5,5,31,0.1,0.07382723485484853,0.57,3.75,0.09,0,3.0,0,2623830.0,0.0,25
997796,0.9999999981541761,6363521305,6363521118.865177,6363521311.25406,[],20,1.3,0.5,5,122,0.1,0.0725347176698459,9.99,3.75,0.17,0,4.5,0,6363521323.0,0.0,25
3737571,1.0000000002347569,6366144187,6366135910.064758,6366144188.494496,"[(<tree.AND object at 0x7f8f583a21d0>, 'N')]",20,1.3,0.5,5,78,0.1,0.07487812048631978,3.69,3.75,0.21,0,4.0,0,6366144187.0,0.0,25
9621588,0.9999941371844958,2624300,2624207.9758717227,2624304.614096016,[],20,1.3,0.5,5,54,0.1,0.07200535571619393,0.55,3.75,0.1,0,2.0,0,2624320.0,0.0,25
88939,1.0000000069423771,6366132263,6366131645.490055,6366132331.196091,"[(<tree.SEQ object at 0x7f3638e79300>, 'H')]",20,1.3,0.5,5,86,0.1,0.07324273615857954,2.23,3.75,0.18,0,3.5,0,6366132287.0,0.0,25
5150225,1.000000007648253,6366144162,6366133470.950947,6366144226.68988,[],20,1.3,0.5,5,64,0.1,0.07937659550163575,3.9,3.75,0.16,0,3.0,0,6366144178.0,0.0,25
6918838,0.9999892810493547,2612168,122941.15928805718,2612168.0,"[(<tree.SEQ object at 0x7fa4453e5630>, 'Q')]",20,1.3,0.5,5,39,0.1,0.08334531462928799,0.43,3.75,0.1,0,3.0,0,2612196.0,0.0,25
9028354,1.0000000053452178,6363534097,6363533857.061313,6363534152.014476,[],20,1.3,0.5,5,108,0.1,0.08257853770108611,9.69,3.75,0.17,0,3.0,0,6363534118.0,0.0,25
113868,1.0000000001679463,6366132145,6366132145.0,6366132147.069168,[],20,1.3,0.5,5,57,0.1,0.07260680438632969,5.29,3.75,0.17,0,4.5,0,6366132146.0,0.0,25
3655505,1.00000000140757,6366132311,6366131905.4463005,6366132341.960777,"[(<tree.SEQ object at 0x7fcb71183400>, 'Q')]",20,1.3,0.5,5,76,0.1,0.07956554704322595,2.09,3.75,0.13,0,4.5,0,6366132333.0,0.0,25
7161716,0.9999999982275715,6366131877,6365393762.864035,6366131885.716486,[],20,1.3,0.5,5,62,0.1,0.08000167372235768,1.55,3.75,0.11,0,3.5,0,6366131897.0,0.0,25
9414245,1.0000977186433657,2624174,2612582.269477936,2624438.431504985,"[(<tree.SEQ object at 0x7f04e6e647f0>, 'A')]",20,1.3,0.5,5,72,0.1,0.07913545773093346,10.07,3.75,0.23,0,3.0,0,2624182.0,0.0,25
9087855,0.9999923417721472,2623146,2611871.731004358,2623146.9111894183,"[(<tree.AND object at 0x7f90b83533a0>, 'Q')]",20,1.3,0.5,5,56,0.1,0.07711902449962063,2.68,3.75,0.19,0,3.0,0,2623167.0,0.0,25
8744707,1.0,1284,712.0064327948753,1284.0,[],20,1.3,0.5,5,23,0.1,0.08117333740352128,0.13,3.75,0.05,0,2.5,0,1284.0,0.0,25
8086972,0.9999999997462578,6366131992,6366131232.083944,6366132009.384644,[],20,1.3,0.5,5,68,0.1,0.07583277187021498,1.77,3.75,0.11,0,3.0,0,6366132011.0,0.0,25
5950104,0.9999999998286982,6366132511,6366131896.717513,6366132511.909471,[],20,1.3,0.5,5,78,0.1,0.07744255020669621,3.65,3.75,0.13,0,3.0,0,6366132513.0,0.0,25
4718520,0.9999999995525359,6363522277,6363522115.546368,6363522277.152553,[],20,1.3,0.5,5,61,0.1,0.08154660613521866,1.52,3.75,0.09,0,4.0,0,6363522280.0,0.0,25
8661536,0.999997290980509,2611238,2611161.1159914667,2611241.9260755633,[],20,1.3,0.5,5,67,0.1,0.07547319319752704,6.67,3.75,0.14,0,3.5,0,2611249.0,0.0,25
1698179,0.9999917160652613,2623445,2623052.4772437136,2623449.267337447,"[(<tree.SEQ object at 0x7fc059cb8160>, 'O')]",20,1.3,0.5,5,49,0.1,0.07728720816287268,0.71,3.75,0.12,0,3.0,0,2623471.0,0.0,25
8637398,0.9997478580874136,13153,12858.860371965551,13155.682064572276,[],20,1.3,0.5,5,35,0.1,0.07760322383324186,0.37,3.75,0.12,0,3.0,0,13159.0,0.0,25
7197487,1.0000000034698686,6366132843,6366132825.668559,6366132879.089644,[],20,1.3,0.5,5,79,0.1,0.07568316624888788,2.63,3.75,0.17,0,4.0,0,6366132857.0,0.0,25
5503468,0.9999999969123008,6366132820,6366132435.2327585,6366132820.343297,[],20,1.3,0.5,5,162,0.1,0.08108517055629089,18.58,3.75,0.27,0,3.0,0,6366132840.0,0.0,25
9516429,0.9999999994350336,6366144165,6366144057.16998,6366144167.403342,[],20,1.3,0.5,5,26,0.1,0.07450988032600542,0.2,3.75,0.09,0,2.0,0,6366144171.0,0.0,25
4511517,1.0,2611576,2611501.097882602,2611576.0,[],20,1.3,0.5,5,43,0.1,0.07555676865315539,1.99,3.75,0.09,0,3.0,0,2611576.0,0.0,25
4054141,0.9999999982987184,6366132320,6366131847.060719,6366132331.169416,"[(<tree.SEQ object at 0x7fce09057c40>, 'G')]",20,1.3,0.5,5,96,0.1,0.07881861890544756,5.09,3.75,0.21,0,4.0,0,6366132342.0,0.0,25
6740381,0.9999999988310634,6366132786,6366132688.071313,6366132796.558394,"[(<tree.SEQ object at 0x7fca24439570>, 'O')]",20,1.3,0.5,5,45,0.1,0.07836907279814276,0.6,3.75,0.14,0,3.0,0,6366132804.0,0.0,25
869529,0.9999927178706561,2623211,2611557.88777461,2623213.897277995,[],20,1.3,0.5,5,136,0.1,0.07831739876466881,7.39,3.75,0.18,0,3.0,0,2623233.0,0.0,25
8925323,0.9999999990680387,6363521470,6363520928.968985,6363521481.069445,[],20,1.3,0.5,5,44,0.1,0.07947400368037039,0.52,3.75,0.1,0,3.0,0,6363521487.0,0.0,25
4719825,0.9999991466820168,2612109,2611868.005009173,2612110.771037003,[],20,1.3,0.5,5,39,0.1,0.07996141962106476,0.86,3.75,0.09,0,3.0,0,2612113.0,0.0,25
2980324,1.0000000062450212,6366144400,6366143968.26353,6366144427.756706,"[(<tree.AND object at 0x7fcde4e06680>, 'P')]",20,1.3,0.5,5,74,0.1,0.07601024650193111,6.35,3.75,0.11,0,3.0,0,6366144388.0,0.0,25
2169790,0.9999999981614317,6363521553,6363521433.374084,6363521556.300231,[],20,1.3,0.5,5,58,0.1,0.07747012035414969,2.74,3.75,0.08,0,3.0,0,6363521568.0,0.0,25
6997703,1.0000000004250569,6366131865,6366131299.725113,6366131865.705968,"[(<tree.AND object at 0x7f46bb3ebf10>, 'H')]",20,1.3,0.5,5,51,0.1,0.07341661361684806,0.65,3.75,0.13,0,3.0,0,6366131863.0,0.0,25
7745994,1.0,2623899,2623865.7401641086,2623899.0,[],20,1.3,0.5,5,39,0.1,0.0747548605984355,0.68,3.75,0.15,0,3.5,0,2623899.0,0.0,25
6325468,1.0000000002973393,6363533456,6363526720.570957,6363533456.892128,[],20,1.3,0.5,5,49,0.1,0.0759046746318187,1.87,3.75,0.1,0,4.0,0,6363533455.0,0.0,25
1961287,0.9999999980300349,6366144492,6365632923.78398,6366144495.458918,[],20,1.3,0.5,5,97,0.1,0.07662205177814009,15.54,3.75,0.23,0,3.0,0,6366144508.0,0.0,25
6051916,0.9999999973017173,6363521299,6363521140.653394,6363521309.82942,[],20,1.3,0.5,5,69,0.1,0.07391095660764863,2.83,3.75,0.14,0,3.0,0,6363521327.0,0.0,25
7117660,1.000015748914293,2612528,2612379.1035784814,2612531.143881101,[],20,1.3,0.5,5,68,0.1,0.07656916552001738,1.29,3.75,0.14,0,3.0,0,2612490.0,0.0,25
5315998,0.9999999996893111,6366143707,6366132696.301855,6366143707.02211,[],20,1.3,0.5,5,38,0.1,0.07838374744956025,0.47,3.75,0.12,0,3.5,0,6366143709.0,0.0,25
6936958,0.9984575574432372,1856,1583.0381849376668,1873.106377763513,"[(<tree.AND object at 0x7fb3b7a3f8e0>, 'N')]",20,1.3,0.5,5,43,0.1,0.07335164892557418,0.4,3.75,0.11,0,2.0,0,1876.0,0.0,25
6056797,1.0,6366132583,6366132353.123201,6366132583.0,"[(<tree.AND object at 0x7f4e01c6aa10>, 'T')]",20,1.3,0.5,5,51,0.1,0.07696280488437104,1.76,3.75,0.11,0,3.0,0,6366132583.0,0.0,25
1301819,1.0000034001870772,2623604,2623044.903610419,2623612.920744417,[],20,1.3,0.5,5,69,0.1,0.0727020807706323,2.9,3.75,0.13,0,3.5,0,2623604.0,0.0,25
3816508,0.9999930969367744,2611231,2610936.3884116695,2611236.974341637,[],20,1.3,0.5,5,109,0.1,0.07938535276311491,8.61,3.75,0.15,0,3.0,0,2611255.0,0.0,25
6500586,1.0,13191,1698.0260450551004,13191.0,[],20,1.3,0.5,5,33,0.1,0.08017981426934938,0.38,3.75,0.05,0,2.0,0,13191.0,0.0,25
3129584,0.9999999988203897,6363533711,6363533474.61571,6363533711.49351,"[(<tree.AND object at 0x7f86adc3ebf0>, 'I')]",20,1.3,0.5,5,74,0.1,0.07331600973352428,8.18,3.75,0.18,0,3.5,0,6363533719.0,0.0,25
5115833,0.999999997471145,6366144326,6364099718.597281,6366144335.900944,[],20,1.3,0.5,5,33,0.1,0.07800421703072094,2.57,3.75,0.16,0,4.0,0,6366144352.0,0.0,25
5563823,1.0000020368536946,2623708,2612769.291237096,2623725.3441337757,[],20,1.3,0.5,5,105,0.1,0.07927723615815052,20.74,3.75,0.24,0,4.0,0,2623720.0,0.0,25
3621540,1.0,13867,13336.758262320134,13867.0,"[(<tree.AND object at 0x7f2d0d881360>, 'G')]",20,1.3,0.5,5,87,0.1,0.06883066422011455,4.57,3.75,0.11,0,3.5,0,13867.0,0.0,25
7768657,0.9999980332731722,2612173,2611714.879548169,2612173.8625574815,"[(<tree.AND object at 0x7f9974514970>, 'L')]",20,1.3,0.5,5,60,0.1,0.08334882207239531,2.11,3.75,0.12,0,3.0,0,2612179.0,0.0,25
3343270,0.999999997604308,6366144318,6366144210.252302,6366144320.748679,"[(<tree.SEQ object at 0x7fba2917b3a0>, 'H')]",20,1.3,0.5,5,94,0.1,0.08056962235063198,6.71,3.75,0.21,0,3.0,0,6366144336.0,0.0,25
9553107,1.0000000000228795,6366144006,6366134506.898839,6366144007.145654,[],20,1.3,0.5,5,123,0.1,0.07687905838647965,29.64,3.75,0.23,0,3.0,0,6366144007.0,0.0,25
2382702,1.000000004670787,6366143758,6366131607.706515,6366143811.734902,"[(<tree.SEQ object at 0x7f3f72790340>, 'N'), (<tree.SEQ object at 0x7f3f72787fa0>, 'N')]",20,1.3,0.5,5,92,0.1,0.06953641373795454,11.92,3.75,0.19,0,3.5,0,6366143782.0,0.0,25
4385328,0.9999999968925295,6366132168,6366132112.313609,6366132168.217432,[],20,1.3,0.5,5,99,0.1,0.07129113202866807,12.38,3.75,0.15,0,3.0,0,6366132188.0,0.0,25
9619278,0.999999999846037,6363533277,6363532877.685426,6363533277.020251,"[(<tree.AND object at 0x7fae42e06170>, 'H'), (<tree.SEQ object at 0x7fae42e05c30>, 'A')]",20,1.3,0.5,5,35,0.1,0.0827502139587285,0.78,3.75,0.13,0,3.5,0,6363533278.0,0.0,25
8319433,1.0000027991655347,2611683,2611549.6246105246,2611692.3105386393,[],20,1.3,0.5,5,28,0.1,0.08074389733754857,0.43,3.75,0.1,0,3.0,0,2611685.0,0.0,25
